Watching for file changes with StatReloader
/home/pragnakalpl24/Downloads/Django/Django_REST/Food_Delivery_System_Task/food_delivery_system_backend/apps/restaurants/api/v1/serializers/review.py changed, reloading.
Watching for file changes with StatReloader
Not Found: /
Not Found: /favicon.ico
Watching for file changes with StatReloader
/home/pragnakalpl24/Downloads/Django/Django_REST/Food_Delivery_System_Task/food_delivery_system_backend/apps/users/api/v1/views/customer_profile.py changed, reloading.
Watching for file changes with StatReloader
/home/pragnakalpl24/Downloads/Django/Django_REST/Food_Delivery_System_Task/food_delivery_system_backend/apps/users/api/v1/views/customer_profile.py changed, reloading.
Watching for file changes with StatReloader
/home/pragnakalpl24/Downloads/Django/Django_REST/Food_Delivery_System_Task/food_delivery_system_backend/apps/users/api/v1/views/customer_profile.py changed, reloading.
Watching for file changes with StatReloader
/home/pragnakalpl24/Downloads/Django/Django_REST/Food_Delivery_System_Task/food_delivery_system_backend/apps/users/api/v1/views/customer_profile.py changed, reloading.
Watching for file changes with StatReloader
/home/pragnakalpl24/Downloads/Django/Django_REST/Food_Delivery_System_Task/food_delivery_system_backend/apps/users/api/v1/views/customer_profile.py changed, reloading.
Watching for file changes with StatReloader
/home/pragnakalpl24/Downloads/Django/Django_REST/Food_Delivery_System_Task/food_delivery_system_backend/apps/users/api/v1/views/customer_profile.py changed, reloading.
Watching for file changes with StatReloader
/home/pragnakalpl24/Downloads/Django/Django_REST/Food_Delivery_System_Task/food_delivery_system_backend/apps/users/api/v1/views/customer_profile.py changed, reloading.
Watching for file changes with StatReloader
/home/pragnakalpl24/Downloads/Django/Django_REST/Food_Delivery_System_Task/food_delivery_system_backend/apps/users/api/v1/views/customer_profile.py changed, reloading.
Watching for file changes with StatReloader
/home/pragnakalpl24/Downloads/Django/Django_REST/Food_Delivery_System_Task/food_delivery_system_backend/apps/users/api/v1/views/customer_profile.py changed, reloading.
Watching for file changes with StatReloader
/home/pragnakalpl24/Downloads/Django/Django_REST/Food_Delivery_System_Task/food_delivery_system_backend/apps/users/api/v1/views/customer_profile.py changed, reloading.
Watching for file changes with StatReloader
/home/pragnakalpl24/Downloads/Django/Django_REST/Food_Delivery_System_Task/food_delivery_system_backend/apps/users/api/v1/views/customer_profile.py changed, reloading.
Watching for file changes with StatReloader
/home/pragnakalpl24/Downloads/Django/Django_REST/Food_Delivery_System_Task/food_delivery_system_backend/apps/users/api/v1/views/customer_profile.py changed, reloading.
Watching for file changes with StatReloader
/home/pragnakalpl24/Downloads/Django/Django_REST/Food_Delivery_System_Task/food_delivery_system_backend/apps/users/api/v1/views/customer_profile.py changed, reloading.
Watching for file changes with StatReloader
/home/pragnakalpl24/Downloads/Django/Django_REST/Food_Delivery_System_Task/food_delivery_system_backend/apps/users/api/v1/views/customer_profile.py changed, reloading.
Watching for file changes with StatReloader
/home/pragnakalpl24/Downloads/Django/Django_REST/Food_Delivery_System_Task/food_delivery_system_backend/apps/users/api/v1/views/customer_profile.py changed, reloading.
Watching for file changes with StatReloader
/home/pragnakalpl24/Downloads/Django/Django_REST/Food_Delivery_System_Task/food_delivery_system_backend/apps/users/api/v1/views/customer_profile.py changed, reloading.
Watching for file changes with StatReloader
IP: 127.0.0.1 | Exception: Field.__init__() got an unexpected keyword argument 'validate_only' | View: <apps.users.api.v1.views.customer_profile.CustomerProfileViewSet object at 0x70aa5d336a40> | Method: POST | Path: /api/v1/customers/e7389761-dc7e-4a66-a004-91a28e8e9a61/upload-avatar/
Traceback (most recent call last):
  File "/home/pragnakalpl24/.local/lib/python3.10/site-packages/rest_framework/views.py", line 512, in dispatch
    response = handler(request, *args, **kwargs)
  File "/home/pragnakalpl24/Downloads/Django/Django_REST/Food_Delivery_System_Task/food_delivery_system_backend/apps/users/api/v1/views/customer_profile.py", line 161, in upload_avatar
    serializer = self.get_serializer(data=data, validate_only='avatar')
  File "/home/pragnakalpl24/.local/lib/python3.10/site-packages/rest_framework/generics.py", line 114, in get_serializer
    return serializer_class(*args, **kwargs)
  File "/home/pragnakalpl24/.local/lib/python3.10/site-packages/rest_framework/serializers.py", line 121, in __init__
    super().__init__(**kwargs)
TypeError: Field.__init__() got an unexpected keyword argument 'validate_only'
Internal Server Error: /api/v1/customers/e7389761-dc7e-4a66-a004-91a28e8e9a61/upload-avatar/
/home/pragnakalpl24/Downloads/Django/Django_REST/Food_Delivery_System_Task/food_delivery_system_backend/apps/users/api/v1/views/customer_profile.py changed, reloading.
Watching for file changes with StatReloader
IP: 127.0.0.1 | Exception: {'email': [ErrorDetail(string='This field is required.', code='required')], 'phone_number': [ErrorDetail(string='This field is required.', code='required')]} | View: <apps.users.api.v1.views.customer_profile.CustomerProfileViewSet object at 0x7c8706b3ea40> | Method: POST | Path: /api/v1/customers/e7389761-dc7e-4a66-a004-91a28e8e9a61/upload-avatar/
Traceback (most recent call last):
  File "/home/pragnakalpl24/.local/lib/python3.10/site-packages/rest_framework/views.py", line 512, in dispatch
    response = handler(request, *args, **kwargs)
  File "/home/pragnakalpl24/Downloads/Django/Django_REST/Food_Delivery_System_Task/food_delivery_system_backend/apps/users/api/v1/views/customer_profile.py", line 162, in upload_avatar
    serializer.is_valid(raise_exception=True)
  File "/home/pragnakalpl24/.local/lib/python3.10/site-packages/rest_framework/serializers.py", line 233, in is_valid
    raise ValidationError(self.errors)
rest_framework.exceptions.ValidationError: {'email': [ErrorDetail(string='This field is required.', code='required')], 'phone_number': [ErrorDetail(string='This field is required.', code='required')]}
Bad Request: /api/v1/customers/e7389761-dc7e-4a66-a004-91a28e8e9a61/upload-avatar/
/home/pragnakalpl24/Downloads/Django/Django_REST/Food_Delivery_System_Task/food_delivery_system_backend/apps/users/api/v1/views/customer_profile.py changed, reloading.
Watching for file changes with StatReloader
/home/pragnakalpl24/Downloads/Django/Django_REST/Food_Delivery_System_Task/food_delivery_system_backend/apps/users/api/v1/views/customer_profile.py changed, reloading.
Watching for file changes with StatReloader
IP: 127.0.0.1 | Exception: null value in column "user_id" of relation "customer_profiles" violates not-null constraint
DETAIL:  Failing row contains (2026-06-16 05:31:11.462714+00, 2026-06-16 05:31:11.462744+00, e8658659-4d91-43a6-afb6-e4b9af4c27d1, customer_profile_images/Screenshot_from_2026-06-08_10-20-26.png, null, [], 0, 0, null).
 | View: <apps.users.api.v1.views.customer_profile.CustomerProfileViewSet object at 0x722058732a40> | Method: POST | Path: /api/v1/customers/e7389761-dc7e-4a66-a004-91a28e8e9a61/upload-avatar/
Traceback (most recent call last):
  File "/home/pragnakalpl24/.local/lib/python3.10/site-packages/django/db/backends/utils.py", line 105, in _execute
    return self.cursor.execute(sql, params)
psycopg2.errors.NotNullViolation: null value in column "user_id" of relation "customer_profiles" violates not-null constraint
DETAIL:  Failing row contains (2026-06-16 05:31:11.462714+00, 2026-06-16 05:31:11.462744+00, e8658659-4d91-43a6-afb6-e4b9af4c27d1, customer_profile_images/Screenshot_from_2026-06-08_10-20-26.png, null, [], 0, 0, null).


The above exception was the direct cause of the following exception:

Traceback (most recent call last):
  File "/home/pragnakalpl24/.local/lib/python3.10/site-packages/rest_framework/views.py", line 512, in dispatch
    response = handler(request, *args, **kwargs)
  File "/home/pragnakalpl24/Downloads/Django/Django_REST/Food_Delivery_System_Task/food_delivery_system_backend/apps/users/api/v1/views/customer_profile.py", line 163, in upload_avatar
    serializer.save()
  File "/home/pragnakalpl24/.local/lib/python3.10/site-packages/rest_framework/serializers.py", line 210, in save
    self.instance = self.create(validated_data)
  File "/home/pragnakalpl24/.local/lib/python3.10/site-packages/rest_framework/serializers.py", line 991, in create
    instance = ModelClass._default_manager.create(**validated_data)
  File "/home/pragnakalpl24/.local/lib/python3.10/site-packages/django/db/models/manager.py", line 87, in manager_method
    return getattr(self.get_queryset(), name)(*args, **kwargs)
  File "/home/pragnakalpl24/.local/lib/python3.10/site-packages/django/db/models/query.py", line 665, in create
    obj.save(force_insert=True, using=self.db)
  File "/home/pragnakalpl24/.local/lib/python3.10/site-packages/django/db/models/base.py", line 902, in save
    self.save_base(
  File "/home/pragnakalpl24/.local/lib/python3.10/site-packages/django/db/models/base.py", line 1008, in save_base
    updated = self._save_table(
  File "/home/pragnakalpl24/.local/lib/python3.10/site-packages/django/db/models/base.py", line 1169, in _save_table
    results = self._do_insert(
  File "/home/pragnakalpl24/.local/lib/python3.10/site-packages/django/db/models/base.py", line 1210, in _do_insert
    return manager._insert(
  File "/home/pragnakalpl24/.local/lib/python3.10/site-packages/django/db/models/manager.py", line 87, in manager_method
    return getattr(self.get_queryset(), name)(*args, **kwargs)
  File "/home/pragnakalpl24/.local/lib/python3.10/site-packages/django/db/models/query.py", line 1873, in _insert
    return query.get_compiler(using=using).execute_sql(returning_fields)
  File "/home/pragnakalpl24/.local/lib/python3.10/site-packages/django/db/models/sql/compiler.py", line 1882, in execute_sql
    cursor.execute(sql, params)
  File "/home/pragnakalpl24/.local/lib/python3.10/site-packages/django/db/backends/utils.py", line 122, in execute
    return super().execute(sql, params)
  File "/home/pragnakalpl24/.local/lib/python3.10/site-packages/django/db/backends/utils.py", line 79, in execute
    return self._execute_with_wrappers(
  File "/home/pragnakalpl24/.local/lib/python3.10/site-packages/django/db/backends/utils.py", line 92, in _execute_with_wrappers
    return executor(sql, params, many, context)
  File "/home/pragnakalpl24/.local/lib/python3.10/site-packages/django/db/backends/utils.py", line 100, in _execute
    with self.db.wrap_database_errors:
  File "/home/pragnakalpl24/.local/lib/python3.10/site-packages/django/db/utils.py", line 91, in __exit__
    raise dj_exc_value.with_traceback(traceback) from exc_value
  File "/home/pragnakalpl24/.local/lib/python3.10/site-packages/django/db/backends/utils.py", line 105, in _execute
    return self.cursor.execute(sql, params)
django.db.utils.IntegrityError: null value in column "user_id" of relation "customer_profiles" violates not-null constraint
DETAIL:  Failing row contains (2026-06-16 05:31:11.462714+00, 2026-06-16 05:31:11.462744+00, e8658659-4d91-43a6-afb6-e4b9af4c27d1, customer_profile_images/Screenshot_from_2026-06-08_10-20-26.png, null, [], 0, 0, null).

Internal Server Error: /api/v1/customers/e7389761-dc7e-4a66-a004-91a28e8e9a61/upload-avatar/
/home/pragnakalpl24/Downloads/Django/Django_REST/Food_Delivery_System_Task/food_delivery_system_backend/apps/users/api/v1/views/customer_profile.py changed, reloading.
Watching for file changes with StatReloader
IP: 127.0.0.1 | Exception: null value in column "user_id" of relation "customer_profiles" violates not-null constraint
DETAIL:  Failing row contains (2026-06-16 05:32:02.161021+00, 2026-06-16 05:32:02.161047+00, 9159d59a-fd63-4888-9ff0-aeaa8b1b7a93, customer_profile_images/Screenshot_from_2026-06-08_10-20-26_EN5n..., null, [], 0, 0, null).
 | View: <apps.users.api.v1.views.customer_profile.CustomerProfileViewSet object at 0x78c3cb05fee0> | Method: POST | Path: /api/v1/customers/9a63662a-bff5-42eb-af42-ecab2e516da3/upload-avatar/
Traceback (most recent call last):
  File "/home/pragnakalpl24/.local/lib/python3.10/site-packages/django/db/backends/utils.py", line 105, in _execute
    return self.cursor.execute(sql, params)
psycopg2.errors.NotNullViolation: null value in column "user_id" of relation "customer_profiles" violates not-null constraint
DETAIL:  Failing row contains (2026-06-16 05:32:02.161021+00, 2026-06-16 05:32:02.161047+00, 9159d59a-fd63-4888-9ff0-aeaa8b1b7a93, customer_profile_images/Screenshot_from_2026-06-08_10-20-26_EN5n..., null, [], 0, 0, null).


The above exception was the direct cause of the following exception:

Traceback (most recent call last):
  File "/home/pragnakalpl24/.local/lib/python3.10/site-packages/rest_framework/views.py", line 512, in dispatch
    response = handler(request, *args, **kwargs)
  File "/home/pragnakalpl24/Downloads/Django/Django_REST/Food_Delivery_System_Task/food_delivery_system_backend/apps/users/api/v1/views/customer_profile.py", line 163, in upload_avatar
    serializer.save()
  File "/home/pragnakalpl24/.local/lib/python3.10/site-packages/rest_framework/serializers.py", line 210, in save
    self.instance = self.create(validated_data)
  File "/home/pragnakalpl24/.local/lib/python3.10/site-packages/rest_framework/serializers.py", line 991, in create
    instance = ModelClass._default_manager.create(**validated_data)
  File "/home/pragnakalpl24/.local/lib/python3.10/site-packages/django/db/models/manager.py", line 87, in manager_method
    return getattr(self.get_queryset(), name)(*args, **kwargs)
  File "/home/pragnakalpl24/.local/lib/python3.10/site-packages/django/db/models/query.py", line 665, in create
    obj.save(force_insert=True, using=self.db)
  File "/home/pragnakalpl24/.local/lib/python3.10/site-packages/django/db/models/base.py", line 902, in save
    self.save_base(
  File "/home/pragnakalpl24/.local/lib/python3.10/site-packages/django/db/models/base.py", line 1008, in save_base
    updated = self._save_table(
  File "/home/pragnakalpl24/.local/lib/python3.10/site-packages/django/db/models/base.py", line 1169, in _save_table
    results = self._do_insert(
  File "/home/pragnakalpl24/.local/lib/python3.10/site-packages/django/db/models/base.py", line 1210, in _do_insert
    return manager._insert(
  File "/home/pragnakalpl24/.local/lib/python3.10/site-packages/django/db/models/manager.py", line 87, in manager_method
    return getattr(self.get_queryset(), name)(*args, **kwargs)
  File "/home/pragnakalpl24/.local/lib/python3.10/site-packages/django/db/models/query.py", line 1873, in _insert
    return query.get_compiler(using=using).execute_sql(returning_fields)
  File "/home/pragnakalpl24/.local/lib/python3.10/site-packages/django/db/models/sql/compiler.py", line 1882, in execute_sql
    cursor.execute(sql, params)
  File "/home/pragnakalpl24/.local/lib/python3.10/site-packages/django/db/backends/utils.py", line 122, in execute
    return super().execute(sql, params)
  File "/home/pragnakalpl24/.local/lib/python3.10/site-packages/django/db/backends/utils.py", line 79, in execute
    return self._execute_with_wrappers(
  File "/home/pragnakalpl24/.local/lib/python3.10/site-packages/django/db/backends/utils.py", line 92, in _execute_with_wrappers
    return executor(sql, params, many, context)
  File "/home/pragnakalpl24/.local/lib/python3.10/site-packages/django/db/backends/utils.py", line 100, in _execute
    with self.db.wrap_database_errors:
  File "/home/pragnakalpl24/.local/lib/python3.10/site-packages/django/db/utils.py", line 91, in __exit__
    raise dj_exc_value.with_traceback(traceback) from exc_value
  File "/home/pragnakalpl24/.local/lib/python3.10/site-packages/django/db/backends/utils.py", line 105, in _execute
    return self.cursor.execute(sql, params)
django.db.utils.IntegrityError: null value in column "user_id" of relation "customer_profiles" violates not-null constraint
DETAIL:  Failing row contains (2026-06-16 05:32:02.161021+00, 2026-06-16 05:32:02.161047+00, 9159d59a-fd63-4888-9ff0-aeaa8b1b7a93, customer_profile_images/Screenshot_from_2026-06-08_10-20-26_EN5n..., null, [], 0, 0, null).

Internal Server Error: /api/v1/customers/9a63662a-bff5-42eb-af42-ecab2e516da3/upload-avatar/
Watching for file changes with StatReloader
/home/pragnakalpl24/Downloads/Django/Django_REST/Food_Delivery_System_Task/food_delivery_system_backend/apps/users/api/v1/views/driver_profile.py changed, reloading.
Watching for file changes with StatReloader
/home/pragnakalpl24/Downloads/Django/Django_REST/Food_Delivery_System_Task/food_delivery_system_backend/apps/users/api/v1/views/driver_profile.py changed, reloading.
Watching for file changes with StatReloader
/home/pragnakalpl24/Downloads/Django/Django_REST/Food_Delivery_System_Task/food_delivery_system_backend/apps/restaurants/api/v1/views/restaurant.py changed, reloading.
Watching for file changes with StatReloader
/home/pragnakalpl24/Downloads/Django/Django_REST/Food_Delivery_System_Task/food_delivery_system_backend/apps/restaurants/api/v1/views/restaurant.py changed, reloading.
Watching for file changes with StatReloader
/home/pragnakalpl24/Downloads/Django/Django_REST/Food_Delivery_System_Task/food_delivery_system_backend/apps/restaurants/api/v1/views/restaurant.py changed, reloading.
Watching for file changes with StatReloader
/home/pragnakalpl24/Downloads/Django/Django_REST/Food_Delivery_System_Task/food_delivery_system_backend/apps/restaurants/api/v1/views/restaurant.py changed, reloading.
Watching for file changes with StatReloader
/home/pragnakalpl24/Downloads/Django/Django_REST/Food_Delivery_System_Task/food_delivery_system_backend/apps/restaurants/api/v1/views/restaurant.py changed, reloading.
Watching for file changes with StatReloader
/home/pragnakalpl24/Downloads/Django/Django_REST/Food_Delivery_System_Task/food_delivery_system_backend/apps/restaurants/api/v1/views/restaurant.py changed, reloading.
Watching for file changes with StatReloader
/home/pragnakalpl24/Downloads/Django/Django_REST/Food_Delivery_System_Task/food_delivery_system_backend/apps/restaurants/api/v1/views/restaurant.py changed, reloading.
Watching for file changes with StatReloader
/home/pragnakalpl24/Downloads/Django/Django_REST/Food_Delivery_System_Task/food_delivery_system_backend/apps/restaurants/api/v1/views/restaurant.py changed, reloading.
Watching for file changes with StatReloader
/home/pragnakalpl24/Downloads/Django/Django_REST/Food_Delivery_System_Task/food_delivery_system_backend/apps/restaurants/api/v1/views/restaurant.py changed, reloading.
Watching for file changes with StatReloader
/home/pragnakalpl24/Downloads/Django/Django_REST/Food_Delivery_System_Task/food_delivery_system_backend/apps/restaurants/api/v1/views/restaurant.py changed, reloading.
Watching for file changes with StatReloader
/home/pragnakalpl24/Downloads/Django/Django_REST/Food_Delivery_System_Task/food_delivery_system_backend/apps/restaurants/api/v1/views/restaurant.py changed, reloading.
Watching for file changes with StatReloader
/home/pragnakalpl24/Downloads/Django/Django_REST/Food_Delivery_System_Task/food_delivery_system_backend/apps/restaurants/api/v1/views/restaurant.py changed, reloading.
Watching for file changes with StatReloader
/home/pragnakalpl24/Downloads/Django/Django_REST/Food_Delivery_System_Task/food_delivery_system_backend/apps/restaurants/api/v1/views/restaurant.py changed, reloading.
Watching for file changes with StatReloader
/home/pragnakalpl24/Downloads/Django/Django_REST/Food_Delivery_System_Task/food_delivery_system_backend/apps/restaurants/api/v1/views/restaurant.py changed, reloading.
Watching for file changes with StatReloader
/home/pragnakalpl24/Downloads/Django/Django_REST/Food_Delivery_System_Task/food_delivery_system_backend/apps/restaurants/api/v1/views/restaurant.py changed, reloading.
Watching for file changes with StatReloader
/home/pragnakalpl24/Downloads/Django/Django_REST/Food_Delivery_System_Task/food_delivery_system_backend/apps/restaurants/api/v1/views/restaurant.py changed, reloading.
Watching for file changes with StatReloader
/home/pragnakalpl24/Downloads/Django/Django_REST/Food_Delivery_System_Task/food_delivery_system_backend/apps/restaurants/api/v1/views/restaurant.py changed, reloading.
Watching for file changes with StatReloader
/home/pragnakalpl24/Downloads/Django/Django_REST/Food_Delivery_System_Task/food_delivery_system_backend/apps/restaurants/api/v1/views/restaurant.py changed, reloading.
Watching for file changes with StatReloader
/home/pragnakalpl24/Downloads/Django/Django_REST/Food_Delivery_System_Task/food_delivery_system_backend/apps/restaurants/api/v1/views/restaurant.py changed, reloading.
Watching for file changes with StatReloader
/home/pragnakalpl24/Downloads/Django/Django_REST/Food_Delivery_System_Task/food_delivery_system_backend/apps/restaurants/api/v1/views/restaurant.py changed, reloading.
Watching for file changes with StatReloader
/home/pragnakalpl24/Downloads/Django/Django_REST/Food_Delivery_System_Task/food_delivery_system_backend/apps/restaurants/api/v1/views/restaurant.py changed, reloading.
Watching for file changes with StatReloader
/home/pragnakalpl24/Downloads/Django/Django_REST/Food_Delivery_System_Task/food_delivery_system_backend/apps/restaurants/api/v1/views/restaurant.py changed, reloading.
Watching for file changes with StatReloader
/home/pragnakalpl24/Downloads/Django/Django_REST/Food_Delivery_System_Task/food_delivery_system_backend/apps/restaurants/api/v1/views/restaurant.py changed, reloading.
Watching for file changes with StatReloader
/home/pragnakalpl24/Downloads/Django/Django_REST/Food_Delivery_System_Task/food_delivery_system_backend/apps/restaurants/api/v1/views/restaurant.py changed, reloading.
Watching for file changes with StatReloader
/home/pragnakalpl24/Downloads/Django/Django_REST/Food_Delivery_System_Task/food_delivery_system_backend/apps/restaurants/api/v1/views/restaurant.py changed, reloading.
Watching for file changes with StatReloader
/home/pragnakalpl24/Downloads/Django/Django_REST/Food_Delivery_System_Task/food_delivery_system_backend/apps/restaurants/api/v1/views/restaurant.py changed, reloading.
Watching for file changes with StatReloader
/home/pragnakalpl24/Downloads/Django/Django_REST/Food_Delivery_System_Task/food_delivery_system_backend/apps/restaurants/api/v1/views/restaurant.py changed, reloading.
Watching for file changes with StatReloader
/home/pragnakalpl24/Downloads/Django/Django_REST/Food_Delivery_System_Task/food_delivery_system_backend/apps/restaurants/api/v1/views/restaurant.py changed, reloading.
Watching for file changes with StatReloader
/home/pragnakalpl24/Downloads/Django/Django_REST/Food_Delivery_System_Task/food_delivery_system_backend/apps/restaurants/api/v1/views/restaurant.py changed, reloading.
Watching for file changes with StatReloader
/home/pragnakalpl24/Downloads/Django/Django_REST/Food_Delivery_System_Task/food_delivery_system_backend/apps/restaurants/api/v1/views/restaurant.py changed, reloading.
Watching for file changes with StatReloader
/home/pragnakalpl24/Downloads/Django/Django_REST/Food_Delivery_System_Task/food_delivery_system_backend/apps/restaurants/api/v1/views/restaurant.py changed, reloading.
Watching for file changes with StatReloader
/home/pragnakalpl24/Downloads/Django/Django_REST/Food_Delivery_System_Task/food_delivery_system_backend/apps/restaurants/api/v1/views/restaurant.py changed, reloading.
Watching for file changes with StatReloader
/home/pragnakalpl24/Downloads/Django/Django_REST/Food_Delivery_System_Task/food_delivery_system_backend/apps/users/api/v1/views/customer_profile.py changed, reloading.
Watching for file changes with StatReloader
/home/pragnakalpl24/Downloads/Django/Django_REST/Food_Delivery_System_Task/food_delivery_system_backend/apps/restaurants/api/v1/views/restaurant.py changed, reloading.
Watching for file changes with StatReloader
/home/pragnakalpl24/Downloads/Django/Django_REST/Food_Delivery_System_Task/food_delivery_system_backend/apps/restaurants/api/v1/views/restaurant.py changed, reloading.
Watching for file changes with StatReloader
/home/pragnakalpl24/Downloads/Django/Django_REST/Food_Delivery_System_Task/food_delivery_system_backend/apps/restaurants/api/v1/views/restaurant.py changed, reloading.
Watching for file changes with StatReloader
/home/pragnakalpl24/Downloads/Django/Django_REST/Food_Delivery_System_Task/food_delivery_system_backend/apps/users/api/v1/views/driver_profile.py changed, reloading.
Watching for file changes with StatReloader
/home/pragnakalpl24/Downloads/Django/Django_REST/Food_Delivery_System_Task/food_delivery_system_backend/apps/users/api/v1/views/driver_profile.py changed, reloading.
Watching for file changes with StatReloader
Watching for file changes with StatReloader
/home/pragnakalpl24/Downloads/Django/Django_REST/Food_Delivery_System_Task/food_delivery_system_backend/apps/users/api/v1/views/customer_profile.py changed, reloading.
Watching for file changes with StatReloader
/home/pragnakalpl24/Downloads/Django/Django_REST/Food_Delivery_System_Task/food_delivery_system_backend/apps/users/api/v1/views/customer_profile.py changed, reloading.
Watching for file changes with StatReloader
/home/pragnakalpl24/Downloads/Django/Django_REST/Food_Delivery_System_Task/food_delivery_system_backend/apps/users/api/v1/views/customer_profile.py changed, reloading.
Watching for file changes with StatReloader
/home/pragnakalpl24/Downloads/Django/Django_REST/Food_Delivery_System_Task/food_delivery_system_backend/apps/users/api/v1/views/customer_profile.py changed, reloading.
Watching for file changes with StatReloader
/home/pragnakalpl24/Downloads/Django/Django_REST/Food_Delivery_System_Task/food_delivery_system_backend/apps/users/api/v1/views/customer_profile.py changed, reloading.
Watching for file changes with StatReloader
Watching for file changes with StatReloader
Watching for file changes with StatReloader
Not Found: /
Not Found: /favicon.ico
IP: 127.0.0.1 | Exception: Authentication credentials were not provided. | View: <apps.orders.api.v1.views.cart.CartViewSet object at 0x000002B486DB3650> | Method: GET | Path: /api/v1/carts/get-cart/
Traceback (most recent call last):
  File "E:\Training\next_js_task\Django_REST\Food_Delivery_System_Task\food_delivery_system_backend\env_task\Lib\site-packages\rest_framework\views.py", line 503, in dispatch
    self.initial(request, *args, **kwargs)
  File "E:\Training\next_js_task\Django_REST\Food_Delivery_System_Task\food_delivery_system_backend\env_task\Lib\site-packages\rest_framework\views.py", line 421, in initial
    self.check_permissions(request)
  File "E:\Training\next_js_task\Django_REST\Food_Delivery_System_Task\food_delivery_system_backend\env_task\Lib\site-packages\rest_framework\views.py", line 339, in check_permissions
    self.permission_denied(
  File "E:\Training\next_js_task\Django_REST\Food_Delivery_System_Task\food_delivery_system_backend\env_task\Lib\site-packages\rest_framework\views.py", line 180, in permission_denied
    raise exceptions.NotAuthenticated()
rest_framework.exceptions.NotAuthenticated: Authentication credentials were not provided.
Internal Server Error: /api/v1/carts/get-cart/
IP: 127.0.0.1 | Exception: Authentication credentials were not provided. | View: <apps.orders.api.v1.views.cart.CartViewSet object at 0x000002B4872C9820> | Method: GET | Path: /api/v1/carts/get-cart/
Traceback (most recent call last):
  File "E:\Training\next_js_task\Django_REST\Food_Delivery_System_Task\food_delivery_system_backend\env_task\Lib\site-packages\rest_framework\views.py", line 503, in dispatch
    self.initial(request, *args, **kwargs)
  File "E:\Training\next_js_task\Django_REST\Food_Delivery_System_Task\food_delivery_system_backend\env_task\Lib\site-packages\rest_framework\views.py", line 421, in initial
    self.check_permissions(request)
  File "E:\Training\next_js_task\Django_REST\Food_Delivery_System_Task\food_delivery_system_backend\env_task\Lib\site-packages\rest_framework\views.py", line 339, in check_permissions
    self.permission_denied(
  File "E:\Training\next_js_task\Django_REST\Food_Delivery_System_Task\food_delivery_system_backend\env_task\Lib\site-packages\rest_framework\views.py", line 180, in permission_denied
    raise exceptions.NotAuthenticated()
rest_framework.exceptions.NotAuthenticated: Authentication credentials were not provided.
Internal Server Error: /api/v1/carts/get-cart/
IP: 127.0.0.1 | Exception: Authentication credentials were not provided. | View: <apps.orders.api.v1.views.cart.CartViewSet object at 0x000002B4872ECE00> | Method: GET | Path: /api/v1/carts/get-cart/
Traceback (most recent call last):
  File "E:\Training\next_js_task\Django_REST\Food_Delivery_System_Task\food_delivery_system_backend\env_task\Lib\site-packages\rest_framework\views.py", line 503, in dispatch
    self.initial(request, *args, **kwargs)
  File "E:\Training\next_js_task\Django_REST\Food_Delivery_System_Task\food_delivery_system_backend\env_task\Lib\site-packages\rest_framework\views.py", line 421, in initial
    self.check_permissions(request)
  File "E:\Training\next_js_task\Django_REST\Food_Delivery_System_Task\food_delivery_system_backend\env_task\Lib\site-packages\rest_framework\views.py", line 339, in check_permissions
    self.permission_denied(
  File "E:\Training\next_js_task\Django_REST\Food_Delivery_System_Task\food_delivery_system_backend\env_task\Lib\site-packages\rest_framework\views.py", line 180, in permission_denied
    raise exceptions.NotAuthenticated()
rest_framework.exceptions.NotAuthenticated: Authentication credentials were not provided.
Internal Server Error: /api/v1/carts/get-cart/
E:\Training\next_js_task\Django_REST\Food_Delivery_System_Task\food_delivery_system_backend\apps\users\api\v1\views\customer_profile.py changed, reloading.
Watching for file changes with StatReloader
E:\Training\next_js_task\Django_REST\Food_Delivery_System_Task\food_delivery_system_backend\apps\users\api\v1\views\customer_profile.py changed, reloading.
Watching for file changes with StatReloader
E:\Training\next_js_task\Django_REST\Food_Delivery_System_Task\food_delivery_system_backend\apps\users\api\v1\views\customer_profile.py changed, reloading.
Watching for file changes with StatReloader
E:\Training\next_js_task\Django_REST\Food_Delivery_System_Task\food_delivery_system_backend\apps\users\api\v1\views\customer_profile.py changed, reloading.
Watching for file changes with StatReloader
IP: 127.0.0.1 | Exception: Authentication credentials were not provided. | View: <apps.orders.api.v1.views.cart.CartViewSet object at 0x000001FAE7ABE030> | Method: GET | Path: /api/v1/carts/get-cart/
Traceback (most recent call last):
  File "E:\Training\next_js_task\Django_REST\Food_Delivery_System_Task\food_delivery_system_backend\env_task\Lib\site-packages\rest_framework\views.py", line 503, in dispatch
    self.initial(request, *args, **kwargs)
  File "E:\Training\next_js_task\Django_REST\Food_Delivery_System_Task\food_delivery_system_backend\env_task\Lib\site-packages\rest_framework\views.py", line 421, in initial
    self.check_permissions(request)
  File "E:\Training\next_js_task\Django_REST\Food_Delivery_System_Task\food_delivery_system_backend\env_task\Lib\site-packages\rest_framework\views.py", line 339, in check_permissions
    self.permission_denied(
  File "E:\Training\next_js_task\Django_REST\Food_Delivery_System_Task\food_delivery_system_backend\env_task\Lib\site-packages\rest_framework\views.py", line 180, in permission_denied
    raise exceptions.NotAuthenticated()
rest_framework.exceptions.NotAuthenticated: Authentication credentials were not provided.
Internal Server Error: /api/v1/carts/get-cart/
E:\Training\next_js_task\Django_REST\Food_Delivery_System_Task\food_delivery_system_backend\apps\orders\models.py changed, reloading.
Watching for file changes with StatReloader
E:\Training\next_js_task\Django_REST\Food_Delivery_System_Task\food_delivery_system_backend\apps\orders\models.py changed, reloading.
Watching for file changes with StatReloader
E:\Training\next_js_task\Django_REST\Food_Delivery_System_Task\food_delivery_system_backend\apps\orders\models.py changed, reloading.
Watching for file changes with StatReloader
E:\Training\next_js_task\Django_REST\Food_Delivery_System_Task\food_delivery_system_backend\apps\orders\models.py changed, reloading.
Watching for file changes with StatReloader
IP: 127.0.0.1 | Exception: {'detail': ErrorDetail(string='Given token not valid for any token type', code='token_not_valid'), 'code': ErrorDetail(string='token_not_valid', code='token_not_valid'), 'messages': [{'token_class': ErrorDetail(string='AccessToken', code='token_not_valid'), 'token_type': ErrorDetail(string='access', code='token_not_valid'), 'message': ErrorDetail(string='Token is expired', code='token_not_valid')}]} | View: <apps.orders.api.v1.views.cart.CartViewSet object at 0x0000026BC360E9F0> | Method: GET | Path: /api/v1/carts/get-cart/
Traceback (most recent call last):
  File "E:\Training\next_js_task\Django_REST\Food_Delivery_System_Task\food_delivery_system_backend\env_task\Lib\site-packages\rest_framework\views.py", line 503, in dispatch
    self.initial(request, *args, **kwargs)
  File "E:\Training\next_js_task\Django_REST\Food_Delivery_System_Task\food_delivery_system_backend\env_task\Lib\site-packages\rest_framework\views.py", line 420, in initial
    self.perform_authentication(request)
  File "E:\Training\next_js_task\Django_REST\Food_Delivery_System_Task\food_delivery_system_backend\env_task\Lib\site-packages\rest_framework\views.py", line 330, in perform_authentication
    request.user
  File "E:\Training\next_js_task\Django_REST\Food_Delivery_System_Task\food_delivery_system_backend\env_task\Lib\site-packages\rest_framework\request.py", line 232, in user
    self._authenticate()
  File "E:\Training\next_js_task\Django_REST\Food_Delivery_System_Task\food_delivery_system_backend\env_task\Lib\site-packages\rest_framework\request.py", line 385, in _authenticate
    user_auth_tuple = authenticator.authenticate(self)
                      ^^^^^^^^^^^^^^^^^^^^^^^^^^^^^^^^
  File "E:\Training\next_js_task\Django_REST\Food_Delivery_System_Task\food_delivery_system_backend\env_task\Lib\site-packages\rest_framework_simplejwt\authentication.py", line 49, in authenticate
    validated_token = self.get_validated_token(raw_token)
                      ^^^^^^^^^^^^^^^^^^^^^^^^^^^^^^^^^^^
  File "E:\Training\next_js_task\Django_REST\Food_Delivery_System_Task\food_delivery_system_backend\env_task\Lib\site-packages\rest_framework_simplejwt\authentication.py", line 113, in get_validated_token
    raise InvalidToken(
rest_framework_simplejwt.exceptions.InvalidToken: {'detail': ErrorDetail(string='Given token not valid for any token type', code='token_not_valid'), 'code': ErrorDetail(string='token_not_valid', code='token_not_valid'), 'messages': [{'token_class': ErrorDetail(string='AccessToken', code='token_not_valid'), 'token_type': ErrorDetail(string='access', code='token_not_valid'), 'message': ErrorDetail(string='Token is expired', code='token_not_valid')}]}
Internal Server Error: /api/v1/carts/get-cart/
E:\Training\next_js_task\Django_REST\Food_Delivery_System_Task\food_delivery_system_backend\apps\orders\models.py changed, reloading.
Watching for file changes with StatReloader
E:\Training\next_js_task\Django_REST\Food_Delivery_System_Task\food_delivery_system_backend\apps\orders\models.py changed, reloading.
Watching for file changes with StatReloader
E:\Training\next_js_task\Django_REST\Food_Delivery_System_Task\food_delivery_system_backend\apps\orders\models.py changed, reloading.
Watching for file changes with StatReloader
E:\Training\next_js_task\Django_REST\Food_Delivery_System_Task\food_delivery_system_backend\apps\orders\models.py changed, reloading.
Watching for file changes with StatReloader
E:\Training\next_js_task\Django_REST\Food_Delivery_System_Task\food_delivery_system_backend\apps\orders\models.py changed, reloading.
Watching for file changes with StatReloader
E:\Training\next_js_task\Django_REST\Food_Delivery_System_Task\food_delivery_system_backend\apps\orders\models.py changed, reloading.
Watching for file changes with StatReloader
E:\Training\next_js_task\Django_REST\Food_Delivery_System_Task\food_delivery_system_backend\apps\orders\models.py changed, reloading.
Watching for file changes with StatReloader
E:\Training\next_js_task\Django_REST\Food_Delivery_System_Task\food_delivery_system_backend\apps\orders\models.py changed, reloading.
Watching for file changes with StatReloader
E:\Training\next_js_task\Django_REST\Food_Delivery_System_Task\food_delivery_system_backend\apps\orders\models.py changed, reloading.
Watching for file changes with StatReloader
IP: 127.0.0.1 | Exception: {'detail': ErrorDetail(string='Given token not valid for any token type', code='token_not_valid'), 'code': ErrorDetail(string='token_not_valid', code='token_not_valid'), 'messages': [{'token_class': ErrorDetail(string='AccessToken', code='token_not_valid'), 'token_type': ErrorDetail(string='access', code='token_not_valid'), 'message': ErrorDetail(string='Token is expired', code='token_not_valid')}]} | View: <apps.orders.api.v1.views.cart.CartViewSet object at 0x000001ED97823320> | Method: GET | Path: /api/v1/carts/get-cart/
Traceback (most recent call last):
  File "E:\Training\next_js_task\Django_REST\Food_Delivery_System_Task\food_delivery_system_backend\env_task\Lib\site-packages\rest_framework\views.py", line 503, in dispatch
    self.initial(request, *args, **kwargs)
  File "E:\Training\next_js_task\Django_REST\Food_Delivery_System_Task\food_delivery_system_backend\env_task\Lib\site-packages\rest_framework\views.py", line 420, in initial
    self.perform_authentication(request)
  File "E:\Training\next_js_task\Django_REST\Food_Delivery_System_Task\food_delivery_system_backend\env_task\Lib\site-packages\rest_framework\views.py", line 330, in perform_authentication
    request.user
  File "E:\Training\next_js_task\Django_REST\Food_Delivery_System_Task\food_delivery_system_backend\env_task\Lib\site-packages\rest_framework\request.py", line 232, in user
    self._authenticate()
  File "E:\Training\next_js_task\Django_REST\Food_Delivery_System_Task\food_delivery_system_backend\env_task\Lib\site-packages\rest_framework\request.py", line 385, in _authenticate
    user_auth_tuple = authenticator.authenticate(self)
                      ^^^^^^^^^^^^^^^^^^^^^^^^^^^^^^^^
  File "E:\Training\next_js_task\Django_REST\Food_Delivery_System_Task\food_delivery_system_backend\env_task\Lib\site-packages\rest_framework_simplejwt\authentication.py", line 49, in authenticate
    validated_token = self.get_validated_token(raw_token)
                      ^^^^^^^^^^^^^^^^^^^^^^^^^^^^^^^^^^^
  File "E:\Training\next_js_task\Django_REST\Food_Delivery_System_Task\food_delivery_system_backend\env_task\Lib\site-packages\rest_framework_simplejwt\authentication.py", line 113, in get_validated_token
    raise InvalidToken(
rest_framework_simplejwt.exceptions.InvalidToken: {'detail': ErrorDetail(string='Given token not valid for any token type', code='token_not_valid'), 'code': ErrorDetail(string='token_not_valid', code='token_not_valid'), 'messages': [{'token_class': ErrorDetail(string='AccessToken', code='token_not_valid'), 'token_type': ErrorDetail(string='access', code='token_not_valid'), 'message': ErrorDetail(string='Token is expired', code='token_not_valid')}]}
Internal Server Error: /api/v1/carts/get-cart/
IP: 127.0.0.1 | Exception: {'detail': ErrorDetail(string='Given token not valid for any token type', code='token_not_valid'), 'code': ErrorDetail(string='token_not_valid', code='token_not_valid'), 'messages': [{'token_class': ErrorDetail(string='AccessToken', code='token_not_valid'), 'token_type': ErrorDetail(string='access', code='token_not_valid'), 'message': ErrorDetail(string='Token is expired', code='token_not_valid')}]} | View: <apps.orders.api.v1.views.cart.CartViewSet object at 0x000001ED97AD8410> | Method: GET | Path: /api/v1/carts/get-cart/
Traceback (most recent call last):
  File "E:\Training\next_js_task\Django_REST\Food_Delivery_System_Task\food_delivery_system_backend\env_task\Lib\site-packages\rest_framework\views.py", line 503, in dispatch
    self.initial(request, *args, **kwargs)
  File "E:\Training\next_js_task\Django_REST\Food_Delivery_System_Task\food_delivery_system_backend\env_task\Lib\site-packages\rest_framework\views.py", line 420, in initial
    self.perform_authentication(request)
  File "E:\Training\next_js_task\Django_REST\Food_Delivery_System_Task\food_delivery_system_backend\env_task\Lib\site-packages\rest_framework\views.py", line 330, in perform_authentication
    request.user
  File "E:\Training\next_js_task\Django_REST\Food_Delivery_System_Task\food_delivery_system_backend\env_task\Lib\site-packages\rest_framework\request.py", line 232, in user
    self._authenticate()
  File "E:\Training\next_js_task\Django_REST\Food_Delivery_System_Task\food_delivery_system_backend\env_task\Lib\site-packages\rest_framework\request.py", line 385, in _authenticate
    user_auth_tuple = authenticator.authenticate(self)
                      ^^^^^^^^^^^^^^^^^^^^^^^^^^^^^^^^
  File "E:\Training\next_js_task\Django_REST\Food_Delivery_System_Task\food_delivery_system_backend\env_task\Lib\site-packages\rest_framework_simplejwt\authentication.py", line 49, in authenticate
    validated_token = self.get_validated_token(raw_token)
                      ^^^^^^^^^^^^^^^^^^^^^^^^^^^^^^^^^^^
  File "E:\Training\next_js_task\Django_REST\Food_Delivery_System_Task\food_delivery_system_backend\env_task\Lib\site-packages\rest_framework_simplejwt\authentication.py", line 113, in get_validated_token
    raise InvalidToken(
rest_framework_simplejwt.exceptions.InvalidToken: {'detail': ErrorDetail(string='Given token not valid for any token type', code='token_not_valid'), 'code': ErrorDetail(string='token_not_valid', code='token_not_valid'), 'messages': [{'token_class': ErrorDetail(string='AccessToken', code='token_not_valid'), 'token_type': ErrorDetail(string='access', code='token_not_valid'), 'message': ErrorDetail(string='Token is expired', code='token_not_valid')}]}
Internal Server Error: /api/v1/carts/get-cart/
IP: 127.0.0.1 | Exception: {'detail': ErrorDetail(string='Given token not valid for any token type', code='token_not_valid'), 'code': ErrorDetail(string='token_not_valid', code='token_not_valid'), 'messages': [{'token_class': ErrorDetail(string='AccessToken', code='token_not_valid'), 'token_type': ErrorDetail(string='access', code='token_not_valid'), 'message': ErrorDetail(string='Token is expired', code='token_not_valid')}]} | View: <apps.orders.api.v1.views.cart.CartViewSet object at 0x000001ED97A024B0> | Method: GET | Path: /api/v1/carts/get-cart/
Traceback (most recent call last):
  File "E:\Training\next_js_task\Django_REST\Food_Delivery_System_Task\food_delivery_system_backend\env_task\Lib\site-packages\rest_framework\views.py", line 503, in dispatch
    self.initial(request, *args, **kwargs)
  File "E:\Training\next_js_task\Django_REST\Food_Delivery_System_Task\food_delivery_system_backend\env_task\Lib\site-packages\rest_framework\views.py", line 420, in initial
    self.perform_authentication(request)
  File "E:\Training\next_js_task\Django_REST\Food_Delivery_System_Task\food_delivery_system_backend\env_task\Lib\site-packages\rest_framework\views.py", line 330, in perform_authentication
    request.user
  File "E:\Training\next_js_task\Django_REST\Food_Delivery_System_Task\food_delivery_system_backend\env_task\Lib\site-packages\rest_framework\request.py", line 232, in user
    self._authenticate()
  File "E:\Training\next_js_task\Django_REST\Food_Delivery_System_Task\food_delivery_system_backend\env_task\Lib\site-packages\rest_framework\request.py", line 385, in _authenticate
    user_auth_tuple = authenticator.authenticate(self)
                      ^^^^^^^^^^^^^^^^^^^^^^^^^^^^^^^^
  File "E:\Training\next_js_task\Django_REST\Food_Delivery_System_Task\food_delivery_system_backend\env_task\Lib\site-packages\rest_framework_simplejwt\authentication.py", line 49, in authenticate
    validated_token = self.get_validated_token(raw_token)
                      ^^^^^^^^^^^^^^^^^^^^^^^^^^^^^^^^^^^
  File "E:\Training\next_js_task\Django_REST\Food_Delivery_System_Task\food_delivery_system_backend\env_task\Lib\site-packages\rest_framework_simplejwt\authentication.py", line 113, in get_validated_token
    raise InvalidToken(
rest_framework_simplejwt.exceptions.InvalidToken: {'detail': ErrorDetail(string='Given token not valid for any token type', code='token_not_valid'), 'code': ErrorDetail(string='token_not_valid', code='token_not_valid'), 'messages': [{'token_class': ErrorDetail(string='AccessToken', code='token_not_valid'), 'token_type': ErrorDetail(string='access', code='token_not_valid'), 'message': ErrorDetail(string='Token is expired', code='token_not_valid')}]}
Internal Server Error: /api/v1/carts/get-cart/
IP: 127.0.0.1 | Exception: {'detail': ErrorDetail(string='Given token not valid for any token type', code='token_not_valid'), 'code': ErrorDetail(string='token_not_valid', code='token_not_valid'), 'messages': [{'token_class': ErrorDetail(string='AccessToken', code='token_not_valid'), 'token_type': ErrorDetail(string='access', code='token_not_valid'), 'message': ErrorDetail(string='Token is expired', code='token_not_valid')}]} | View: <apps.orders.api.v1.views.cart.CartViewSet object at 0x000001ED97A03AA0> | Method: GET | Path: /api/v1/carts/get-cart/
Traceback (most recent call last):
  File "E:\Training\next_js_task\Django_REST\Food_Delivery_System_Task\food_delivery_system_backend\env_task\Lib\site-packages\rest_framework\views.py", line 503, in dispatch
    self.initial(request, *args, **kwargs)
  File "E:\Training\next_js_task\Django_REST\Food_Delivery_System_Task\food_delivery_system_backend\env_task\Lib\site-packages\rest_framework\views.py", line 420, in initial
    self.perform_authentication(request)
  File "E:\Training\next_js_task\Django_REST\Food_Delivery_System_Task\food_delivery_system_backend\env_task\Lib\site-packages\rest_framework\views.py", line 330, in perform_authentication
    request.user
  File "E:\Training\next_js_task\Django_REST\Food_Delivery_System_Task\food_delivery_system_backend\env_task\Lib\site-packages\rest_framework\request.py", line 232, in user
    self._authenticate()
  File "E:\Training\next_js_task\Django_REST\Food_Delivery_System_Task\food_delivery_system_backend\env_task\Lib\site-packages\rest_framework\request.py", line 385, in _authenticate
    user_auth_tuple = authenticator.authenticate(self)
                      ^^^^^^^^^^^^^^^^^^^^^^^^^^^^^^^^
  File "E:\Training\next_js_task\Django_REST\Food_Delivery_System_Task\food_delivery_system_backend\env_task\Lib\site-packages\rest_framework_simplejwt\authentication.py", line 49, in authenticate
    validated_token = self.get_validated_token(raw_token)
                      ^^^^^^^^^^^^^^^^^^^^^^^^^^^^^^^^^^^
  File "E:\Training\next_js_task\Django_REST\Food_Delivery_System_Task\food_delivery_system_backend\env_task\Lib\site-packages\rest_framework_simplejwt\authentication.py", line 113, in get_validated_token
    raise InvalidToken(
rest_framework_simplejwt.exceptions.InvalidToken: {'detail': ErrorDetail(string='Given token not valid for any token type', code='token_not_valid'), 'code': ErrorDetail(string='token_not_valid', code='token_not_valid'), 'messages': [{'token_class': ErrorDetail(string='AccessToken', code='token_not_valid'), 'token_type': ErrorDetail(string='access', code='token_not_valid'), 'message': ErrorDetail(string='Token is expired', code='token_not_valid')}]}
Internal Server Error: /api/v1/carts/get-cart/
IP: 127.0.0.1 | Exception: {'detail': ErrorDetail(string='Given token not valid for any token type', code='token_not_valid'), 'code': ErrorDetail(string='token_not_valid', code='token_not_valid'), 'messages': [{'token_class': ErrorDetail(string='AccessToken', code='token_not_valid'), 'token_type': ErrorDetail(string='access', code='token_not_valid'), 'message': ErrorDetail(string='Token is expired', code='token_not_valid')}]} | View: <apps.orders.api.v1.views.cart.CartViewSet object at 0x000001ED97A00740> | Method: GET | Path: /api/v1/carts/get-cart/
Traceback (most recent call last):
  File "E:\Training\next_js_task\Django_REST\Food_Delivery_System_Task\food_delivery_system_backend\env_task\Lib\site-packages\rest_framework\views.py", line 503, in dispatch
    self.initial(request, *args, **kwargs)
  File "E:\Training\next_js_task\Django_REST\Food_Delivery_System_Task\food_delivery_system_backend\env_task\Lib\site-packages\rest_framework\views.py", line 420, in initial
    self.perform_authentication(request)
  File "E:\Training\next_js_task\Django_REST\Food_Delivery_System_Task\food_delivery_system_backend\env_task\Lib\site-packages\rest_framework\views.py", line 330, in perform_authentication
    request.user
  File "E:\Training\next_js_task\Django_REST\Food_Delivery_System_Task\food_delivery_system_backend\env_task\Lib\site-packages\rest_framework\request.py", line 232, in user
    self._authenticate()
  File "E:\Training\next_js_task\Django_REST\Food_Delivery_System_Task\food_delivery_system_backend\env_task\Lib\site-packages\rest_framework\request.py", line 385, in _authenticate
    user_auth_tuple = authenticator.authenticate(self)
                      ^^^^^^^^^^^^^^^^^^^^^^^^^^^^^^^^
  File "E:\Training\next_js_task\Django_REST\Food_Delivery_System_Task\food_delivery_system_backend\env_task\Lib\site-packages\rest_framework_simplejwt\authentication.py", line 49, in authenticate
    validated_token = self.get_validated_token(raw_token)
                      ^^^^^^^^^^^^^^^^^^^^^^^^^^^^^^^^^^^
  File "E:\Training\next_js_task\Django_REST\Food_Delivery_System_Task\food_delivery_system_backend\env_task\Lib\site-packages\rest_framework_simplejwt\authentication.py", line 113, in get_validated_token
    raise InvalidToken(
rest_framework_simplejwt.exceptions.InvalidToken: {'detail': ErrorDetail(string='Given token not valid for any token type', code='token_not_valid'), 'code': ErrorDetail(string='token_not_valid', code='token_not_valid'), 'messages': [{'token_class': ErrorDetail(string='AccessToken', code='token_not_valid'), 'token_type': ErrorDetail(string='access', code='token_not_valid'), 'message': ErrorDetail(string='Token is expired', code='token_not_valid')}]}
Internal Server Error: /api/v1/carts/get-cart/
IP: 127.0.0.1 | Exception: {'detail': ErrorDetail(string='Given token not valid for any token type', code='token_not_valid'), 'code': ErrorDetail(string='token_not_valid', code='token_not_valid'), 'messages': [{'token_class': ErrorDetail(string='AccessToken', code='token_not_valid'), 'token_type': ErrorDetail(string='access', code='token_not_valid'), 'message': ErrorDetail(string='Token is expired', code='token_not_valid')}]} | View: <apps.orders.api.v1.views.cart.CartViewSet object at 0x000001ED97A023F0> | Method: GET | Path: /api/v1/carts/get-cart/
Traceback (most recent call last):
  File "E:\Training\next_js_task\Django_REST\Food_Delivery_System_Task\food_delivery_system_backend\env_task\Lib\site-packages\rest_framework\views.py", line 503, in dispatch
    self.initial(request, *args, **kwargs)
  File "E:\Training\next_js_task\Django_REST\Food_Delivery_System_Task\food_delivery_system_backend\env_task\Lib\site-packages\rest_framework\views.py", line 420, in initial
    self.perform_authentication(request)
  File "E:\Training\next_js_task\Django_REST\Food_Delivery_System_Task\food_delivery_system_backend\env_task\Lib\site-packages\rest_framework\views.py", line 330, in perform_authentication
    request.user
  File "E:\Training\next_js_task\Django_REST\Food_Delivery_System_Task\food_delivery_system_backend\env_task\Lib\site-packages\rest_framework\request.py", line 232, in user
    self._authenticate()
  File "E:\Training\next_js_task\Django_REST\Food_Delivery_System_Task\food_delivery_system_backend\env_task\Lib\site-packages\rest_framework\request.py", line 385, in _authenticate
    user_auth_tuple = authenticator.authenticate(self)
                      ^^^^^^^^^^^^^^^^^^^^^^^^^^^^^^^^
  File "E:\Training\next_js_task\Django_REST\Food_Delivery_System_Task\food_delivery_system_backend\env_task\Lib\site-packages\rest_framework_simplejwt\authentication.py", line 49, in authenticate
    validated_token = self.get_validated_token(raw_token)
                      ^^^^^^^^^^^^^^^^^^^^^^^^^^^^^^^^^^^
  File "E:\Training\next_js_task\Django_REST\Food_Delivery_System_Task\food_delivery_system_backend\env_task\Lib\site-packages\rest_framework_simplejwt\authentication.py", line 113, in get_validated_token
    raise InvalidToken(
rest_framework_simplejwt.exceptions.InvalidToken: {'detail': ErrorDetail(string='Given token not valid for any token type', code='token_not_valid'), 'code': ErrorDetail(string='token_not_valid', code='token_not_valid'), 'messages': [{'token_class': ErrorDetail(string='AccessToken', code='token_not_valid'), 'token_type': ErrorDetail(string='access', code='token_not_valid'), 'message': ErrorDetail(string='Token is expired', code='token_not_valid')}]}
Internal Server Error: /api/v1/carts/get-cart/
IP: 127.0.0.1 | Exception: {'detail': ErrorDetail(string='Given token not valid for any token type', code='token_not_valid'), 'code': ErrorDetail(string='token_not_valid', code='token_not_valid'), 'messages': [{'token_class': ErrorDetail(string='AccessToken', code='token_not_valid'), 'token_type': ErrorDetail(string='access', code='token_not_valid'), 'message': ErrorDetail(string='Token is expired', code='token_not_valid')}]} | View: <apps.orders.api.v1.views.cart.CartViewSet object at 0x000001ED97A00830> | Method: GET | Path: /api/v1/carts/get-cart/
Traceback (most recent call last):
  File "E:\Training\next_js_task\Django_REST\Food_Delivery_System_Task\food_delivery_system_backend\env_task\Lib\site-packages\rest_framework\views.py", line 503, in dispatch
    self.initial(request, *args, **kwargs)
  File "E:\Training\next_js_task\Django_REST\Food_Delivery_System_Task\food_delivery_system_backend\env_task\Lib\site-packages\rest_framework\views.py", line 420, in initial
    self.perform_authentication(request)
  File "E:\Training\next_js_task\Django_REST\Food_Delivery_System_Task\food_delivery_system_backend\env_task\Lib\site-packages\rest_framework\views.py", line 330, in perform_authentication
    request.user
  File "E:\Training\next_js_task\Django_REST\Food_Delivery_System_Task\food_delivery_system_backend\env_task\Lib\site-packages\rest_framework\request.py", line 232, in user
    self._authenticate()
  File "E:\Training\next_js_task\Django_REST\Food_Delivery_System_Task\food_delivery_system_backend\env_task\Lib\site-packages\rest_framework\request.py", line 385, in _authenticate
    user_auth_tuple = authenticator.authenticate(self)
                      ^^^^^^^^^^^^^^^^^^^^^^^^^^^^^^^^
  File "E:\Training\next_js_task\Django_REST\Food_Delivery_System_Task\food_delivery_system_backend\env_task\Lib\site-packages\rest_framework_simplejwt\authentication.py", line 49, in authenticate
    validated_token = self.get_validated_token(raw_token)
                      ^^^^^^^^^^^^^^^^^^^^^^^^^^^^^^^^^^^
  File "E:\Training\next_js_task\Django_REST\Food_Delivery_System_Task\food_delivery_system_backend\env_task\Lib\site-packages\rest_framework_simplejwt\authentication.py", line 113, in get_validated_token
    raise InvalidToken(
rest_framework_simplejwt.exceptions.InvalidToken: {'detail': ErrorDetail(string='Given token not valid for any token type', code='token_not_valid'), 'code': ErrorDetail(string='token_not_valid', code='token_not_valid'), 'messages': [{'token_class': ErrorDetail(string='AccessToken', code='token_not_valid'), 'token_type': ErrorDetail(string='access', code='token_not_valid'), 'message': ErrorDetail(string='Token is expired', code='token_not_valid')}]}
Internal Server Error: /api/v1/carts/get-cart/
IP: 127.0.0.1 | Exception: {'detail': ErrorDetail(string='Given token not valid for any token type', code='token_not_valid'), 'code': ErrorDetail(string='token_not_valid', code='token_not_valid'), 'messages': [{'token_class': ErrorDetail(string='AccessToken', code='token_not_valid'), 'token_type': ErrorDetail(string='access', code='token_not_valid'), 'message': ErrorDetail(string='Token is expired', code='token_not_valid')}]} | View: <apps.orders.api.v1.views.cart.CartViewSet object at 0x000001ED97A03BC0> | Method: GET | Path: /api/v1/carts/get-cart/
Traceback (most recent call last):
  File "E:\Training\next_js_task\Django_REST\Food_Delivery_System_Task\food_delivery_system_backend\env_task\Lib\site-packages\rest_framework\views.py", line 503, in dispatch
    self.initial(request, *args, **kwargs)
  File "E:\Training\next_js_task\Django_REST\Food_Delivery_System_Task\food_delivery_system_backend\env_task\Lib\site-packages\rest_framework\views.py", line 420, in initial
    self.perform_authentication(request)
  File "E:\Training\next_js_task\Django_REST\Food_Delivery_System_Task\food_delivery_system_backend\env_task\Lib\site-packages\rest_framework\views.py", line 330, in perform_authentication
    request.user
  File "E:\Training\next_js_task\Django_REST\Food_Delivery_System_Task\food_delivery_system_backend\env_task\Lib\site-packages\rest_framework\request.py", line 232, in user
    self._authenticate()
  File "E:\Training\next_js_task\Django_REST\Food_Delivery_System_Task\food_delivery_system_backend\env_task\Lib\site-packages\rest_framework\request.py", line 385, in _authenticate
    user_auth_tuple = authenticator.authenticate(self)
                      ^^^^^^^^^^^^^^^^^^^^^^^^^^^^^^^^
  File "E:\Training\next_js_task\Django_REST\Food_Delivery_System_Task\food_delivery_system_backend\env_task\Lib\site-packages\rest_framework_simplejwt\authentication.py", line 49, in authenticate
    validated_token = self.get_validated_token(raw_token)
                      ^^^^^^^^^^^^^^^^^^^^^^^^^^^^^^^^^^^
  File "E:\Training\next_js_task\Django_REST\Food_Delivery_System_Task\food_delivery_system_backend\env_task\Lib\site-packages\rest_framework_simplejwt\authentication.py", line 113, in get_validated_token
    raise InvalidToken(
rest_framework_simplejwt.exceptions.InvalidToken: {'detail': ErrorDetail(string='Given token not valid for any token type', code='token_not_valid'), 'code': ErrorDetail(string='token_not_valid', code='token_not_valid'), 'messages': [{'token_class': ErrorDetail(string='AccessToken', code='token_not_valid'), 'token_type': ErrorDetail(string='access', code='token_not_valid'), 'message': ErrorDetail(string='Token is expired', code='token_not_valid')}]}
Internal Server Error: /api/v1/carts/get-cart/
IP: 127.0.0.1 | Exception: {'detail': ErrorDetail(string='Given token not valid for any token type', code='token_not_valid'), 'code': ErrorDetail(string='token_not_valid', code='token_not_valid'), 'messages': [{'token_class': ErrorDetail(string='AccessToken', code='token_not_valid'), 'token_type': ErrorDetail(string='access', code='token_not_valid'), 'message': ErrorDetail(string='Token is expired', code='token_not_valid')}]} | View: <apps.orders.api.v1.views.cart.CartViewSet object at 0x000001ED97A02450> | Method: GET | Path: /api/v1/carts/get-cart/
Traceback (most recent call last):
  File "E:\Training\next_js_task\Django_REST\Food_Delivery_System_Task\food_delivery_system_backend\env_task\Lib\site-packages\rest_framework\views.py", line 503, in dispatch
    self.initial(request, *args, **kwargs)
  File "E:\Training\next_js_task\Django_REST\Food_Delivery_System_Task\food_delivery_system_backend\env_task\Lib\site-packages\rest_framework\views.py", line 420, in initial
    self.perform_authentication(request)
  File "E:\Training\next_js_task\Django_REST\Food_Delivery_System_Task\food_delivery_system_backend\env_task\Lib\site-packages\rest_framework\views.py", line 330, in perform_authentication
    request.user
  File "E:\Training\next_js_task\Django_REST\Food_Delivery_System_Task\food_delivery_system_backend\env_task\Lib\site-packages\rest_framework\request.py", line 232, in user
    self._authenticate()
  File "E:\Training\next_js_task\Django_REST\Food_Delivery_System_Task\food_delivery_system_backend\env_task\Lib\site-packages\rest_framework\request.py", line 385, in _authenticate
    user_auth_tuple = authenticator.authenticate(self)
                      ^^^^^^^^^^^^^^^^^^^^^^^^^^^^^^^^
  File "E:\Training\next_js_task\Django_REST\Food_Delivery_System_Task\food_delivery_system_backend\env_task\Lib\site-packages\rest_framework_simplejwt\authentication.py", line 49, in authenticate
    validated_token = self.get_validated_token(raw_token)
                      ^^^^^^^^^^^^^^^^^^^^^^^^^^^^^^^^^^^
  File "E:\Training\next_js_task\Django_REST\Food_Delivery_System_Task\food_delivery_system_backend\env_task\Lib\site-packages\rest_framework_simplejwt\authentication.py", line 113, in get_validated_token
    raise InvalidToken(
rest_framework_simplejwt.exceptions.InvalidToken: {'detail': ErrorDetail(string='Given token not valid for any token type', code='token_not_valid'), 'code': ErrorDetail(string='token_not_valid', code='token_not_valid'), 'messages': [{'token_class': ErrorDetail(string='AccessToken', code='token_not_valid'), 'token_type': ErrorDetail(string='access', code='token_not_valid'), 'message': ErrorDetail(string='Token is expired', code='token_not_valid')}]}
Internal Server Error: /api/v1/carts/get-cart/
IP: 127.0.0.1 | Exception: {'detail': ErrorDetail(string='Given token not valid for any token type', code='token_not_valid'), 'code': ErrorDetail(string='token_not_valid', code='token_not_valid'), 'messages': [{'token_class': ErrorDetail(string='AccessToken', code='token_not_valid'), 'token_type': ErrorDetail(string='access', code='token_not_valid'), 'message': ErrorDetail(string='Token is expired', code='token_not_valid')}]} | View: <apps.orders.api.v1.views.cart.CartViewSet object at 0x000001ED97A00DD0> | Method: GET | Path: /api/v1/carts/get-cart/
Traceback (most recent call last):
  File "E:\Training\next_js_task\Django_REST\Food_Delivery_System_Task\food_delivery_system_backend\env_task\Lib\site-packages\rest_framework\views.py", line 503, in dispatch
    self.initial(request, *args, **kwargs)
  File "E:\Training\next_js_task\Django_REST\Food_Delivery_System_Task\food_delivery_system_backend\env_task\Lib\site-packages\rest_framework\views.py", line 420, in initial
    self.perform_authentication(request)
  File "E:\Training\next_js_task\Django_REST\Food_Delivery_System_Task\food_delivery_system_backend\env_task\Lib\site-packages\rest_framework\views.py", line 330, in perform_authentication
    request.user
  File "E:\Training\next_js_task\Django_REST\Food_Delivery_System_Task\food_delivery_system_backend\env_task\Lib\site-packages\rest_framework\request.py", line 232, in user
    self._authenticate()
  File "E:\Training\next_js_task\Django_REST\Food_Delivery_System_Task\food_delivery_system_backend\env_task\Lib\site-packages\rest_framework\request.py", line 385, in _authenticate
    user_auth_tuple = authenticator.authenticate(self)
                      ^^^^^^^^^^^^^^^^^^^^^^^^^^^^^^^^
  File "E:\Training\next_js_task\Django_REST\Food_Delivery_System_Task\food_delivery_system_backend\env_task\Lib\site-packages\rest_framework_simplejwt\authentication.py", line 49, in authenticate
    validated_token = self.get_validated_token(raw_token)
                      ^^^^^^^^^^^^^^^^^^^^^^^^^^^^^^^^^^^
  File "E:\Training\next_js_task\Django_REST\Food_Delivery_System_Task\food_delivery_system_backend\env_task\Lib\site-packages\rest_framework_simplejwt\authentication.py", line 113, in get_validated_token
    raise InvalidToken(
rest_framework_simplejwt.exceptions.InvalidToken: {'detail': ErrorDetail(string='Given token not valid for any token type', code='token_not_valid'), 'code': ErrorDetail(string='token_not_valid', code='token_not_valid'), 'messages': [{'token_class': ErrorDetail(string='AccessToken', code='token_not_valid'), 'token_type': ErrorDetail(string='access', code='token_not_valid'), 'message': ErrorDetail(string='Token is expired', code='token_not_valid')}]}
Internal Server Error: /api/v1/carts/get-cart/
IP: 127.0.0.1 | Exception: {'detail': ErrorDetail(string='Given token not valid for any token type', code='token_not_valid'), 'code': ErrorDetail(string='token_not_valid', code='token_not_valid'), 'messages': [{'token_class': ErrorDetail(string='AccessToken', code='token_not_valid'), 'token_type': ErrorDetail(string='access', code='token_not_valid'), 'message': ErrorDetail(string='Token is expired', code='token_not_valid')}]} | View: <apps.orders.api.v1.views.cart.CartViewSet object at 0x000001ED97AD81D0> | Method: GET | Path: /api/v1/carts/get-cart/
Traceback (most recent call last):
  File "E:\Training\next_js_task\Django_REST\Food_Delivery_System_Task\food_delivery_system_backend\env_task\Lib\site-packages\rest_framework\views.py", line 503, in dispatch
    self.initial(request, *args, **kwargs)
  File "E:\Training\next_js_task\Django_REST\Food_Delivery_System_Task\food_delivery_system_backend\env_task\Lib\site-packages\rest_framework\views.py", line 420, in initial
    self.perform_authentication(request)
  File "E:\Training\next_js_task\Django_REST\Food_Delivery_System_Task\food_delivery_system_backend\env_task\Lib\site-packages\rest_framework\views.py", line 330, in perform_authentication
    request.user
  File "E:\Training\next_js_task\Django_REST\Food_Delivery_System_Task\food_delivery_system_backend\env_task\Lib\site-packages\rest_framework\request.py", line 232, in user
    self._authenticate()
  File "E:\Training\next_js_task\Django_REST\Food_Delivery_System_Task\food_delivery_system_backend\env_task\Lib\site-packages\rest_framework\request.py", line 385, in _authenticate
    user_auth_tuple = authenticator.authenticate(self)
                      ^^^^^^^^^^^^^^^^^^^^^^^^^^^^^^^^
  File "E:\Training\next_js_task\Django_REST\Food_Delivery_System_Task\food_delivery_system_backend\env_task\Lib\site-packages\rest_framework_simplejwt\authentication.py", line 49, in authenticate
    validated_token = self.get_validated_token(raw_token)
                      ^^^^^^^^^^^^^^^^^^^^^^^^^^^^^^^^^^^
  File "E:\Training\next_js_task\Django_REST\Food_Delivery_System_Task\food_delivery_system_backend\env_task\Lib\site-packages\rest_framework_simplejwt\authentication.py", line 113, in get_validated_token
    raise InvalidToken(
rest_framework_simplejwt.exceptions.InvalidToken: {'detail': ErrorDetail(string='Given token not valid for any token type', code='token_not_valid'), 'code': ErrorDetail(string='token_not_valid', code='token_not_valid'), 'messages': [{'token_class': ErrorDetail(string='AccessToken', code='token_not_valid'), 'token_type': ErrorDetail(string='access', code='token_not_valid'), 'message': ErrorDetail(string='Token is expired', code='token_not_valid')}]}
Internal Server Error: /api/v1/carts/get-cart/
IP: 127.0.0.1 | Exception: {'detail': ErrorDetail(string='Given token not valid for any token type', code='token_not_valid'), 'code': ErrorDetail(string='token_not_valid', code='token_not_valid'), 'messages': [{'token_class': ErrorDetail(string='AccessToken', code='token_not_valid'), 'token_type': ErrorDetail(string='access', code='token_not_valid'), 'message': ErrorDetail(string='Token is expired', code='token_not_valid')}]} | View: <apps.orders.api.v1.views.cart.CartViewSet object at 0x000001ED97A036B0> | Method: GET | Path: /api/v1/carts/get-cart/
Traceback (most recent call last):
  File "E:\Training\next_js_task\Django_REST\Food_Delivery_System_Task\food_delivery_system_backend\env_task\Lib\site-packages\rest_framework\views.py", line 503, in dispatch
    self.initial(request, *args, **kwargs)
  File "E:\Training\next_js_task\Django_REST\Food_Delivery_System_Task\food_delivery_system_backend\env_task\Lib\site-packages\rest_framework\views.py", line 420, in initial
    self.perform_authentication(request)
  File "E:\Training\next_js_task\Django_REST\Food_Delivery_System_Task\food_delivery_system_backend\env_task\Lib\site-packages\rest_framework\views.py", line 330, in perform_authentication
    request.user
  File "E:\Training\next_js_task\Django_REST\Food_Delivery_System_Task\food_delivery_system_backend\env_task\Lib\site-packages\rest_framework\request.py", line 232, in user
    self._authenticate()
  File "E:\Training\next_js_task\Django_REST\Food_Delivery_System_Task\food_delivery_system_backend\env_task\Lib\site-packages\rest_framework\request.py", line 385, in _authenticate
    user_auth_tuple = authenticator.authenticate(self)
                      ^^^^^^^^^^^^^^^^^^^^^^^^^^^^^^^^
  File "E:\Training\next_js_task\Django_REST\Food_Delivery_System_Task\food_delivery_system_backend\env_task\Lib\site-packages\rest_framework_simplejwt\authentication.py", line 49, in authenticate
    validated_token = self.get_validated_token(raw_token)
                      ^^^^^^^^^^^^^^^^^^^^^^^^^^^^^^^^^^^
  File "E:\Training\next_js_task\Django_REST\Food_Delivery_System_Task\food_delivery_system_backend\env_task\Lib\site-packages\rest_framework_simplejwt\authentication.py", line 113, in get_validated_token
    raise InvalidToken(
rest_framework_simplejwt.exceptions.InvalidToken: {'detail': ErrorDetail(string='Given token not valid for any token type', code='token_not_valid'), 'code': ErrorDetail(string='token_not_valid', code='token_not_valid'), 'messages': [{'token_class': ErrorDetail(string='AccessToken', code='token_not_valid'), 'token_type': ErrorDetail(string='access', code='token_not_valid'), 'message': ErrorDetail(string='Token is expired', code='token_not_valid')}]}
Internal Server Error: /api/v1/carts/get-cart/
IP: 127.0.0.1 | Exception: {'detail': ErrorDetail(string='Given token not valid for any token type', code='token_not_valid'), 'code': ErrorDetail(string='token_not_valid', code='token_not_valid'), 'messages': [{'token_class': ErrorDetail(string='AccessToken', code='token_not_valid'), 'token_type': ErrorDetail(string='access', code='token_not_valid'), 'message': ErrorDetail(string='Token is expired', code='token_not_valid')}]} | View: <apps.orders.api.v1.views.cart.CartViewSet object at 0x000001ED97A01160> | Method: GET | Path: /api/v1/carts/get-cart/
Traceback (most recent call last):
  File "E:\Training\next_js_task\Django_REST\Food_Delivery_System_Task\food_delivery_system_backend\env_task\Lib\site-packages\rest_framework\views.py", line 503, in dispatch
    self.initial(request, *args, **kwargs)
  File "E:\Training\next_js_task\Django_REST\Food_Delivery_System_Task\food_delivery_system_backend\env_task\Lib\site-packages\rest_framework\views.py", line 420, in initial
    self.perform_authentication(request)
  File "E:\Training\next_js_task\Django_REST\Food_Delivery_System_Task\food_delivery_system_backend\env_task\Lib\site-packages\rest_framework\views.py", line 330, in perform_authentication
    request.user
  File "E:\Training\next_js_task\Django_REST\Food_Delivery_System_Task\food_delivery_system_backend\env_task\Lib\site-packages\rest_framework\request.py", line 232, in user
    self._authenticate()
  File "E:\Training\next_js_task\Django_REST\Food_Delivery_System_Task\food_delivery_system_backend\env_task\Lib\site-packages\rest_framework\request.py", line 385, in _authenticate
    user_auth_tuple = authenticator.authenticate(self)
                      ^^^^^^^^^^^^^^^^^^^^^^^^^^^^^^^^
  File "E:\Training\next_js_task\Django_REST\Food_Delivery_System_Task\food_delivery_system_backend\env_task\Lib\site-packages\rest_framework_simplejwt\authentication.py", line 49, in authenticate
    validated_token = self.get_validated_token(raw_token)
                      ^^^^^^^^^^^^^^^^^^^^^^^^^^^^^^^^^^^
  File "E:\Training\next_js_task\Django_REST\Food_Delivery_System_Task\food_delivery_system_backend\env_task\Lib\site-packages\rest_framework_simplejwt\authentication.py", line 113, in get_validated_token
    raise InvalidToken(
rest_framework_simplejwt.exceptions.InvalidToken: {'detail': ErrorDetail(string='Given token not valid for any token type', code='token_not_valid'), 'code': ErrorDetail(string='token_not_valid', code='token_not_valid'), 'messages': [{'token_class': ErrorDetail(string='AccessToken', code='token_not_valid'), 'token_type': ErrorDetail(string='access', code='token_not_valid'), 'message': ErrorDetail(string='Token is expired', code='token_not_valid')}]}
Internal Server Error: /api/v1/carts/get-cart/
IP: 127.0.0.1 | Exception: {'detail': ErrorDetail(string='Given token not valid for any token type', code='token_not_valid'), 'code': ErrorDetail(string='token_not_valid', code='token_not_valid'), 'messages': [{'token_class': ErrorDetail(string='AccessToken', code='token_not_valid'), 'token_type': ErrorDetail(string='access', code='token_not_valid'), 'message': ErrorDetail(string='Token is expired', code='token_not_valid')}]} | View: <apps.orders.api.v1.views.cart.CartViewSet object at 0x000001ED979BD9D0> | Method: GET | Path: /api/v1/carts/get-cart/
Traceback (most recent call last):
  File "E:\Training\next_js_task\Django_REST\Food_Delivery_System_Task\food_delivery_system_backend\env_task\Lib\site-packages\rest_framework\views.py", line 503, in dispatch
    self.initial(request, *args, **kwargs)
  File "E:\Training\next_js_task\Django_REST\Food_Delivery_System_Task\food_delivery_system_backend\env_task\Lib\site-packages\rest_framework\views.py", line 420, in initial
    self.perform_authentication(request)
  File "E:\Training\next_js_task\Django_REST\Food_Delivery_System_Task\food_delivery_system_backend\env_task\Lib\site-packages\rest_framework\views.py", line 330, in perform_authentication
    request.user
  File "E:\Training\next_js_task\Django_REST\Food_Delivery_System_Task\food_delivery_system_backend\env_task\Lib\site-packages\rest_framework\request.py", line 232, in user
    self._authenticate()
  File "E:\Training\next_js_task\Django_REST\Food_Delivery_System_Task\food_delivery_system_backend\env_task\Lib\site-packages\rest_framework\request.py", line 385, in _authenticate
    user_auth_tuple = authenticator.authenticate(self)
                      ^^^^^^^^^^^^^^^^^^^^^^^^^^^^^^^^
  File "E:\Training\next_js_task\Django_REST\Food_Delivery_System_Task\food_delivery_system_backend\env_task\Lib\site-packages\rest_framework_simplejwt\authentication.py", line 49, in authenticate
    validated_token = self.get_validated_token(raw_token)
                      ^^^^^^^^^^^^^^^^^^^^^^^^^^^^^^^^^^^
  File "E:\Training\next_js_task\Django_REST\Food_Delivery_System_Task\food_delivery_system_backend\env_task\Lib\site-packages\rest_framework_simplejwt\authentication.py", line 113, in get_validated_token
    raise InvalidToken(
rest_framework_simplejwt.exceptions.InvalidToken: {'detail': ErrorDetail(string='Given token not valid for any token type', code='token_not_valid'), 'code': ErrorDetail(string='token_not_valid', code='token_not_valid'), 'messages': [{'token_class': ErrorDetail(string='AccessToken', code='token_not_valid'), 'token_type': ErrorDetail(string='access', code='token_not_valid'), 'message': ErrorDetail(string='Token is expired', code='token_not_valid')}]}
Internal Server Error: /api/v1/carts/get-cart/
IP: 127.0.0.1 | Exception: {'detail': ErrorDetail(string='Given token not valid for any token type', code='token_not_valid'), 'code': ErrorDetail(string='token_not_valid', code='token_not_valid'), 'messages': [{'token_class': ErrorDetail(string='AccessToken', code='token_not_valid'), 'token_type': ErrorDetail(string='access', code='token_not_valid'), 'message': ErrorDetail(string='Token is expired', code='token_not_valid')}]} | View: <apps.orders.api.v1.views.cart.CartViewSet object at 0x000001ED977C6150> | Method: GET | Path: /api/v1/carts/get-cart/
Traceback (most recent call last):
  File "E:\Training\next_js_task\Django_REST\Food_Delivery_System_Task\food_delivery_system_backend\env_task\Lib\site-packages\rest_framework\views.py", line 503, in dispatch
    self.initial(request, *args, **kwargs)
  File "E:\Training\next_js_task\Django_REST\Food_Delivery_System_Task\food_delivery_system_backend\env_task\Lib\site-packages\rest_framework\views.py", line 420, in initial
    self.perform_authentication(request)
  File "E:\Training\next_js_task\Django_REST\Food_Delivery_System_Task\food_delivery_system_backend\env_task\Lib\site-packages\rest_framework\views.py", line 330, in perform_authentication
    request.user
  File "E:\Training\next_js_task\Django_REST\Food_Delivery_System_Task\food_delivery_system_backend\env_task\Lib\site-packages\rest_framework\request.py", line 232, in user
    self._authenticate()
  File "E:\Training\next_js_task\Django_REST\Food_Delivery_System_Task\food_delivery_system_backend\env_task\Lib\site-packages\rest_framework\request.py", line 385, in _authenticate
    user_auth_tuple = authenticator.authenticate(self)
                      ^^^^^^^^^^^^^^^^^^^^^^^^^^^^^^^^
  File "E:\Training\next_js_task\Django_REST\Food_Delivery_System_Task\food_delivery_system_backend\env_task\Lib\site-packages\rest_framework_simplejwt\authentication.py", line 49, in authenticate
    validated_token = self.get_validated_token(raw_token)
                      ^^^^^^^^^^^^^^^^^^^^^^^^^^^^^^^^^^^
  File "E:\Training\next_js_task\Django_REST\Food_Delivery_System_Task\food_delivery_system_backend\env_task\Lib\site-packages\rest_framework_simplejwt\authentication.py", line 113, in get_validated_token
    raise InvalidToken(
rest_framework_simplejwt.exceptions.InvalidToken: {'detail': ErrorDetail(string='Given token not valid for any token type', code='token_not_valid'), 'code': ErrorDetail(string='token_not_valid', code='token_not_valid'), 'messages': [{'token_class': ErrorDetail(string='AccessToken', code='token_not_valid'), 'token_type': ErrorDetail(string='access', code='token_not_valid'), 'message': ErrorDetail(string='Token is expired', code='token_not_valid')}]}
Internal Server Error: /api/v1/carts/get-cart/
IP: 127.0.0.1 | Exception: Authentication credentials were not provided. | View: <apps.orders.api.v1.views.cart.CartViewSet object at 0x000001ED97AD8470> | Method: GET | Path: /api/v1/carts/get-cart/
Traceback (most recent call last):
  File "E:\Training\next_js_task\Django_REST\Food_Delivery_System_Task\food_delivery_system_backend\env_task\Lib\site-packages\rest_framework\views.py", line 503, in dispatch
    self.initial(request, *args, **kwargs)
  File "E:\Training\next_js_task\Django_REST\Food_Delivery_System_Task\food_delivery_system_backend\env_task\Lib\site-packages\rest_framework\views.py", line 421, in initial
    self.check_permissions(request)
  File "E:\Training\next_js_task\Django_REST\Food_Delivery_System_Task\food_delivery_system_backend\env_task\Lib\site-packages\rest_framework\views.py", line 339, in check_permissions
    self.permission_denied(
  File "E:\Training\next_js_task\Django_REST\Food_Delivery_System_Task\food_delivery_system_backend\env_task\Lib\site-packages\rest_framework\views.py", line 180, in permission_denied
    raise exceptions.NotAuthenticated()
rest_framework.exceptions.NotAuthenticated: Authentication credentials were not provided.
Internal Server Error: /api/v1/carts/get-cart/
E:\Training\next_js_task\Django_REST\Food_Delivery_System_Task\food_delivery_system_backend\apps\orders\models.py changed, reloading.
Watching for file changes with StatReloader
E:\Training\next_js_task\Django_REST\Food_Delivery_System_Task\food_delivery_system_backend\apps\orders\services\cart_service.py changed, reloading.
Watching for file changes with StatReloader
E:\Training\next_js_task\Django_REST\Food_Delivery_System_Task\food_delivery_system_backend\apps\orders\services\cart_service.py changed, reloading.
Watching for file changes with StatReloader
E:\Training\next_js_task\Django_REST\Food_Delivery_System_Task\food_delivery_system_backend\apps\orders\services\cart_service.py changed, reloading.
Watching for file changes with StatReloader
E:\Training\next_js_task\Django_REST\Food_Delivery_System_Task\food_delivery_system_backend\apps\orders\services\cart_service.py changed, reloading.
Watching for file changes with StatReloader
E:\Training\next_js_task\Django_REST\Food_Delivery_System_Task\food_delivery_system_backend\apps\orders\services\cart_service.py changed, reloading.
Watching for file changes with StatReloader
E:\Training\next_js_task\Django_REST\Food_Delivery_System_Task\food_delivery_system_backend\apps\orders\services\cart_service.py changed, reloading.
Watching for file changes with StatReloader
E:\Training\next_js_task\Django_REST\Food_Delivery_System_Task\food_delivery_system_backend\apps\orders\services\cart_service.py changed, reloading.
Watching for file changes with StatReloader
E:\Training\next_js_task\Django_REST\Food_Delivery_System_Task\food_delivery_system_backend\apps\orders\services\cart_service.py changed, reloading.
Watching for file changes with StatReloader
E:\Training\next_js_task\Django_REST\Food_Delivery_System_Task\food_delivery_system_backend\apps\orders\services\cart_service.py changed, reloading.
Watching for file changes with StatReloader
E:\Training\next_js_task\Django_REST\Food_Delivery_System_Task\food_delivery_system_backend\apps\orders\services\cart_service.py changed, reloading.
Watching for file changes with StatReloader
E:\Training\next_js_task\Django_REST\Food_Delivery_System_Task\food_delivery_system_backend\apps\orders\services\cart_service.py changed, reloading.
Watching for file changes with StatReloader
E:\Training\next_js_task\Django_REST\Food_Delivery_System_Task\food_delivery_system_backend\apps\orders\services\cart_service.py changed, reloading.
Watching for file changes with StatReloader
E:\Training\next_js_task\Django_REST\Food_Delivery_System_Task\food_delivery_system_backend\apps\orders\services\cart_service.py changed, reloading.
Watching for file changes with StatReloader
E:\Training\next_js_task\Django_REST\Food_Delivery_System_Task\food_delivery_system_backend\apps\orders\services\cart_service.py changed, reloading.
Watching for file changes with StatReloader
E:\Training\next_js_task\Django_REST\Food_Delivery_System_Task\food_delivery_system_backend\apps\orders\services\cart_service.py changed, reloading.
Watching for file changes with StatReloader
E:\Training\next_js_task\Django_REST\Food_Delivery_System_Task\food_delivery_system_backend\apps\orders\services\cart_service.py changed, reloading.
Watching for file changes with StatReloader
E:\Training\next_js_task\Django_REST\Food_Delivery_System_Task\food_delivery_system_backend\apps\orders\services\cart_service.py changed, reloading.
Watching for file changes with StatReloader
E:\Training\next_js_task\Django_REST\Food_Delivery_System_Task\food_delivery_system_backend\apps\orders\services\cart_service.py changed, reloading.
Watching for file changes with StatReloader
E:\Training\next_js_task\Django_REST\Food_Delivery_System_Task\food_delivery_system_backend\apps\orders\services\cart_service.py changed, reloading.
Watching for file changes with StatReloader
E:\Training\next_js_task\Django_REST\Food_Delivery_System_Task\food_delivery_system_backend\apps\orders\services\cart_service.py changed, reloading.
Watching for file changes with StatReloader
E:\Training\next_js_task\Django_REST\Food_Delivery_System_Task\food_delivery_system_backend\apps\orders\services\cart_service.py changed, reloading.
Watching for file changes with StatReloader
E:\Training\next_js_task\Django_REST\Food_Delivery_System_Task\food_delivery_system_backend\apps\orders\services\cart_service.py changed, reloading.
Watching for file changes with StatReloader
E:\Training\next_js_task\Django_REST\Food_Delivery_System_Task\food_delivery_system_backend\apps\orders\services\cart_service.py changed, reloading.
Watching for file changes with StatReloader
E:\Training\next_js_task\Django_REST\Food_Delivery_System_Task\food_delivery_system_backend\apps\orders\services\cart_service.py changed, reloading.
Watching for file changes with StatReloader
E:\Training\next_js_task\Django_REST\Food_Delivery_System_Task\food_delivery_system_backend\apps\orders\services\cart_service.py changed, reloading.
Watching for file changes with StatReloader
E:\Training\next_js_task\Django_REST\Food_Delivery_System_Task\food_delivery_system_backend\apps\orders\services\cart_service.py changed, reloading.
Watching for file changes with StatReloader
E:\Training\next_js_task\Django_REST\Food_Delivery_System_Task\food_delivery_system_backend\apps\orders\services\cart_service.py changed, reloading.
Watching for file changes with StatReloader
E:\Training\next_js_task\Django_REST\Food_Delivery_System_Task\food_delivery_system_backend\apps\orders\services\cart_service.py changed, reloading.
Watching for file changes with StatReloader
E:\Training\next_js_task\Django_REST\Food_Delivery_System_Task\food_delivery_system_backend\apps\orders\services\cart_service.py changed, reloading.
Watching for file changes with StatReloader
E:\Training\next_js_task\Django_REST\Food_Delivery_System_Task\food_delivery_system_backend\apps\orders\services\cart_service.py changed, reloading.
Watching for file changes with StatReloader
E:\Training\next_js_task\Django_REST\Food_Delivery_System_Task\food_delivery_system_backend\apps\orders\services\cart_service.py changed, reloading.
Watching for file changes with StatReloader
E:\Training\next_js_task\Django_REST\Food_Delivery_System_Task\food_delivery_system_backend\apps\orders\services\cart_service.py changed, reloading.
Watching for file changes with StatReloader
E:\Training\next_js_task\Django_REST\Food_Delivery_System_Task\food_delivery_system_backend\apps\orders\services\cart_service.py changed, reloading.
Watching for file changes with StatReloader
E:\Training\next_js_task\Django_REST\Food_Delivery_System_Task\food_delivery_system_backend\apps\orders\services\cart_service.py changed, reloading.
Watching for file changes with StatReloader
E:\Training\next_js_task\Django_REST\Food_Delivery_System_Task\food_delivery_system_backend\apps\orders\services\cart_service.py changed, reloading.
Watching for file changes with StatReloader
E:\Training\next_js_task\Django_REST\Food_Delivery_System_Task\food_delivery_system_backend\apps\orders\services\cart_service.py changed, reloading.
Watching for file changes with StatReloader
E:\Training\next_js_task\Django_REST\Food_Delivery_System_Task\food_delivery_system_backend\apps\orders\services\cart_service.py changed, reloading.
Watching for file changes with StatReloader
E:\Training\next_js_task\Django_REST\Food_Delivery_System_Task\food_delivery_system_backend\apps\orders\services\cart_service.py changed, reloading.
Watching for file changes with StatReloader
E:\Training\next_js_task\Django_REST\Food_Delivery_System_Task\food_delivery_system_backend\apps\orders\services\cart_service.py changed, reloading.
Watching for file changes with StatReloader
E:\Training\next_js_task\Django_REST\Food_Delivery_System_Task\food_delivery_system_backend\apps\orders\services\cart_service.py changed, reloading.
Watching for file changes with StatReloader
E:\Training\next_js_task\Django_REST\Food_Delivery_System_Task\food_delivery_system_backend\apps\orders\services\cart_service.py changed, reloading.
Watching for file changes with StatReloader
E:\Training\next_js_task\Django_REST\Food_Delivery_System_Task\food_delivery_system_backend\apps\orders\services\cart_service.py changed, reloading.
Watching for file changes with StatReloader
E:\Training\next_js_task\Django_REST\Food_Delivery_System_Task\food_delivery_system_backend\apps\orders\services\cart_service.py changed, reloading.
Watching for file changes with StatReloader
E:\Training\next_js_task\Django_REST\Food_Delivery_System_Task\food_delivery_system_backend\apps\orders\services\cart_service.py changed, reloading.
Watching for file changes with StatReloader
E:\Training\next_js_task\Django_REST\Food_Delivery_System_Task\food_delivery_system_backend\apps\orders\services\cart_service.py changed, reloading.
Watching for file changes with StatReloader
E:\Training\next_js_task\Django_REST\Food_Delivery_System_Task\food_delivery_system_backend\apps\orders\services\cart_service.py changed, reloading.
Watching for file changes with StatReloader
E:\Training\next_js_task\Django_REST\Food_Delivery_System_Task\food_delivery_system_backend\apps\orders\services\cart_service.py changed, reloading.
Watching for file changes with StatReloader
E:\Training\next_js_task\Django_REST\Food_Delivery_System_Task\food_delivery_system_backend\apps\orders\services\cart_service.py changed, reloading.
Watching for file changes with StatReloader
E:\Training\next_js_task\Django_REST\Food_Delivery_System_Task\food_delivery_system_backend\apps\orders\services\cart_service.py changed, reloading.
Watching for file changes with StatReloader
E:\Training\next_js_task\Django_REST\Food_Delivery_System_Task\food_delivery_system_backend\apps\orders\services\cart_service.py changed, reloading.
Watching for file changes with StatReloader
E:\Training\next_js_task\Django_REST\Food_Delivery_System_Task\food_delivery_system_backend\apps\orders\services\cart_service.py changed, reloading.
Watching for file changes with StatReloader
E:\Training\next_js_task\Django_REST\Food_Delivery_System_Task\food_delivery_system_backend\apps\orders\services\cart_service.py changed, reloading.
Watching for file changes with StatReloader
E:\Training\next_js_task\Django_REST\Food_Delivery_System_Task\food_delivery_system_backend\apps\orders\services\cart_service.py changed, reloading.
Watching for file changes with StatReloader
E:\Training\next_js_task\Django_REST\Food_Delivery_System_Task\food_delivery_system_backend\apps\orders\services\cart_service.py changed, reloading.
Watching for file changes with StatReloader
E:\Training\next_js_task\Django_REST\Food_Delivery_System_Task\food_delivery_system_backend\apps\orders\services\cart_service.py changed, reloading.
Watching for file changes with StatReloader
E:\Training\next_js_task\Django_REST\Food_Delivery_System_Task\food_delivery_system_backend\apps\orders\services\cart_service.py changed, reloading.
Watching for file changes with StatReloader
E:\Training\next_js_task\Django_REST\Food_Delivery_System_Task\food_delivery_system_backend\apps\orders\services\cart_service.py changed, reloading.
Watching for file changes with StatReloader
E:\Training\next_js_task\Django_REST\Food_Delivery_System_Task\food_delivery_system_backend\apps\orders\services\cart_service.py changed, reloading.
Watching for file changes with StatReloader
E:\Training\next_js_task\Django_REST\Food_Delivery_System_Task\food_delivery_system_backend\apps\orders\services\cart_service.py changed, reloading.
Watching for file changes with StatReloader
E:\Training\next_js_task\Django_REST\Food_Delivery_System_Task\food_delivery_system_backend\apps\orders\services\cart_service.py changed, reloading.
Watching for file changes with StatReloader
IP: 127.0.0.1 | Exception: {'detail': ErrorDetail(string='Given token not valid for any token type', code='token_not_valid'), 'code': ErrorDetail(string='token_not_valid', code='token_not_valid'), 'messages': [{'token_class': ErrorDetail(string='AccessToken', code='token_not_valid'), 'token_type': ErrorDetail(string='access', code='token_not_valid'), 'message': ErrorDetail(string='Token is expired', code='token_not_valid')}]} | View: <apps.orders.api.v1.views.cart.CartViewSet object at 0x00000159C738B2F0> | Method: POST | Path: /api/v1/carts/add-to-cart/
Traceback (most recent call last):
  File "E:\Training\next_js_task\Django_REST\Food_Delivery_System_Task\food_delivery_system_backend\env_task\Lib\site-packages\rest_framework\views.py", line 503, in dispatch
    self.initial(request, *args, **kwargs)
  File "E:\Training\next_js_task\Django_REST\Food_Delivery_System_Task\food_delivery_system_backend\env_task\Lib\site-packages\rest_framework\views.py", line 420, in initial
    self.perform_authentication(request)
  File "E:\Training\next_js_task\Django_REST\Food_Delivery_System_Task\food_delivery_system_backend\env_task\Lib\site-packages\rest_framework\views.py", line 330, in perform_authentication
    request.user
  File "E:\Training\next_js_task\Django_REST\Food_Delivery_System_Task\food_delivery_system_backend\env_task\Lib\site-packages\rest_framework\request.py", line 232, in user
    self._authenticate()
  File "E:\Training\next_js_task\Django_REST\Food_Delivery_System_Task\food_delivery_system_backend\env_task\Lib\site-packages\rest_framework\request.py", line 385, in _authenticate
    user_auth_tuple = authenticator.authenticate(self)
                      ^^^^^^^^^^^^^^^^^^^^^^^^^^^^^^^^
  File "E:\Training\next_js_task\Django_REST\Food_Delivery_System_Task\food_delivery_system_backend\env_task\Lib\site-packages\rest_framework_simplejwt\authentication.py", line 49, in authenticate
    validated_token = self.get_validated_token(raw_token)
                      ^^^^^^^^^^^^^^^^^^^^^^^^^^^^^^^^^^^
  File "E:\Training\next_js_task\Django_REST\Food_Delivery_System_Task\food_delivery_system_backend\env_task\Lib\site-packages\rest_framework_simplejwt\authentication.py", line 113, in get_validated_token
    raise InvalidToken(
rest_framework_simplejwt.exceptions.InvalidToken: {'detail': ErrorDetail(string='Given token not valid for any token type', code='token_not_valid'), 'code': ErrorDetail(string='token_not_valid', code='token_not_valid'), 'messages': [{'token_class': ErrorDetail(string='AccessToken', code='token_not_valid'), 'token_type': ErrorDetail(string='access', code='token_not_valid'), 'message': ErrorDetail(string='Token is expired', code='token_not_valid')}]}
Internal Server Error: /api/v1/carts/add-to-cart/
E:\Training\next_js_task\Django_REST\Food_Delivery_System_Task\food_delivery_system_backend\apps\orders\services\cart_service.py changed, reloading.
Watching for file changes with StatReloader
E:\Training\next_js_task\Django_REST\Food_Delivery_System_Task\food_delivery_system_backend\apps\orders\services\cart_service.py changed, reloading.
Watching for file changes with StatReloader
E:\Training\next_js_task\Django_REST\Food_Delivery_System_Task\food_delivery_system_backend\apps\orders\services\cart_service.py changed, reloading.
Watching for file changes with StatReloader
E:\Training\next_js_task\Django_REST\Food_Delivery_System_Task\food_delivery_system_backend\apps\orders\services\cart_service.py changed, reloading.
Watching for file changes with StatReloader
E:\Training\next_js_task\Django_REST\Food_Delivery_System_Task\food_delivery_system_backend\apps\orders\services\cart_service.py changed, reloading.
Watching for file changes with StatReloader
E:\Training\next_js_task\Django_REST\Food_Delivery_System_Task\food_delivery_system_backend\apps\orders\services\cart_service.py changed, reloading.
Watching for file changes with StatReloader
E:\Training\next_js_task\Django_REST\Food_Delivery_System_Task\food_delivery_system_backend\apps\orders\services\cart_service.py changed, reloading.
Watching for file changes with StatReloader
E:\Training\next_js_task\Django_REST\Food_Delivery_System_Task\food_delivery_system_backend\apps\orders\services\cart_service.py changed, reloading.
Watching for file changes with StatReloader
E:\Training\next_js_task\Django_REST\Food_Delivery_System_Task\food_delivery_system_backend\apps\orders\services\cart_service.py changed, reloading.
Watching for file changes with StatReloader
IP: 127.0.0.1 | Exception: 'order_item' | View: <apps.orders.api.v1.views.cart.CartViewSet object at 0x000001995A10A5A0> | Method: POST | Path: /api/v1/carts/remove-from-cart/
Traceback (most recent call last):
  File "E:\Training\next_js_task\Django_REST\Food_Delivery_System_Task\food_delivery_system_backend\env_task\Lib\site-packages\rest_framework\views.py", line 512, in dispatch
    response = handler(request, *args, **kwargs)
               ^^^^^^^^^^^^^^^^^^^^^^^^^^^^^^^^^
  File "E:\Training\next_js_task\Django_REST\Food_Delivery_System_Task\food_delivery_system_backend\apps\orders\api\v1\views\cart.py", line 221, in remove_from_cart
    data = service.remove_order_item_from_cart()
           ^^^^^^^^^^^^^^^^^^^^^^^^^^^^^^^^^^^^^
  File "E:\Training\next_js_task\Django_REST\Food_Delivery_System_Task\food_delivery_system_backend\apps\orders\services\cart_service.py", line 70, in remove_order_item_from_cart
    item = OrderItem.objects.filter(id = UUID(data['order_item']))
                                              ~~~~^^^^^^^^^^^^^^
KeyError: 'order_item'
Internal Server Error: /api/v1/carts/remove-from-cart/
E:\Training\next_js_task\Django_REST\Food_Delivery_System_Task\food_delivery_system_backend\apps\orders\services\cart_service.py changed, reloading.
Watching for file changes with StatReloader
E:\Training\next_js_task\Django_REST\Food_Delivery_System_Task\food_delivery_system_backend\apps\orders\services\cart_service.py changed, reloading.
Watching for file changes with StatReloader
E:\Training\next_js_task\Django_REST\Food_Delivery_System_Task\food_delivery_system_backend\apps\orders\services\cart_service.py changed, reloading.
Watching for file changes with StatReloader
E:\Training\next_js_task\Django_REST\Food_Delivery_System_Task\food_delivery_system_backend\apps\orders\services\cart_service.py changed, reloading.
Watching for file changes with StatReloader
E:\Training\next_js_task\Django_REST\Food_Delivery_System_Task\food_delivery_system_backend\apps\orders\services\cart_service.py changed, reloading.
Watching for file changes with StatReloader
E:\Training\next_js_task\Django_REST\Food_Delivery_System_Task\food_delivery_system_backend\apps\orders\services\cart_service.py changed, reloading.
Watching for file changes with StatReloader
E:\Training\next_js_task\Django_REST\Food_Delivery_System_Task\food_delivery_system_backend\apps\orders\services\cart_service.py changed, reloading.
Watching for file changes with StatReloader
IP: 127.0.0.1 | Exception: {'menu_item': [ErrorDetail(string='This field is required.', code='required')]} | View: <apps.orders.api.v1.views.cart.CartViewSet object at 0x0000021E10C154F0> | Method: POST | Path: /api/v1/carts/remove-from-cart/
Traceback (most recent call last):
  File "E:\Training\next_js_task\Django_REST\Food_Delivery_System_Task\food_delivery_system_backend\env_task\Lib\site-packages\rest_framework\views.py", line 512, in dispatch
    response = handler(request, *args, **kwargs)
               ^^^^^^^^^^^^^^^^^^^^^^^^^^^^^^^^^
  File "E:\Training\next_js_task\Django_REST\Food_Delivery_System_Task\food_delivery_system_backend\apps\orders\api\v1\views\cart.py", line 221, in remove_from_cart
    data = service.remove_order_item_from_cart()
           ^^^^^^^^^^^^^^^^^^^^^^^^^^^^^^^^^^^^^
  File "E:\Training\next_js_task\Django_REST\Food_Delivery_System_Task\food_delivery_system_backend\apps\orders\services\cart_service.py", line 70, in remove_order_item_from_cart
    serializer.is_valid(raise_exception=True)
  File "E:\Training\next_js_task\Django_REST\Food_Delivery_System_Task\food_delivery_system_backend\env_task\Lib\site-packages\rest_framework\serializers.py", line 233, in is_valid
    raise ValidationError(self.errors)
rest_framework.exceptions.ValidationError: {'menu_item': [ErrorDetail(string='This field is required.', code='required')]}
Bad Request: /api/v1/carts/remove-from-cart/
E:\Training\next_js_task\Django_REST\Food_Delivery_System_Task\food_delivery_system_backend\apps\orders\services\cart_service.py changed, reloading.
Watching for file changes with StatReloader
E:\Training\next_js_task\Django_REST\Food_Delivery_System_Task\food_delivery_system_backend\apps\orders\services\cart_service.py changed, reloading.
Watching for file changes with StatReloader
E:\Training\next_js_task\Django_REST\Food_Delivery_System_Task\food_delivery_system_backend\apps\orders\services\cart_service.py changed, reloading.
Watching for file changes with StatReloader
E:\Training\next_js_task\Django_REST\Food_Delivery_System_Task\food_delivery_system_backend\apps\orders\services\cart_service.py changed, reloading.
Watching for file changes with StatReloader
E:\Training\next_js_task\Django_REST\Food_Delivery_System_Task\food_delivery_system_backend\apps\orders\services\cart_service.py changed, reloading.
Watching for file changes with StatReloader
E:\Training\next_js_task\Django_REST\Food_Delivery_System_Task\food_delivery_system_backend\apps\orders\services\cart_service.py changed, reloading.
Watching for file changes with StatReloader
E:\Training\next_js_task\Django_REST\Food_Delivery_System_Task\food_delivery_system_backend\apps\orders\services\cart_service.py changed, reloading.
Watching for file changes with StatReloader
E:\Training\next_js_task\Django_REST\Food_Delivery_System_Task\food_delivery_system_backend\apps\orders\services\cart_service.py changed, reloading.
Watching for file changes with StatReloader
E:\Training\next_js_task\Django_REST\Food_Delivery_System_Task\food_delivery_system_backend\apps\orders\services\cart_service.py changed, reloading.
Watching for file changes with StatReloader
E:\Training\next_js_task\Django_REST\Food_Delivery_System_Task\food_delivery_system_backend\apps\orders\services\cart_service.py changed, reloading.
Watching for file changes with StatReloader
E:\Training\next_js_task\Django_REST\Food_Delivery_System_Task\food_delivery_system_backend\apps\orders\services\cart_service.py changed, reloading.
Watching for file changes with StatReloader
E:\Training\next_js_task\Django_REST\Food_Delivery_System_Task\food_delivery_system_backend\apps\orders\services\cart_service.py changed, reloading.
Watching for file changes with StatReloader
E:\Training\next_js_task\Django_REST\Food_Delivery_System_Task\food_delivery_system_backend\apps\orders\services\cart_service.py changed, reloading.
Watching for file changes with StatReloader
E:\Training\next_js_task\Django_REST\Food_Delivery_System_Task\food_delivery_system_backend\apps\orders\services\cart_service.py changed, reloading.
Watching for file changes with StatReloader
E:\Training\next_js_task\Django_REST\Food_Delivery_System_Task\food_delivery_system_backend\apps\orders\services\cart_service.py changed, reloading.
Watching for file changes with StatReloader
E:\Training\next_js_task\Django_REST\Food_Delivery_System_Task\food_delivery_system_backend\apps\orders\services\cart_service.py changed, reloading.
Watching for file changes with StatReloader
E:\Training\next_js_task\Django_REST\Food_Delivery_System_Task\food_delivery_system_backend\apps\orders\services\cart_service.py changed, reloading.
Watching for file changes with StatReloader
E:\Training\next_js_task\Django_REST\Food_Delivery_System_Task\food_delivery_system_backend\apps\orders\services\cart_service.py changed, reloading.
Watching for file changes with StatReloader
E:\Training\next_js_task\Django_REST\Food_Delivery_System_Task\food_delivery_system_backend\apps\orders\services\cart_service.py changed, reloading.
Watching for file changes with StatReloader
E:\Training\next_js_task\Django_REST\Food_Delivery_System_Task\food_delivery_system_backend\apps\orders\services\cart_service.py changed, reloading.
Watching for file changes with StatReloader
E:\Training\next_js_task\Django_REST\Food_Delivery_System_Task\food_delivery_system_backend\apps\orders\services\cart_service.py changed, reloading.
Watching for file changes with StatReloader
E:\Training\next_js_task\Django_REST\Food_Delivery_System_Task\food_delivery_system_backend\apps\orders\services\cart_service.py changed, reloading.
Watching for file changes with StatReloader
E:\Training\next_js_task\Django_REST\Food_Delivery_System_Task\food_delivery_system_backend\apps\orders\services\cart_service.py changed, reloading.
Watching for file changes with StatReloader
E:\Training\next_js_task\Django_REST\Food_Delivery_System_Task\food_delivery_system_backend\apps\orders\services\cart_service.py changed, reloading.
Watching for file changes with StatReloader
E:\Training\next_js_task\Django_REST\Food_Delivery_System_Task\food_delivery_system_backend\apps\orders\services\cart_service.py changed, reloading.
Watching for file changes with StatReloader
E:\Training\next_js_task\Django_REST\Food_Delivery_System_Task\food_delivery_system_backend\apps\orders\services\cart_service.py changed, reloading.
Watching for file changes with StatReloader
E:\Training\next_js_task\Django_REST\Food_Delivery_System_Task\food_delivery_system_backend\apps\orders\services\cart_service.py changed, reloading.
Watching for file changes with StatReloader
E:\Training\next_js_task\Django_REST\Food_Delivery_System_Task\food_delivery_system_backend\apps\orders\services\cart_service.py changed, reloading.
Watching for file changes with StatReloader
E:\Training\next_js_task\Django_REST\Food_Delivery_System_Task\food_delivery_system_backend\apps\orders\services\cart_service.py changed, reloading.
Watching for file changes with StatReloader
E:\Training\next_js_task\Django_REST\Food_Delivery_System_Task\food_delivery_system_backend\apps\orders\services\cart_service.py changed, reloading.
Watching for file changes with StatReloader
E:\Training\next_js_task\Django_REST\Food_Delivery_System_Task\food_delivery_system_backend\apps\orders\services\cart_service.py changed, reloading.
Watching for file changes with StatReloader
E:\Training\next_js_task\Django_REST\Food_Delivery_System_Task\food_delivery_system_backend\apps\orders\services\cart_service.py changed, reloading.
Watching for file changes with StatReloader
E:\Training\next_js_task\Django_REST\Food_Delivery_System_Task\food_delivery_system_backend\apps\orders\services\cart_service.py changed, reloading.
Watching for file changes with StatReloader
E:\Training\next_js_task\Django_REST\Food_Delivery_System_Task\food_delivery_system_backend\apps\orders\services\cart_service.py changed, reloading.
Watching for file changes with StatReloader
E:\Training\next_js_task\Django_REST\Food_Delivery_System_Task\food_delivery_system_backend\apps\orders\services\cart_service.py changed, reloading.
Watching for file changes with StatReloader
E:\Training\next_js_task\Django_REST\Food_Delivery_System_Task\food_delivery_system_backend\apps\orders\services\cart_service.py changed, reloading.
Watching for file changes with StatReloader
E:\Training\next_js_task\Django_REST\Food_Delivery_System_Task\food_delivery_system_backend\apps\orders\services\cart_service.py changed, reloading.
Watching for file changes with StatReloader
E:\Training\next_js_task\Django_REST\Food_Delivery_System_Task\food_delivery_system_backend\apps\orders\services\cart_service.py changed, reloading.
Watching for file changes with StatReloader
E:\Training\next_js_task\Django_REST\Food_Delivery_System_Task\food_delivery_system_backend\apps\orders\services\cart_service.py changed, reloading.
Watching for file changes with StatReloader
E:\Training\next_js_task\Django_REST\Food_Delivery_System_Task\food_delivery_system_backend\apps\orders\services\cart_service.py changed, reloading.
Watching for file changes with StatReloader
E:\Training\next_js_task\Django_REST\Food_Delivery_System_Task\food_delivery_system_backend\apps\orders\services\cart_service.py changed, reloading.
Watching for file changes with StatReloader
E:\Training\next_js_task\Django_REST\Food_Delivery_System_Task\food_delivery_system_backend\apps\orders\services\cart_service.py changed, reloading.
Watching for file changes with StatReloader
E:\Training\next_js_task\Django_REST\Food_Delivery_System_Task\food_delivery_system_backend\apps\orders\services\cart_service.py changed, reloading.
Watching for file changes with StatReloader
E:\Training\next_js_task\Django_REST\Food_Delivery_System_Task\food_delivery_system_backend\apps\orders\services\cart_service.py changed, reloading.
Watching for file changes with StatReloader
E:\Training\next_js_task\Django_REST\Food_Delivery_System_Task\food_delivery_system_backend\apps\orders\services\cart_service.py changed, reloading.
Watching for file changes with StatReloader
E:\Training\next_js_task\Django_REST\Food_Delivery_System_Task\food_delivery_system_backend\apps\orders\services\cart_service.py changed, reloading.
Watching for file changes with StatReloader
E:\Training\next_js_task\Django_REST\Food_Delivery_System_Task\food_delivery_system_backend\apps\orders\services\cart_service.py changed, reloading.
Watching for file changes with StatReloader
E:\Training\next_js_task\Django_REST\Food_Delivery_System_Task\food_delivery_system_backend\apps\orders\services\cart_service.py changed, reloading.
Watching for file changes with StatReloader
E:\Training\next_js_task\Django_REST\Food_Delivery_System_Task\food_delivery_system_backend\apps\orders\services\cart_service.py changed, reloading.
Watching for file changes with StatReloader
E:\Training\next_js_task\Django_REST\Food_Delivery_System_Task\food_delivery_system_backend\apps\orders\services\cart_service.py changed, reloading.
Watching for file changes with StatReloader
E:\Training\next_js_task\Django_REST\Food_Delivery_System_Task\food_delivery_system_backend\apps\orders\services\cart_service.py changed, reloading.
Watching for file changes with StatReloader
E:\Training\next_js_task\Django_REST\Food_Delivery_System_Task\food_delivery_system_backend\apps\orders\services\cart_service.py changed, reloading.
Watching for file changes with StatReloader
E:\Training\next_js_task\Django_REST\Food_Delivery_System_Task\food_delivery_system_backend\apps\orders\services\cart_service.py changed, reloading.
Watching for file changes with StatReloader
E:\Training\next_js_task\Django_REST\Food_Delivery_System_Task\food_delivery_system_backend\apps\orders\services\cart_service.py changed, reloading.
Watching for file changes with StatReloader
IP: 127.0.0.1 | Exception: {'detail': ErrorDetail(string='Given token not valid for any token type', code='token_not_valid'), 'code': ErrorDetail(string='token_not_valid', code='token_not_valid'), 'messages': [{'token_class': ErrorDetail(string='AccessToken', code='token_not_valid'), 'token_type': ErrorDetail(string='access', code='token_not_valid'), 'message': ErrorDetail(string='Token is expired', code='token_not_valid')}]} | View: <apps.orders.api.v1.views.cart.CartViewSet object at 0x00000245A5F5A960> | Method: POST | Path: /api/v1/carts/remove-from-cart/
Traceback (most recent call last):
  File "E:\Training\next_js_task\Django_REST\Food_Delivery_System_Task\food_delivery_system_backend\env_task\Lib\site-packages\rest_framework\views.py", line 503, in dispatch
    self.initial(request, *args, **kwargs)
  File "E:\Training\next_js_task\Django_REST\Food_Delivery_System_Task\food_delivery_system_backend\env_task\Lib\site-packages\rest_framework\views.py", line 420, in initial
    self.perform_authentication(request)
  File "E:\Training\next_js_task\Django_REST\Food_Delivery_System_Task\food_delivery_system_backend\env_task\Lib\site-packages\rest_framework\views.py", line 330, in perform_authentication
    request.user
  File "E:\Training\next_js_task\Django_REST\Food_Delivery_System_Task\food_delivery_system_backend\env_task\Lib\site-packages\rest_framework\request.py", line 232, in user
    self._authenticate()
  File "E:\Training\next_js_task\Django_REST\Food_Delivery_System_Task\food_delivery_system_backend\env_task\Lib\site-packages\rest_framework\request.py", line 385, in _authenticate
    user_auth_tuple = authenticator.authenticate(self)
                      ^^^^^^^^^^^^^^^^^^^^^^^^^^^^^^^^
  File "E:\Training\next_js_task\Django_REST\Food_Delivery_System_Task\food_delivery_system_backend\env_task\Lib\site-packages\rest_framework_simplejwt\authentication.py", line 49, in authenticate
    validated_token = self.get_validated_token(raw_token)
                      ^^^^^^^^^^^^^^^^^^^^^^^^^^^^^^^^^^^
  File "E:\Training\next_js_task\Django_REST\Food_Delivery_System_Task\food_delivery_system_backend\env_task\Lib\site-packages\rest_framework_simplejwt\authentication.py", line 113, in get_validated_token
    raise InvalidToken(
rest_framework_simplejwt.exceptions.InvalidToken: {'detail': ErrorDetail(string='Given token not valid for any token type', code='token_not_valid'), 'code': ErrorDetail(string='token_not_valid', code='token_not_valid'), 'messages': [{'token_class': ErrorDetail(string='AccessToken', code='token_not_valid'), 'token_type': ErrorDetail(string='access', code='token_not_valid'), 'message': ErrorDetail(string='Token is expired', code='token_not_valid')}]}
Internal Server Error: /api/v1/carts/remove-from-cart/
E:\Training\next_js_task\Django_REST\Food_Delivery_System_Task\food_delivery_system_backend\apps\orders\services\cart_service.py changed, reloading.
Watching for file changes with StatReloader
IP: 127.0.0.1 | Exception: {'detail': ErrorDetail(string='Given token not valid for any token type', code='token_not_valid'), 'code': ErrorDetail(string='token_not_valid', code='token_not_valid'), 'messages': [{'token_class': ErrorDetail(string='AccessToken', code='token_not_valid'), 'token_type': ErrorDetail(string='access', code='token_not_valid'), 'message': ErrorDetail(string='Token is expired', code='token_not_valid')}]} | View: <apps.orders.api.v1.views.cart.CartViewSet object at 0x000001BE6EDFAD80> | Method: POST | Path: /api/v1/carts/remove-from-cart/
Traceback (most recent call last):
  File "E:\Training\next_js_task\Django_REST\Food_Delivery_System_Task\food_delivery_system_backend\env_task\Lib\site-packages\rest_framework\views.py", line 503, in dispatch
    self.initial(request, *args, **kwargs)
  File "E:\Training\next_js_task\Django_REST\Food_Delivery_System_Task\food_delivery_system_backend\env_task\Lib\site-packages\rest_framework\views.py", line 420, in initial
    self.perform_authentication(request)
  File "E:\Training\next_js_task\Django_REST\Food_Delivery_System_Task\food_delivery_system_backend\env_task\Lib\site-packages\rest_framework\views.py", line 330, in perform_authentication
    request.user
  File "E:\Training\next_js_task\Django_REST\Food_Delivery_System_Task\food_delivery_system_backend\env_task\Lib\site-packages\rest_framework\request.py", line 232, in user
    self._authenticate()
  File "E:\Training\next_js_task\Django_REST\Food_Delivery_System_Task\food_delivery_system_backend\env_task\Lib\site-packages\rest_framework\request.py", line 385, in _authenticate
    user_auth_tuple = authenticator.authenticate(self)
                      ^^^^^^^^^^^^^^^^^^^^^^^^^^^^^^^^
  File "E:\Training\next_js_task\Django_REST\Food_Delivery_System_Task\food_delivery_system_backend\env_task\Lib\site-packages\rest_framework_simplejwt\authentication.py", line 49, in authenticate
    validated_token = self.get_validated_token(raw_token)
                      ^^^^^^^^^^^^^^^^^^^^^^^^^^^^^^^^^^^
  File "E:\Training\next_js_task\Django_REST\Food_Delivery_System_Task\food_delivery_system_backend\env_task\Lib\site-packages\rest_framework_simplejwt\authentication.py", line 113, in get_validated_token
    raise InvalidToken(
rest_framework_simplejwt.exceptions.InvalidToken: {'detail': ErrorDetail(string='Given token not valid for any token type', code='token_not_valid'), 'code': ErrorDetail(string='token_not_valid', code='token_not_valid'), 'messages': [{'token_class': ErrorDetail(string='AccessToken', code='token_not_valid'), 'token_type': ErrorDetail(string='access', code='token_not_valid'), 'message': ErrorDetail(string='Token is expired', code='token_not_valid')}]}
Internal Server Error: /api/v1/carts/remove-from-cart/
IP: 127.0.0.1 | Exception: 'OrderItemCreateSerializer' object has no attribute 'menu_item' | View: <apps.orders.api.v1.views.cart.CartViewSet object at 0x000001BE6EDF9DC0> | Method: POST | Path: /api/v1/carts/remove-from-cart/
Traceback (most recent call last):
  File "E:\Training\next_js_task\Django_REST\Food_Delivery_System_Task\food_delivery_system_backend\env_task\Lib\site-packages\rest_framework\views.py", line 512, in dispatch
    response = handler(request, *args, **kwargs)
               ^^^^^^^^^^^^^^^^^^^^^^^^^^^^^^^^^
  File "E:\Training\next_js_task\Django_REST\Food_Delivery_System_Task\food_delivery_system_backend\apps\orders\api\v1\views\cart.py", line 221, in remove_from_cart
    data = service.remove_order_item_from_cart()
           ^^^^^^^^^^^^^^^^^^^^^^^^^^^^^^^^^^^^^
  File "E:\Training\next_js_task\Django_REST\Food_Delivery_System_Task\food_delivery_system_backend\apps\orders\services\cart_service.py", line 75, in remove_order_item_from_cart
    if order_item.menu_item == serializer.menu_item:
                               ^^^^^^^^^^^^^^^^^^^^
AttributeError: 'OrderItemCreateSerializer' object has no attribute 'menu_item'
Internal Server Error: /api/v1/carts/remove-from-cart/
E:\Training\next_js_task\Django_REST\Food_Delivery_System_Task\food_delivery_system_backend\apps\orders\services\cart_service.py changed, reloading.
Watching for file changes with StatReloader
IP: 127.0.0.1 | Exception: 'OrderItemCreateSerializer' object has no attribute 'menu_item' | View: <apps.orders.api.v1.views.cart.CartViewSet object at 0x000001590537B2F0> | Method: POST | Path: /api/v1/carts/remove-from-cart/
Traceback (most recent call last):
  File "E:\Training\next_js_task\Django_REST\Food_Delivery_System_Task\food_delivery_system_backend\env_task\Lib\site-packages\rest_framework\views.py", line 512, in dispatch
    response = handler(request, *args, **kwargs)
               ^^^^^^^^^^^^^^^^^^^^^^^^^^^^^^^^^
  File "E:\Training\next_js_task\Django_REST\Food_Delivery_System_Task\food_delivery_system_backend\apps\orders\api\v1\views\cart.py", line 221, in remove_from_cart
    data = service.remove_order_item_from_cart()
           ^^^^^^^^^^^^^^^^^^^^^^^^^^^^^^^^^^^^^
  File "E:\Training\next_js_task\Django_REST\Food_Delivery_System_Task\food_delivery_system_backend\apps\orders\services\cart_service.py", line 76, in remove_order_item_from_cart
    if order_item.menu_item == serializer.menu_item:
                               ^^^^^^^^^^^^^^^^^^^^
AttributeError: 'OrderItemCreateSerializer' object has no attribute 'menu_item'
Internal Server Error: /api/v1/carts/remove-from-cart/
E:\Training\next_js_task\Django_REST\Food_Delivery_System_Task\food_delivery_system_backend\apps\orders\services\cart_service.py changed, reloading.
Watching for file changes with StatReloader
IP: 127.0.0.1 | Exception: 'ReturnDict' object has no attribute 'menu_item' | View: <apps.orders.api.v1.views.cart.CartViewSet object at 0x000002175C9D7AA0> | Method: POST | Path: /api/v1/carts/remove-from-cart/
Traceback (most recent call last):
  File "E:\Training\next_js_task\Django_REST\Food_Delivery_System_Task\food_delivery_system_backend\env_task\Lib\site-packages\rest_framework\views.py", line 512, in dispatch
    response = handler(request, *args, **kwargs)
               ^^^^^^^^^^^^^^^^^^^^^^^^^^^^^^^^^
  File "E:\Training\next_js_task\Django_REST\Food_Delivery_System_Task\food_delivery_system_backend\apps\orders\api\v1\views\cart.py", line 221, in remove_from_cart
    data = service.remove_order_item_from_cart()
           ^^^^^^^^^^^^^^^^^^^^^^^^^^^^^^^^^^^^^
  File "E:\Training\next_js_task\Django_REST\Food_Delivery_System_Task\food_delivery_system_backend\apps\orders\services\cart_service.py", line 76, in remove_order_item_from_cart
    if order_item.menu_item == serializer.data.menu_item:
                               ^^^^^^^^^^^^^^^^^^^^^^^^^
AttributeError: 'ReturnDict' object has no attribute 'menu_item'
Internal Server Error: /api/v1/carts/remove-from-cart/
E:\Training\next_js_task\Django_REST\Food_Delivery_System_Task\food_delivery_system_backend\apps\orders\services\cart_service.py changed, reloading.
Watching for file changes with StatReloader
IP: 127.0.0.1 | Exception: ORDER_ITEM_DOES_NOT_EXISTS | View: <apps.orders.api.v1.views.cart.CartViewSet object at 0x0000024718CDB2F0> | Method: POST | Path: /api/v1/carts/remove-from-cart/
Traceback (most recent call last):
  File "E:\Training\next_js_task\Django_REST\Food_Delivery_System_Task\food_delivery_system_backend\env_task\Lib\site-packages\rest_framework\views.py", line 512, in dispatch
    response = handler(request, *args, **kwargs)
               ^^^^^^^^^^^^^^^^^^^^^^^^^^^^^^^^^
  File "E:\Training\next_js_task\Django_REST\Food_Delivery_System_Task\food_delivery_system_backend\apps\orders\api\v1\views\cart.py", line 221, in remove_from_cart
    data = service.remove_order_item_from_cart()
           ^^^^^^^^^^^^^^^^^^^^^^^^^^^^^^^^^^^^^
  File "E:\Training\next_js_task\Django_REST\Food_Delivery_System_Task\food_delivery_system_backend\apps\orders\services\cart_service.py", line 87, in remove_order_item_from_cart
    raise DomainError(ErrorCodes.ORDER_ITEM_DOES_NOT_EXISTS)
apps.common.api.exceptions.DomainError: ORDER_ITEM_DOES_NOT_EXISTS
Bad Request: /api/v1/carts/remove-from-cart/
E:\Training\next_js_task\Django_REST\Food_Delivery_System_Task\food_delivery_system_backend\apps\orders\services\cart_service.py changed, reloading.
Watching for file changes with StatReloader
IP: 127.0.0.1 | Exception: ORDER_ITEM_DOES_NOT_EXISTS | View: <apps.orders.api.v1.views.cart.CartViewSet object at 0x000001EF5241D8E0> | Method: POST | Path: /api/v1/carts/remove-from-cart/
Traceback (most recent call last):
  File "E:\Training\next_js_task\Django_REST\Food_Delivery_System_Task\food_delivery_system_backend\env_task\Lib\site-packages\rest_framework\views.py", line 512, in dispatch
    response = handler(request, *args, **kwargs)
               ^^^^^^^^^^^^^^^^^^^^^^^^^^^^^^^^^
  File "E:\Training\next_js_task\Django_REST\Food_Delivery_System_Task\food_delivery_system_backend\apps\orders\api\v1\views\cart.py", line 221, in remove_from_cart
    data = service.remove_order_item_from_cart()
           ^^^^^^^^^^^^^^^^^^^^^^^^^^^^^^^^^^^^^
  File "E:\Training\next_js_task\Django_REST\Food_Delivery_System_Task\food_delivery_system_backend\apps\orders\services\cart_service.py", line 87, in remove_order_item_from_cart
    raise DomainError(ErrorCodes.ORDER_ITEM_DOES_NOT_EXISTS)
apps.common.api.exceptions.DomainError: ORDER_ITEM_DOES_NOT_EXISTS
Bad Request: /api/v1/carts/remove-from-cart/
E:\Training\next_js_task\Django_REST\Food_Delivery_System_Task\food_delivery_system_backend\apps\orders\services\cart_service.py changed, reloading.
Watching for file changes with StatReloader
E:\Training\next_js_task\Django_REST\Food_Delivery_System_Task\food_delivery_system_backend\apps\orders\services\cart_service.py changed, reloading.
Watching for file changes with StatReloader
E:\Training\next_js_task\Django_REST\Food_Delivery_System_Task\food_delivery_system_backend\apps\orders\services\cart_service.py changed, reloading.
Watching for file changes with StatReloader
IP: 127.0.0.1 | Exception: ORDER_ITEM_DOES_NOT_EXISTS | View: <apps.orders.api.v1.views.cart.CartViewSet object at 0x000001E0E6EEB2F0> | Method: POST | Path: /api/v1/carts/remove-from-cart/
Traceback (most recent call last):
  File "E:\Training\next_js_task\Django_REST\Food_Delivery_System_Task\food_delivery_system_backend\env_task\Lib\site-packages\rest_framework\views.py", line 512, in dispatch
    response = handler(request, *args, **kwargs)
               ^^^^^^^^^^^^^^^^^^^^^^^^^^^^^^^^^
  File "E:\Training\next_js_task\Django_REST\Food_Delivery_System_Task\food_delivery_system_backend\apps\orders\api\v1\views\cart.py", line 221, in remove_from_cart
    data = service.remove_order_item_from_cart()
           ^^^^^^^^^^^^^^^^^^^^^^^^^^^^^^^^^^^^^
  File "E:\Training\next_js_task\Django_REST\Food_Delivery_System_Task\food_delivery_system_backend\apps\orders\services\cart_service.py", line 88, in remove_order_item_from_cart
    raise DomainError(ErrorCodes.ORDER_ITEM_DOES_NOT_EXISTS)
apps.common.api.exceptions.DomainError: ORDER_ITEM_DOES_NOT_EXISTS
Bad Request: /api/v1/carts/remove-from-cart/
E:\Training\next_js_task\Django_REST\Food_Delivery_System_Task\food_delivery_system_backend\apps\orders\services\cart_service.py changed, reloading.
Watching for file changes with StatReloader
E:\Training\next_js_task\Django_REST\Food_Delivery_System_Task\food_delivery_system_backend\apps\orders\services\cart_service.py changed, reloading.
Watching for file changes with StatReloader
E:\Training\next_js_task\Django_REST\Food_Delivery_System_Task\food_delivery_system_backend\apps\orders\services\cart_service.py changed, reloading.
Watching for file changes with StatReloader
E:\Training\next_js_task\Django_REST\Food_Delivery_System_Task\food_delivery_system_backend\apps\orders\services\cart_service.py changed, reloading.
Watching for file changes with StatReloader
IP: 127.0.0.1 | Exception: 'OrderItemCreateSerializer' object has no attribute 'quantity' | View: <apps.orders.api.v1.views.cart.CartViewSet object at 0x00000136B1D17620> | Method: POST | Path: /api/v1/carts/remove-from-cart/
Traceback (most recent call last):
  File "E:\Training\next_js_task\Django_REST\Food_Delivery_System_Task\food_delivery_system_backend\env_task\Lib\site-packages\rest_framework\views.py", line 512, in dispatch
    response = handler(request, *args, **kwargs)
               ^^^^^^^^^^^^^^^^^^^^^^^^^^^^^^^^^
  File "E:\Training\next_js_task\Django_REST\Food_Delivery_System_Task\food_delivery_system_backend\apps\orders\api\v1\views\cart.py", line 221, in remove_from_cart
    data = service.remove_order_item_from_cart()
           ^^^^^^^^^^^^^^^^^^^^^^^^^^^^^^^^^^^^^
  File "E:\Training\next_js_task\Django_REST\Food_Delivery_System_Task\food_delivery_system_backend\apps\orders\services\cart_service.py", line 78, in remove_order_item_from_cart
    if serializer.quantity == 1:
       ^^^^^^^^^^^^^^^^^^^
AttributeError: 'OrderItemCreateSerializer' object has no attribute 'quantity'
Internal Server Error: /api/v1/carts/remove-from-cart/
E:\Training\next_js_task\Django_REST\Food_Delivery_System_Task\food_delivery_system_backend\apps\orders\services\cart_service.py changed, reloading.
Watching for file changes with StatReloader
E:\Training\next_js_task\Django_REST\Food_Delivery_System_Task\food_delivery_system_backend\apps\orders\services\cart_service.py changed, reloading.
Watching for file changes with StatReloader
E:\Training\next_js_task\Django_REST\Food_Delivery_System_Task\food_delivery_system_backend\apps\orders\services\cart_service.py changed, reloading.
Watching for file changes with StatReloader
E:\Training\next_js_task\Django_REST\Food_Delivery_System_Task\food_delivery_system_backend\apps\orders\services\cart_service.py changed, reloading.
Watching for file changes with StatReloader
IP: 127.0.0.1 | Exception: 'QuerySet' object has no attribute 'id' | View: <apps.orders.api.v1.views.cart.CartViewSet object at 0x000002BA7B0CB2F0> | Method: POST | Path: /api/v1/carts/remove-from-cart/
Traceback (most recent call last):
  File "E:\Training\next_js_task\Django_REST\Food_Delivery_System_Task\food_delivery_system_backend\env_task\Lib\site-packages\rest_framework\views.py", line 512, in dispatch
    response = handler(request, *args, **kwargs)
               ^^^^^^^^^^^^^^^^^^^^^^^^^^^^^^^^^
  File "E:\Training\next_js_task\Django_REST\Food_Delivery_System_Task\food_delivery_system_backend\apps\orders\api\v1\views\cart.py", line 221, in remove_from_cart
    data = service.remove_order_item_from_cart()
           ^^^^^^^^^^^^^^^^^^^^^^^^^^^^^^^^^^^^^
  File "E:\Training\next_js_task\Django_REST\Food_Delivery_System_Task\food_delivery_system_backend\apps\orders\services\cart_service.py", line 80, in remove_order_item_from_cart
    order_items.filter(id=order_items.id).delete()
                          ^^^^^^^^^^^^^^
AttributeError: 'QuerySet' object has no attribute 'id'
Internal Server Error: /api/v1/carts/remove-from-cart/
E:\Training\next_js_task\Django_REST\Food_Delivery_System_Task\food_delivery_system_backend\apps\orders\services\cart_service.py changed, reloading.
Watching for file changes with StatReloader
E:\Training\next_js_task\Django_REST\Food_Delivery_System_Task\food_delivery_system_backend\apps\orders\services\cart_service.py changed, reloading.
Watching for file changes with StatReloader
IP: 127.0.0.1 | Exception: ORDER_ITEM_DOES_NOT_EXISTS | View: <apps.orders.api.v1.views.cart.CartViewSet object at 0x000001BB59AFB2F0> | Method: POST | Path: /api/v1/carts/remove-from-cart/
Traceback (most recent call last):
  File "E:\Training\next_js_task\Django_REST\Food_Delivery_System_Task\food_delivery_system_backend\env_task\Lib\site-packages\rest_framework\views.py", line 512, in dispatch
    response = handler(request, *args, **kwargs)
               ^^^^^^^^^^^^^^^^^^^^^^^^^^^^^^^^^
  File "E:\Training\next_js_task\Django_REST\Food_Delivery_System_Task\food_delivery_system_backend\apps\orders\api\v1\views\cart.py", line 221, in remove_from_cart
    data = service.remove_order_item_from_cart()
           ^^^^^^^^^^^^^^^^^^^^^^^^^^^^^^^^^^^^^
  File "E:\Training\next_js_task\Django_REST\Food_Delivery_System_Task\food_delivery_system_backend\apps\orders\services\cart_service.py", line 88, in remove_order_item_from_cart
    raise DomainError(ErrorCodes.ORDER_ITEM_DOES_NOT_EXISTS)
apps.common.api.exceptions.DomainError: ORDER_ITEM_DOES_NOT_EXISTS
Bad Request: /api/v1/carts/remove-from-cart/
E:\Training\next_js_task\Django_REST\Food_Delivery_System_Task\food_delivery_system_backend\apps\orders\services\cart_service.py changed, reloading.
Watching for file changes with StatReloader
E:\Training\next_js_task\Django_REST\Food_Delivery_System_Task\food_delivery_system_backend\apps\orders\services\cart_service.py changed, reloading.
Watching for file changes with StatReloader
E:\Training\next_js_task\Django_REST\Food_Delivery_System_Task\food_delivery_system_backend\apps\orders\services\cart_service.py changed, reloading.
Watching for file changes with StatReloader
E:\Training\next_js_task\Django_REST\Food_Delivery_System_Task\food_delivery_system_backend\apps\orders\services\cart_service.py changed, reloading.
Watching for file changes with StatReloader
E:\Training\next_js_task\Django_REST\Food_Delivery_System_Task\food_delivery_system_backend\apps\orders\services\cart_service.py changed, reloading.
Watching for file changes with StatReloader
E:\Training\next_js_task\Django_REST\Food_Delivery_System_Task\food_delivery_system_backend\apps\orders\services\cart_service.py changed, reloading.
Watching for file changes with StatReloader
E:\Training\next_js_task\Django_REST\Food_Delivery_System_Task\food_delivery_system_backend\apps\orders\services\cart_service.py changed, reloading.
Watching for file changes with StatReloader
E:\Training\next_js_task\Django_REST\Food_Delivery_System_Task\food_delivery_system_backend\apps\orders\services\cart_service.py changed, reloading.
Watching for file changes with StatReloader
IP: 127.0.0.1 | Exception: {'detail': ErrorDetail(string='Given token not valid for any token type', code='token_not_valid'), 'code': ErrorDetail(string='token_not_valid', code='token_not_valid'), 'messages': [{'token_class': ErrorDetail(string='AccessToken', code='token_not_valid'), 'token_type': ErrorDetail(string='access', code='token_not_valid'), 'message': ErrorDetail(string='Token is expired', code='token_not_valid')}]} | View: <apps.orders.api.v1.views.cart.CartViewSet object at 0x000001915622B2C0> | Method: POST | Path: /api/v1/carts/add-to-cart/
Traceback (most recent call last):
  File "E:\Training\next_js_task\Django_REST\Food_Delivery_System_Task\food_delivery_system_backend\env_task\Lib\site-packages\rest_framework\views.py", line 503, in dispatch
    self.initial(request, *args, **kwargs)
  File "E:\Training\next_js_task\Django_REST\Food_Delivery_System_Task\food_delivery_system_backend\env_task\Lib\site-packages\rest_framework\views.py", line 420, in initial
    self.perform_authentication(request)
  File "E:\Training\next_js_task\Django_REST\Food_Delivery_System_Task\food_delivery_system_backend\env_task\Lib\site-packages\rest_framework\views.py", line 330, in perform_authentication
    request.user
  File "E:\Training\next_js_task\Django_REST\Food_Delivery_System_Task\food_delivery_system_backend\env_task\Lib\site-packages\rest_framework\request.py", line 232, in user
    self._authenticate()
  File "E:\Training\next_js_task\Django_REST\Food_Delivery_System_Task\food_delivery_system_backend\env_task\Lib\site-packages\rest_framework\request.py", line 385, in _authenticate
    user_auth_tuple = authenticator.authenticate(self)
                      ^^^^^^^^^^^^^^^^^^^^^^^^^^^^^^^^
  File "E:\Training\next_js_task\Django_REST\Food_Delivery_System_Task\food_delivery_system_backend\env_task\Lib\site-packages\rest_framework_simplejwt\authentication.py", line 49, in authenticate
    validated_token = self.get_validated_token(raw_token)
                      ^^^^^^^^^^^^^^^^^^^^^^^^^^^^^^^^^^^
  File "E:\Training\next_js_task\Django_REST\Food_Delivery_System_Task\food_delivery_system_backend\env_task\Lib\site-packages\rest_framework_simplejwt\authentication.py", line 113, in get_validated_token
    raise InvalidToken(
rest_framework_simplejwt.exceptions.InvalidToken: {'detail': ErrorDetail(string='Given token not valid for any token type', code='token_not_valid'), 'code': ErrorDetail(string='token_not_valid', code='token_not_valid'), 'messages': [{'token_class': ErrorDetail(string='AccessToken', code='token_not_valid'), 'token_type': ErrorDetail(string='access', code='token_not_valid'), 'message': ErrorDetail(string='Token is expired', code='token_not_valid')}]}
Internal Server Error: /api/v1/carts/add-to-cart/
E:\Training\next_js_task\Django_REST\Food_Delivery_System_Task\food_delivery_system_backend\apps\orders\services\cart_service.py changed, reloading.
Watching for file changes with StatReloader
E:\Training\next_js_task\Django_REST\Food_Delivery_System_Task\food_delivery_system_backend\apps\orders\services\cart_service.py changed, reloading.
Watching for file changes with StatReloader
E:\Training\next_js_task\Django_REST\Food_Delivery_System_Task\food_delivery_system_backend\apps\orders\services\cart_service.py changed, reloading.
Watching for file changes with StatReloader
E:\Training\next_js_task\Django_REST\Food_Delivery_System_Task\food_delivery_system_backend\apps\orders\services\cart_service.py changed, reloading.
Watching for file changes with StatReloader
E:\Training\next_js_task\Django_REST\Food_Delivery_System_Task\food_delivery_system_backend\apps\orders\services\cart_service.py changed, reloading.
Watching for file changes with StatReloader
E:\Training\next_js_task\Django_REST\Food_Delivery_System_Task\food_delivery_system_backend\apps\orders\services\cart_service.py changed, reloading.
Watching for file changes with StatReloader
IP: 127.0.0.1 | Exception: ORDER_ITEM_DOES_NOT_EXISTS | View: <apps.orders.api.v1.views.cart.CartViewSet object at 0x000002CF97FC2960> | Method: POST | Path: /api/v1/carts/remove-from-cart/
Traceback (most recent call last):
  File "E:\Training\next_js_task\Django_REST\Food_Delivery_System_Task\food_delivery_system_backend\env_task\Lib\site-packages\rest_framework\views.py", line 512, in dispatch
    response = handler(request, *args, **kwargs)
               ^^^^^^^^^^^^^^^^^^^^^^^^^^^^^^^^^
  File "E:\Training\next_js_task\Django_REST\Food_Delivery_System_Task\food_delivery_system_backend\apps\orders\api\v1\views\cart.py", line 221, in remove_from_cart
    data = service.remove_order_item_from_cart()
           ^^^^^^^^^^^^^^^^^^^^^^^^^^^^^^^^^^^^^
  File "E:\Training\next_js_task\Django_REST\Food_Delivery_System_Task\food_delivery_system_backend\apps\orders\services\cart_service.py", line 93, in remove_order_item_from_cart
    raise DomainError(ErrorCodes.ORDER_ITEM_DOES_NOT_EXISTS)
apps.common.api.exceptions.DomainError: ORDER_ITEM_DOES_NOT_EXISTS
Bad Request: /api/v1/carts/remove-from-cart/
E:\Training\next_js_task\Django_REST\Food_Delivery_System_Task\food_delivery_system_backend\apps\orders\services\cart_service.py changed, reloading.
Watching for file changes with StatReloader
E:\Training\next_js_task\Django_REST\Food_Delivery_System_Task\food_delivery_system_backend\apps\orders\services\cart_service.py changed, reloading.
Watching for file changes with StatReloader
E:\Training\next_js_task\Django_REST\Food_Delivery_System_Task\food_delivery_system_backend\apps\orders\services\cart_service.py changed, reloading.
Watching for file changes with StatReloader
IP: 127.0.0.1 | Exception: 'list' object has no attribute 'save' | View: <apps.orders.api.v1.views.cart.CartViewSet object at 0x0000020011D1B2F0> | Method: POST | Path: /api/v1/carts/add-to-cart/
Traceback (most recent call last):
  File "E:\Training\next_js_task\Django_REST\Food_Delivery_System_Task\food_delivery_system_backend\env_task\Lib\site-packages\rest_framework\views.py", line 512, in dispatch
    response = handler(request, *args, **kwargs)
               ^^^^^^^^^^^^^^^^^^^^^^^^^^^^^^^^^
  File "E:\Training\next_js_task\Django_REST\Food_Delivery_System_Task\food_delivery_system_backend\apps\orders\api\v1\views\cart.py", line 192, in add_to_cart
    data = service.add_order_item_to_cart()
           ^^^^^^^^^^^^^^^^^^^^^^^^^^^^^^^^
  File "E:\Training\next_js_task\Django_REST\Food_Delivery_System_Task\food_delivery_system_backend\apps\orders\services\cart_service.py", line 55, in add_order_item_to_cart
    order_items.save()
    ^^^^^^^^^^^^^^^^
AttributeError: 'list' object has no attribute 'save'
Internal Server Error: /api/v1/carts/add-to-cart/
E:\Training\next_js_task\Django_REST\Food_Delivery_System_Task\food_delivery_system_backend\apps\orders\services\cart_service.py changed, reloading.
Watching for file changes with StatReloader
E:\Training\next_js_task\Django_REST\Food_Delivery_System_Task\food_delivery_system_backend\apps\orders\services\cart_service.py changed, reloading.
Watching for file changes with StatReloader
E:\Training\next_js_task\Django_REST\Food_Delivery_System_Task\food_delivery_system_backend\apps\orders\services\cart_service.py changed, reloading.
Watching for file changes with StatReloader
E:\Training\next_js_task\Django_REST\Food_Delivery_System_Task\food_delivery_system_backend\apps\orders\services\cart_service.py changed, reloading.
Watching for file changes with StatReloader
E:\Training\next_js_task\Django_REST\Food_Delivery_System_Task\food_delivery_system_backend\apps\orders\services\cart_service.py changed, reloading.
Watching for file changes with StatReloader
E:\Training\next_js_task\Django_REST\Food_Delivery_System_Task\food_delivery_system_backend\apps\orders\services\cart_service.py changed, reloading.
Watching for file changes with StatReloader
E:\Training\next_js_task\Django_REST\Food_Delivery_System_Task\food_delivery_system_backend\apps\orders\services\cart_service.py changed, reloading.
Watching for file changes with StatReloader
E:\Training\next_js_task\Django_REST\Food_Delivery_System_Task\food_delivery_system_backend\apps\orders\services\cart_service.py changed, reloading.
Watching for file changes with StatReloader
E:\Training\next_js_task\Django_REST\Food_Delivery_System_Task\food_delivery_system_backend\apps\orders\services\cart_service.py changed, reloading.
Watching for file changes with StatReloader
E:\Training\next_js_task\Django_REST\Food_Delivery_System_Task\food_delivery_system_backend\apps\orders\services\cart_service.py changed, reloading.
Watching for file changes with StatReloader
IP: 127.0.0.1 | Exception: Direct assignment to the reverse side of a related set is prohibited. Use cart_menu.set() instead. | View: <apps.orders.api.v1.views.cart.CartViewSet object at 0x00000171E9BEB2F0> | Method: POST | Path: /api/v1/carts/add-to-cart/
Traceback (most recent call last):
  File "E:\Training\next_js_task\Django_REST\Food_Delivery_System_Task\food_delivery_system_backend\env_task\Lib\site-packages\rest_framework\views.py", line 512, in dispatch
    response = handler(request, *args, **kwargs)
               ^^^^^^^^^^^^^^^^^^^^^^^^^^^^^^^^^
  File "E:\Training\next_js_task\Django_REST\Food_Delivery_System_Task\food_delivery_system_backend\apps\orders\api\v1\views\cart.py", line 192, in add_to_cart
    data = service.add_order_item_to_cart()
           ^^^^^^^^^^^^^^^^^^^^^^^^^^^^^^^^
  File "E:\Training\next_js_task\Django_REST\Food_Delivery_System_Task\food_delivery_system_backend\apps\orders\services\cart_service.py", line 56, in add_order_item_to_cart
    cart.cart_menu = set(order_items)
    ^^^^^^^^^^^^^^
  File "E:\Training\next_js_task\Django_REST\Food_Delivery_System_Task\food_delivery_system_backend\env_task\Lib\site-packages\django\db\models\fields\related_descriptors.py", line 668, in __set__
    raise TypeError(
TypeError: Direct assignment to the reverse side of a related set is prohibited. Use cart_menu.set() instead.
Internal Server Error: /api/v1/carts/add-to-cart/
E:\Training\next_js_task\Django_REST\Food_Delivery_System_Task\food_delivery_system_backend\apps\orders\services\cart_service.py changed, reloading.
Watching for file changes with StatReloader
E:\Training\next_js_task\Django_REST\Food_Delivery_System_Task\food_delivery_system_backend\apps\orders\services\cart_service.py changed, reloading.
Watching for file changes with StatReloader
E:\Training\next_js_task\Django_REST\Food_Delivery_System_Task\food_delivery_system_backend\apps\orders\services\cart_service.py changed, reloading.
Watching for file changes with StatReloader
E:\Training\next_js_task\Django_REST\Food_Delivery_System_Task\food_delivery_system_backend\apps\orders\services\cart_service.py changed, reloading.
Watching for file changes with StatReloader
IP: 127.0.0.1 | Exception: Direct assignment to the reverse side of a related set is prohibited. Use cart_menu.set() instead. | View: <apps.orders.api.v1.views.cart.CartViewSet object at 0x000001E8BC39B2F0> | Method: POST | Path: /api/v1/carts/add-to-cart/
Traceback (most recent call last):
  File "E:\Training\next_js_task\Django_REST\Food_Delivery_System_Task\food_delivery_system_backend\env_task\Lib\site-packages\rest_framework\views.py", line 512, in dispatch
    response = handler(request, *args, **kwargs)
               ^^^^^^^^^^^^^^^^^^^^^^^^^^^^^^^^^
  File "E:\Training\next_js_task\Django_REST\Food_Delivery_System_Task\food_delivery_system_backend\apps\orders\api\v1\views\cart.py", line 192, in add_to_cart
    data = service.add_order_item_to_cart()
           ^^^^^^^^^^^^^^^^^^^^^^^^^^^^^^^^
  File "E:\Training\next_js_task\Django_REST\Food_Delivery_System_Task\food_delivery_system_backend\apps\orders\services\cart_service.py", line 56, in add_order_item_to_cart
    cart.cart_menu = order_item
    ^^^^^^^^^^^^^^
  File "E:\Training\next_js_task\Django_REST\Food_Delivery_System_Task\food_delivery_system_backend\env_task\Lib\site-packages\django\db\models\fields\related_descriptors.py", line 668, in __set__
    raise TypeError(
TypeError: Direct assignment to the reverse side of a related set is prohibited. Use cart_menu.set() instead.
Internal Server Error: /api/v1/carts/add-to-cart/
E:\Training\next_js_task\Django_REST\Food_Delivery_System_Task\food_delivery_system_backend\apps\orders\services\cart_service.py changed, reloading.
Watching for file changes with StatReloader
E:\Training\next_js_task\Django_REST\Food_Delivery_System_Task\food_delivery_system_backend\apps\orders\services\cart_service.py changed, reloading.
Watching for file changes with StatReloader
IP: 127.0.0.1 | Exception: 'Cart' object has no attribute 'cart_men' | View: <apps.orders.api.v1.views.cart.CartViewSet object at 0x0000025B707AB2F0> | Method: POST | Path: /api/v1/carts/add-to-cart/
Traceback (most recent call last):
  File "E:\Training\next_js_task\Django_REST\Food_Delivery_System_Task\food_delivery_system_backend\env_task\Lib\site-packages\rest_framework\views.py", line 512, in dispatch
    response = handler(request, *args, **kwargs)
               ^^^^^^^^^^^^^^^^^^^^^^^^^^^^^^^^^
  File "E:\Training\next_js_task\Django_REST\Food_Delivery_System_Task\food_delivery_system_backend\apps\orders\api\v1\views\cart.py", line 192, in add_to_cart
    data = service.add_order_item_to_cart()
           ^^^^^^^^^^^^^^^^^^^^^^^^^^^^^^^^
  File "E:\Training\next_js_task\Django_REST\Food_Delivery_System_Task\food_delivery_system_backend\apps\orders\services\cart_service.py", line 55, in add_order_item_to_cart
    print(cart.cart_men)
          ^^^^^^^^^^^^^
AttributeError: 'Cart' object has no attribute 'cart_men'. Did you mean: 'cart_menu'?
Internal Server Error: /api/v1/carts/add-to-cart/
E:\Training\next_js_task\Django_REST\Food_Delivery_System_Task\food_delivery_system_backend\apps\orders\services\cart_service.py changed, reloading.
Watching for file changes with StatReloader
E:\Training\next_js_task\Django_REST\Food_Delivery_System_Task\food_delivery_system_backend\apps\orders\selectors\order_selector.py changed, reloading.
Watching for file changes with StatReloader
E:\Training\next_js_task\Django_REST\Food_Delivery_System_Task\food_delivery_system_backend\apps\orders\selectors\order_selector.py changed, reloading.
Watching for file changes with StatReloader
E:\Training\next_js_task\Django_REST\Food_Delivery_System_Task\food_delivery_system_backend\apps\orders\selectors\order_selector.py changed, reloading.
Watching for file changes with StatReloader
E:\Training\next_js_task\Django_REST\Food_Delivery_System_Task\food_delivery_system_backend\apps\orders\services\cart_service.py changed, reloading.
Watching for file changes with StatReloader
E:\Training\next_js_task\Django_REST\Food_Delivery_System_Task\food_delivery_system_backend\apps\orders\services\cart_service.py changed, reloading.
Watching for file changes with StatReloader
E:\Training\next_js_task\Django_REST\Food_Delivery_System_Task\food_delivery_system_backend\apps\orders\services\cart_service.py changed, reloading.
Watching for file changes with StatReloader
E:\Training\next_js_task\Django_REST\Food_Delivery_System_Task\food_delivery_system_backend\apps\orders\services\cart_service.py changed, reloading.
Watching for file changes with StatReloader
E:\Training\next_js_task\Django_REST\Food_Delivery_System_Task\food_delivery_system_backend\apps\orders\services\cart_service.py changed, reloading.
Watching for file changes with StatReloader
E:\Training\next_js_task\Django_REST\Food_Delivery_System_Task\food_delivery_system_backend\apps\orders\services\cart_service.py changed, reloading.
Watching for file changes with StatReloader
E:\Training\next_js_task\Django_REST\Food_Delivery_System_Task\food_delivery_system_backend\apps\orders\services\cart_service.py changed, reloading.
Watching for file changes with StatReloader
E:\Training\next_js_task\Django_REST\Food_Delivery_System_Task\food_delivery_system_backend\apps\orders\services\cart_service.py changed, reloading.
Watching for file changes with StatReloader
E:\Training\next_js_task\Django_REST\Food_Delivery_System_Task\food_delivery_system_backend\apps\orders\services\cart_service.py changed, reloading.
Watching for file changes with StatReloader
IP: 127.0.0.1 | Exception: {'detail': ErrorDetail(string='Given token not valid for any token type', code='token_not_valid'), 'code': ErrorDetail(string='token_not_valid', code='token_not_valid'), 'messages': [{'token_class': ErrorDetail(string='AccessToken', code='token_not_valid'), 'token_type': ErrorDetail(string='access', code='token_not_valid'), 'message': ErrorDetail(string='Token is expired', code='token_not_valid')}]} | View: <apps.orders.api.v1.views.cart.CartViewSet object at 0x0000021D67FDB2F0> | Method: POST | Path: /api/v1/carts/add-to-cart/
Traceback (most recent call last):
  File "E:\Training\next_js_task\Django_REST\Food_Delivery_System_Task\food_delivery_system_backend\env_task\Lib\site-packages\rest_framework\views.py", line 503, in dispatch
    self.initial(request, *args, **kwargs)
  File "E:\Training\next_js_task\Django_REST\Food_Delivery_System_Task\food_delivery_system_backend\env_task\Lib\site-packages\rest_framework\views.py", line 420, in initial
    self.perform_authentication(request)
  File "E:\Training\next_js_task\Django_REST\Food_Delivery_System_Task\food_delivery_system_backend\env_task\Lib\site-packages\rest_framework\views.py", line 330, in perform_authentication
    request.user
  File "E:\Training\next_js_task\Django_REST\Food_Delivery_System_Task\food_delivery_system_backend\env_task\Lib\site-packages\rest_framework\request.py", line 232, in user
    self._authenticate()
  File "E:\Training\next_js_task\Django_REST\Food_Delivery_System_Task\food_delivery_system_backend\env_task\Lib\site-packages\rest_framework\request.py", line 385, in _authenticate
    user_auth_tuple = authenticator.authenticate(self)
                      ^^^^^^^^^^^^^^^^^^^^^^^^^^^^^^^^
  File "E:\Training\next_js_task\Django_REST\Food_Delivery_System_Task\food_delivery_system_backend\env_task\Lib\site-packages\rest_framework_simplejwt\authentication.py", line 49, in authenticate
    validated_token = self.get_validated_token(raw_token)
                      ^^^^^^^^^^^^^^^^^^^^^^^^^^^^^^^^^^^
  File "E:\Training\next_js_task\Django_REST\Food_Delivery_System_Task\food_delivery_system_backend\env_task\Lib\site-packages\rest_framework_simplejwt\authentication.py", line 113, in get_validated_token
    raise InvalidToken(
rest_framework_simplejwt.exceptions.InvalidToken: {'detail': ErrorDetail(string='Given token not valid for any token type', code='token_not_valid'), 'code': ErrorDetail(string='token_not_valid', code='token_not_valid'), 'messages': [{'token_class': ErrorDetail(string='AccessToken', code='token_not_valid'), 'token_type': ErrorDetail(string='access', code='token_not_valid'), 'message': ErrorDetail(string='Token is expired', code='token_not_valid')}]}
Internal Server Error: /api/v1/carts/add-to-cart/
E:\Training\next_js_task\Django_REST\Food_Delivery_System_Task\food_delivery_system_backend\apps\orders\services\cart_service.py changed, reloading.
Watching for file changes with StatReloader
E:\Training\next_js_task\Django_REST\Food_Delivery_System_Task\food_delivery_system_backend\apps\orders\services\cart_service.py changed, reloading.
Watching for file changes with StatReloader
E:\Training\next_js_task\Django_REST\Food_Delivery_System_Task\food_delivery_system_backend\apps\orders\services\cart_service.py changed, reloading.
Watching for file changes with StatReloader
E:\Training\next_js_task\Django_REST\Food_Delivery_System_Task\food_delivery_system_backend\apps\orders\services\cart_service.py changed, reloading.
Watching for file changes with StatReloader
E:\Training\next_js_task\Django_REST\Food_Delivery_System_Task\food_delivery_system_backend\apps\orders\services\cart_service.py changed, reloading.
Watching for file changes with StatReloader
E:\Training\next_js_task\Django_REST\Food_Delivery_System_Task\food_delivery_system_backend\apps\orders\services\cart_service.py changed, reloading.
Watching for file changes with StatReloader
E:\Training\next_js_task\Django_REST\Food_Delivery_System_Task\food_delivery_system_backend\apps\orders\services\cart_service.py changed, reloading.
Watching for file changes with StatReloader
E:\Training\next_js_task\Django_REST\Food_Delivery_System_Task\food_delivery_system_backend\apps\orders\services\cart_service.py changed, reloading.
Watching for file changes with StatReloader
IP: 127.0.0.1 | Exception: {'detail': ErrorDetail(string='Given token not valid for any token type', code='token_not_valid'), 'code': ErrorDetail(string='token_not_valid', code='token_not_valid'), 'messages': [{'token_class': ErrorDetail(string='AccessToken', code='token_not_valid'), 'token_type': ErrorDetail(string='access', code='token_not_valid'), 'message': ErrorDetail(string='Token is expired', code='token_not_valid')}]} | View: <apps.orders.api.v1.views.cart.CartViewSet object at 0x00000203A1FAFD70> | Method: POST | Path: /api/v1/carts/remove-from-cart/
Traceback (most recent call last):
  File "E:\Training\next_js_task\Django_REST\Food_Delivery_System_Task\food_delivery_system_backend\env_task\Lib\site-packages\rest_framework\views.py", line 503, in dispatch
    self.initial(request, *args, **kwargs)
  File "E:\Training\next_js_task\Django_REST\Food_Delivery_System_Task\food_delivery_system_backend\env_task\Lib\site-packages\rest_framework\views.py", line 420, in initial
    self.perform_authentication(request)
  File "E:\Training\next_js_task\Django_REST\Food_Delivery_System_Task\food_delivery_system_backend\env_task\Lib\site-packages\rest_framework\views.py", line 330, in perform_authentication
    request.user
  File "E:\Training\next_js_task\Django_REST\Food_Delivery_System_Task\food_delivery_system_backend\env_task\Lib\site-packages\rest_framework\request.py", line 232, in user
    self._authenticate()
  File "E:\Training\next_js_task\Django_REST\Food_Delivery_System_Task\food_delivery_system_backend\env_task\Lib\site-packages\rest_framework\request.py", line 385, in _authenticate
    user_auth_tuple = authenticator.authenticate(self)
                      ^^^^^^^^^^^^^^^^^^^^^^^^^^^^^^^^
  File "E:\Training\next_js_task\Django_REST\Food_Delivery_System_Task\food_delivery_system_backend\env_task\Lib\site-packages\rest_framework_simplejwt\authentication.py", line 49, in authenticate
    validated_token = self.get_validated_token(raw_token)
                      ^^^^^^^^^^^^^^^^^^^^^^^^^^^^^^^^^^^
  File "E:\Training\next_js_task\Django_REST\Food_Delivery_System_Task\food_delivery_system_backend\env_task\Lib\site-packages\rest_framework_simplejwt\authentication.py", line 113, in get_validated_token
    raise InvalidToken(
rest_framework_simplejwt.exceptions.InvalidToken: {'detail': ErrorDetail(string='Given token not valid for any token type', code='token_not_valid'), 'code': ErrorDetail(string='token_not_valid', code='token_not_valid'), 'messages': [{'token_class': ErrorDetail(string='AccessToken', code='token_not_valid'), 'token_type': ErrorDetail(string='access', code='token_not_valid'), 'message': ErrorDetail(string='Token is expired', code='token_not_valid')}]}
Internal Server Error: /api/v1/carts/remove-from-cart/
E:\Training\next_js_task\Django_REST\Food_Delivery_System_Task\food_delivery_system_backend\apps\orders\services\cart_service.py changed, reloading.
Watching for file changes with StatReloader
E:\Training\next_js_task\Django_REST\Food_Delivery_System_Task\food_delivery_system_backend\apps\orders\services\cart_service.py changed, reloading.
Watching for file changes with StatReloader
E:\Training\next_js_task\Django_REST\Food_Delivery_System_Task\food_delivery_system_backend\apps\orders\services\cart_service.py changed, reloading.
Watching for file changes with StatReloader
E:\Training\next_js_task\Django_REST\Food_Delivery_System_Task\food_delivery_system_backend\apps\orders\services\cart_service.py changed, reloading.
Watching for file changes with StatReloader
IP: 127.0.0.1 | Exception: ORDER_ITEM_DOES_NOT_EXISTS | View: <apps.orders.api.v1.views.cart.CartViewSet object at 0x000002662868BE90> | Method: POST | Path: /api/v1/carts/remove-from-cart/
Traceback (most recent call last):
  File "E:\Training\next_js_task\Django_REST\Food_Delivery_System_Task\food_delivery_system_backend\env_task\Lib\site-packages\rest_framework\views.py", line 512, in dispatch
    response = handler(request, *args, **kwargs)
               ^^^^^^^^^^^^^^^^^^^^^^^^^^^^^^^^^
  File "E:\Training\next_js_task\Django_REST\Food_Delivery_System_Task\food_delivery_system_backend\apps\orders\api\v1\views\cart.py", line 221, in remove_from_cart
    data = service.remove_order_item_from_cart()
           ^^^^^^^^^^^^^^^^^^^^^^^^^^^^^^^^^^^^^
  File "E:\Training\next_js_task\Django_REST\Food_Delivery_System_Task\food_delivery_system_backend\apps\orders\services\cart_service.py", line 90, in remove_order_item_from_cart
    raise DomainError(ErrorCodes.ORDER_ITEM_DOES_NOT_EXISTS)
apps.common.api.exceptions.DomainError: ORDER_ITEM_DOES_NOT_EXISTS
Bad Request: /api/v1/carts/remove-from-cart/
E:\Training\next_js_task\Django_REST\Food_Delivery_System_Task\food_delivery_system_backend\apps\orders\services\cart_service.py changed, reloading.
Watching for file changes with StatReloader
IP: 127.0.0.1 | Exception: ORDER_ITEM_DOES_NOT_EXISTS | View: <apps.orders.api.v1.views.cart.CartViewSet object at 0x0000011003ECBCB0> | Method: POST | Path: /api/v1/carts/remove-from-cart/
Traceback (most recent call last):
  File "E:\Training\next_js_task\Django_REST\Food_Delivery_System_Task\food_delivery_system_backend\env_task\Lib\site-packages\rest_framework\views.py", line 512, in dispatch
    response = handler(request, *args, **kwargs)
               ^^^^^^^^^^^^^^^^^^^^^^^^^^^^^^^^^
  File "E:\Training\next_js_task\Django_REST\Food_Delivery_System_Task\food_delivery_system_backend\apps\orders\api\v1\views\cart.py", line 221, in remove_from_cart
    data = service.remove_order_item_from_cart()
           ^^^^^^^^^^^^^^^^^^^^^^^^^^^^^^^^^^^^^
  File "E:\Training\next_js_task\Django_REST\Food_Delivery_System_Task\food_delivery_system_backend\apps\orders\services\cart_service.py", line 90, in remove_order_item_from_cart
    raise DomainError(ErrorCodes.ORDER_ITEM_DOES_NOT_EXISTS)
apps.common.api.exceptions.DomainError: ORDER_ITEM_DOES_NOT_EXISTS
Bad Request: /api/v1/carts/remove-from-cart/
E:\Training\next_js_task\Django_REST\Food_Delivery_System_Task\food_delivery_system_backend\apps\orders\services\cart_service.py changed, reloading.
Watching for file changes with StatReloader
E:\Training\next_js_task\Django_REST\Food_Delivery_System_Task\food_delivery_system_backend\apps\orders\services\cart_service.py changed, reloading.
Watching for file changes with StatReloader
E:\Training\next_js_task\Django_REST\Food_Delivery_System_Task\food_delivery_system_backend\apps\orders\services\cart_service.py changed, reloading.
Watching for file changes with StatReloader
E:\Training\next_js_task\Django_REST\Food_Delivery_System_Task\food_delivery_system_backend\apps\orders\services\cart_service.py changed, reloading.
Watching for file changes with StatReloader
E:\Training\next_js_task\Django_REST\Food_Delivery_System_Task\food_delivery_system_backend\apps\orders\services\cart_service.py changed, reloading.
Watching for file changes with StatReloader
E:\Training\next_js_task\Django_REST\Food_Delivery_System_Task\food_delivery_system_backend\apps\orders\services\cart_service.py changed, reloading.
Watching for file changes with StatReloader
E:\Training\next_js_task\Django_REST\Food_Delivery_System_Task\food_delivery_system_backend\apps\orders\services\cart_service.py changed, reloading.
Watching for file changes with StatReloader
E:\Training\next_js_task\Django_REST\Food_Delivery_System_Task\food_delivery_system_backend\apps\orders\services\cart_service.py changed, reloading.
Watching for file changes with StatReloader
IP: 127.0.0.1 | Exception: 'Cart' object has no attribute 'menu_item' | View: <apps.orders.api.v1.views.cart.CartViewSet object at 0x000001F30B05B2F0> | Method: POST | Path: /api/v1/carts/add-to-cart/
Traceback (most recent call last):
  File "E:\Training\next_js_task\Django_REST\Food_Delivery_System_Task\food_delivery_system_backend\env_task\Lib\site-packages\rest_framework\views.py", line 512, in dispatch
    response = handler(request, *args, **kwargs)
               ^^^^^^^^^^^^^^^^^^^^^^^^^^^^^^^^^
  File "E:\Training\next_js_task\Django_REST\Food_Delivery_System_Task\food_delivery_system_backend\apps\orders\api\v1\views\cart.py", line 192, in add_to_cart
    data = service.add_order_item_to_cart()
           ^^^^^^^^^^^^^^^^^^^^^^^^^^^^^^^^
  File "E:\Training\next_js_task\Django_REST\Food_Delivery_System_Task\food_delivery_system_backend\apps\orders\services\cart_service.py", line 54, in add_order_item_to_cart
    cart.menu_item.set(order_items)
    ^^^^^^^^^^^^^^
AttributeError: 'Cart' object has no attribute 'menu_item'
Internal Server Error: /api/v1/carts/add-to-cart/
E:\Training\next_js_task\Django_REST\Food_Delivery_System_Task\food_delivery_system_backend\apps\orders\services\cart_service.py changed, reloading.
Watching for file changes with StatReloader
IP: 127.0.0.1 | Exception: 'OrderItemCreateSerializer' object has no attribute 'quantity' | View: <apps.orders.api.v1.views.cart.CartViewSet object at 0x00000246CA105C10> | Method: POST | Path: /api/v1/carts/remove-from-cart/
Traceback (most recent call last):
  File "E:\Training\next_js_task\Django_REST\Food_Delivery_System_Task\food_delivery_system_backend\env_task\Lib\site-packages\rest_framework\views.py", line 512, in dispatch
    response = handler(request, *args, **kwargs)
               ^^^^^^^^^^^^^^^^^^^^^^^^^^^^^^^^^
  File "E:\Training\next_js_task\Django_REST\Food_Delivery_System_Task\food_delivery_system_backend\apps\orders\api\v1\views\cart.py", line 221, in remove_from_cart
    data = service.remove_order_item_from_cart()
           ^^^^^^^^^^^^^^^^^^^^^^^^^^^^^^^^^^^^^
  File "E:\Training\next_js_task\Django_REST\Food_Delivery_System_Task\food_delivery_system_backend\apps\orders\services\cart_service.py", line 82, in remove_order_item_from_cart
    order_item.quantity -= serializer.quantity
                           ^^^^^^^^^^^^^^^^^^^
AttributeError: 'OrderItemCreateSerializer' object has no attribute 'quantity'
Internal Server Error: /api/v1/carts/remove-from-cart/
E:\Training\next_js_task\Django_REST\Food_Delivery_System_Task\food_delivery_system_backend\apps\orders\services\cart_service.py changed, reloading.
Watching for file changes with StatReloader
E:\Training\next_js_task\Django_REST\Food_Delivery_System_Task\food_delivery_system_backend\apps\orders\services\cart_service.py changed, reloading.
Watching for file changes with StatReloader
E:\Training\next_js_task\Django_REST\Food_Delivery_System_Task\food_delivery_system_backend\apps\orders\services\cart_service.py changed, reloading.
Watching for file changes with StatReloader
E:\Training\next_js_task\Django_REST\Food_Delivery_System_Task\food_delivery_system_backend\apps\orders\api\v1\views\cart.py changed, reloading.
Watching for file changes with StatReloader
E:\Training\next_js_task\Django_REST\Food_Delivery_System_Task\food_delivery_system_backend\apps\orders\api\v1\views\cart.py changed, reloading.
Watching for file changes with StatReloader
E:\Training\next_js_task\Django_REST\Food_Delivery_System_Task\food_delivery_system_backend\apps\orders\api\v1\views\cart.py changed, reloading.
Watching for file changes with StatReloader
E:\Training\next_js_task\Django_REST\Food_Delivery_System_Task\food_delivery_system_backend\apps\orders\api\v1\views\cart.py changed, reloading.
Watching for file changes with StatReloader
E:\Training\next_js_task\Django_REST\Food_Delivery_System_Task\food_delivery_system_backend\apps\orders\api\v1\views\cart.py changed, reloading.
Watching for file changes with StatReloader
E:\Training\next_js_task\Django_REST\Food_Delivery_System_Task\food_delivery_system_backend\apps\orders\api\v1\views\cart.py changed, reloading.
Watching for file changes with StatReloader
E:\Training\next_js_task\Django_REST\Food_Delivery_System_Task\food_delivery_system_backend\apps\orders\api\v1\views\cart.py changed, reloading.
Watching for file changes with StatReloader
E:\Training\next_js_task\Django_REST\Food_Delivery_System_Task\food_delivery_system_backend\apps\orders\api\v1\views\cart.py changed, reloading.
Watching for file changes with StatReloader
E:\Training\next_js_task\Django_REST\Food_Delivery_System_Task\food_delivery_system_backend\apps\orders\api\v1\views\cart.py changed, reloading.
Watching for file changes with StatReloader
E:\Training\next_js_task\Django_REST\Food_Delivery_System_Task\food_delivery_system_backend\apps\orders\api\v1\views\cart.py changed, reloading.
Watching for file changes with StatReloader
E:\Training\next_js_task\Django_REST\Food_Delivery_System_Task\food_delivery_system_backend\apps\orders\api\v1\views\cart.py changed, reloading.
Watching for file changes with StatReloader
E:\Training\next_js_task\Django_REST\Food_Delivery_System_Task\food_delivery_system_backend\apps\orders\api\v1\views\cart.py changed, reloading.
Watching for file changes with StatReloader
E:\Training\next_js_task\Django_REST\Food_Delivery_System_Task\food_delivery_system_backend\apps\orders\api\v1\views\cart.py changed, reloading.
Watching for file changes with StatReloader
E:\Training\next_js_task\Django_REST\Food_Delivery_System_Task\food_delivery_system_backend\apps\orders\api\v1\views\cart.py changed, reloading.
Watching for file changes with StatReloader
E:\Training\next_js_task\Django_REST\Food_Delivery_System_Task\food_delivery_system_backend\apps\orders\api\v1\views\cart.py changed, reloading.
Watching for file changes with StatReloader
E:\Training\next_js_task\Django_REST\Food_Delivery_System_Task\food_delivery_system_backend\apps\orders\api\v1\views\cart.py changed, reloading.
Watching for file changes with StatReloader
E:\Training\next_js_task\Django_REST\Food_Delivery_System_Task\food_delivery_system_backend\apps\orders\api\v1\views\cart.py changed, reloading.
Watching for file changes with StatReloader
E:\Training\next_js_task\Django_REST\Food_Delivery_System_Task\food_delivery_system_backend\apps\orders\api\v1\views\cart.py changed, reloading.
Watching for file changes with StatReloader
E:\Training\next_js_task\Django_REST\Food_Delivery_System_Task\food_delivery_system_backend\apps\orders\api\v1\views\cart.py changed, reloading.
Watching for file changes with StatReloader
E:\Training\next_js_task\Django_REST\Food_Delivery_System_Task\food_delivery_system_backend\apps\orders\api\v1\views\cart.py changed, reloading.
Watching for file changes with StatReloader
E:\Training\next_js_task\Django_REST\Food_Delivery_System_Task\food_delivery_system_backend\apps\orders\api\v1\views\cart.py changed, reloading.
Watching for file changes with StatReloader
E:\Training\next_js_task\Django_REST\Food_Delivery_System_Task\food_delivery_system_backend\apps\orders\api\v1\views\cart.py changed, reloading.
Watching for file changes with StatReloader
E:\Training\next_js_task\Django_REST\Food_Delivery_System_Task\food_delivery_system_backend\apps\orders\api\v1\views\cart.py changed, reloading.
Watching for file changes with StatReloader
E:\Training\next_js_task\Django_REST\Food_Delivery_System_Task\food_delivery_system_backend\apps\orders\api\v1\views\cart.py changed, reloading.
Watching for file changes with StatReloader
E:\Training\next_js_task\Django_REST\Food_Delivery_System_Task\food_delivery_system_backend\apps\orders\api\v1\views\cart.py changed, reloading.
Watching for file changes with StatReloader
E:\Training\next_js_task\Django_REST\Food_Delivery_System_Task\food_delivery_system_backend\apps\orders\api\v1\views\cart.py changed, reloading.
Watching for file changes with StatReloader
E:\Training\next_js_task\Django_REST\Food_Delivery_System_Task\food_delivery_system_backend\apps\orders\api\v1\views\cart.py changed, reloading.
Watching for file changes with StatReloader
E:\Training\next_js_task\Django_REST\Food_Delivery_System_Task\food_delivery_system_backend\apps\orders\api\v1\views\cart.py changed, reloading.
Watching for file changes with StatReloader
E:\Training\next_js_task\Django_REST\Food_Delivery_System_Task\food_delivery_system_backend\apps\orders\api\v1\views\cart.py changed, reloading.
Watching for file changes with StatReloader
E:\Training\next_js_task\Django_REST\Food_Delivery_System_Task\food_delivery_system_backend\apps\orders\api\v1\views\cart.py changed, reloading.
Watching for file changes with StatReloader
E:\Training\next_js_task\Django_REST\Food_Delivery_System_Task\food_delivery_system_backend\apps\orders\api\v1\views\cart.py changed, reloading.
Watching for file changes with StatReloader
E:\Training\next_js_task\Django_REST\Food_Delivery_System_Task\food_delivery_system_backend\apps\orders\api\v1\views\cart.py changed, reloading.
Watching for file changes with StatReloader
E:\Training\next_js_task\Django_REST\Food_Delivery_System_Task\food_delivery_system_backend\apps\orders\api\v1\views\cart.py changed, reloading.
Watching for file changes with StatReloader
E:\Training\next_js_task\Django_REST\Food_Delivery_System_Task\food_delivery_system_backend\apps\orders\api\v1\views\cart.py changed, reloading.
Watching for file changes with StatReloader
E:\Training\next_js_task\Django_REST\Food_Delivery_System_Task\food_delivery_system_backend\apps\orders\api\v1\views\cart.py changed, reloading.
Watching for file changes with StatReloader
E:\Training\next_js_task\Django_REST\Food_Delivery_System_Task\food_delivery_system_backend\apps\orders\api\v1\views\cart.py changed, reloading.
Watching for file changes with StatReloader
E:\Training\next_js_task\Django_REST\Food_Delivery_System_Task\food_delivery_system_backend\apps\orders\api\v1\views\cart.py changed, reloading.
Watching for file changes with StatReloader
E:\Training\next_js_task\Django_REST\Food_Delivery_System_Task\food_delivery_system_backend\apps\orders\api\v1\views\cart.py changed, reloading.
Watching for file changes with StatReloader
IP: 127.0.0.1 | Exception: {'detail': ErrorDetail(string='Given token not valid for any token type', code='token_not_valid'), 'code': ErrorDetail(string='token_not_valid', code='token_not_valid'), 'messages': [{'token_class': ErrorDetail(string='AccessToken', code='token_not_valid'), 'token_type': ErrorDetail(string='access', code='token_not_valid'), 'message': ErrorDetail(string='Token is expired', code='token_not_valid')}]} | View: <apps.orders.api.v1.views.cart.CartViewSet object at 0x0000027BDAD4B2F0> | Method: GET | Path: /api/v1/carts/get-cart/
Traceback (most recent call last):
  File "E:\Training\next_js_task\Django_REST\Food_Delivery_System_Task\food_delivery_system_backend\env_task\Lib\site-packages\rest_framework\views.py", line 503, in dispatch
    self.initial(request, *args, **kwargs)
  File "E:\Training\next_js_task\Django_REST\Food_Delivery_System_Task\food_delivery_system_backend\env_task\Lib\site-packages\rest_framework\views.py", line 420, in initial
    self.perform_authentication(request)
  File "E:\Training\next_js_task\Django_REST\Food_Delivery_System_Task\food_delivery_system_backend\env_task\Lib\site-packages\rest_framework\views.py", line 330, in perform_authentication
    request.user
  File "E:\Training\next_js_task\Django_REST\Food_Delivery_System_Task\food_delivery_system_backend\env_task\Lib\site-packages\rest_framework\request.py", line 232, in user
    self._authenticate()
  File "E:\Training\next_js_task\Django_REST\Food_Delivery_System_Task\food_delivery_system_backend\env_task\Lib\site-packages\rest_framework\request.py", line 385, in _authenticate
    user_auth_tuple = authenticator.authenticate(self)
                      ^^^^^^^^^^^^^^^^^^^^^^^^^^^^^^^^
  File "E:\Training\next_js_task\Django_REST\Food_Delivery_System_Task\food_delivery_system_backend\env_task\Lib\site-packages\rest_framework_simplejwt\authentication.py", line 49, in authenticate
    validated_token = self.get_validated_token(raw_token)
                      ^^^^^^^^^^^^^^^^^^^^^^^^^^^^^^^^^^^
  File "E:\Training\next_js_task\Django_REST\Food_Delivery_System_Task\food_delivery_system_backend\env_task\Lib\site-packages\rest_framework_simplejwt\authentication.py", line 113, in get_validated_token
    raise InvalidToken(
rest_framework_simplejwt.exceptions.InvalidToken: {'detail': ErrorDetail(string='Given token not valid for any token type', code='token_not_valid'), 'code': ErrorDetail(string='token_not_valid', code='token_not_valid'), 'messages': [{'token_class': ErrorDetail(string='AccessToken', code='token_not_valid'), 'token_type': ErrorDetail(string='access', code='token_not_valid'), 'message': ErrorDetail(string='Token is expired', code='token_not_valid')}]}
Internal Server Error: /api/v1/carts/get-cart/
IP: 127.0.0.1 | Exception: {'detail': ErrorDetail(string='Given token not valid for any token type', code='token_not_valid'), 'code': ErrorDetail(string='token_not_valid', code='token_not_valid'), 'messages': [{'token_class': ErrorDetail(string='AccessToken', code='token_not_valid'), 'token_type': ErrorDetail(string='access', code='token_not_valid'), 'message': ErrorDetail(string='Token is expired', code='token_not_valid')}]} | View: <apps.orders.api.v1.views.cart.CartViewSet object at 0x0000027BDD405790> | Method: GET | Path: /api/v1/carts/get-cart/
Traceback (most recent call last):
  File "E:\Training\next_js_task\Django_REST\Food_Delivery_System_Task\food_delivery_system_backend\env_task\Lib\site-packages\rest_framework\views.py", line 503, in dispatch
    self.initial(request, *args, **kwargs)
  File "E:\Training\next_js_task\Django_REST\Food_Delivery_System_Task\food_delivery_system_backend\env_task\Lib\site-packages\rest_framework\views.py", line 420, in initial
    self.perform_authentication(request)
  File "E:\Training\next_js_task\Django_REST\Food_Delivery_System_Task\food_delivery_system_backend\env_task\Lib\site-packages\rest_framework\views.py", line 330, in perform_authentication
    request.user
  File "E:\Training\next_js_task\Django_REST\Food_Delivery_System_Task\food_delivery_system_backend\env_task\Lib\site-packages\rest_framework\request.py", line 232, in user
    self._authenticate()
  File "E:\Training\next_js_task\Django_REST\Food_Delivery_System_Task\food_delivery_system_backend\env_task\Lib\site-packages\rest_framework\request.py", line 385, in _authenticate
    user_auth_tuple = authenticator.authenticate(self)
                      ^^^^^^^^^^^^^^^^^^^^^^^^^^^^^^^^
  File "E:\Training\next_js_task\Django_REST\Food_Delivery_System_Task\food_delivery_system_backend\env_task\Lib\site-packages\rest_framework_simplejwt\authentication.py", line 49, in authenticate
    validated_token = self.get_validated_token(raw_token)
                      ^^^^^^^^^^^^^^^^^^^^^^^^^^^^^^^^^^^
  File "E:\Training\next_js_task\Django_REST\Food_Delivery_System_Task\food_delivery_system_backend\env_task\Lib\site-packages\rest_framework_simplejwt\authentication.py", line 113, in get_validated_token
    raise InvalidToken(
rest_framework_simplejwt.exceptions.InvalidToken: {'detail': ErrorDetail(string='Given token not valid for any token type', code='token_not_valid'), 'code': ErrorDetail(string='token_not_valid', code='token_not_valid'), 'messages': [{'token_class': ErrorDetail(string='AccessToken', code='token_not_valid'), 'token_type': ErrorDetail(string='access', code='token_not_valid'), 'message': ErrorDetail(string='Token is expired', code='token_not_valid')}]}
Internal Server Error: /api/v1/carts/get-cart/
IP: 127.0.0.1 | Exception: Expected view CartViewSet to be called with a URL keyword argument named "pk". Fix your URL conf, or set the `.lookup_field` attribute on the view correctly. | View: <apps.orders.api.v1.views.cart.CartViewSet object at 0x0000027BDD3D4B00> | Method: POST | Path: /api/v1/carts/clear-cart/
Traceback (most recent call last):
  File "E:\Training\next_js_task\Django_REST\Food_Delivery_System_Task\food_delivery_system_backend\env_task\Lib\site-packages\rest_framework\views.py", line 512, in dispatch
    response = handler(request, *args, **kwargs)
               ^^^^^^^^^^^^^^^^^^^^^^^^^^^^^^^^^
  File "E:\Training\next_js_task\Django_REST\Food_Delivery_System_Task\food_delivery_system_backend\apps\orders\api\v1\views\cart.py", line 237, in clear_cart
    cart = self.get_object()
           ^^^^^^^^^^^^^^^^^
  File "E:\Training\next_js_task\Django_REST\Food_Delivery_System_Task\food_delivery_system_backend\apps\orders\api\v1\views\cart.py", line 38, in get_object
    obj = super().get_object()
          ^^^^^^^^^^^^^^^^^^^^
  File "E:\Training\next_js_task\Django_REST\Food_Delivery_System_Task\food_delivery_system_backend\env_task\Lib\site-packages\rest_framework\generics.py", line 92, in get_object
    assert lookup_url_kwarg in self.kwargs, (
           ^^^^^^^^^^^^^^^^^^^^^^^^^^^^^^^
AssertionError: Expected view CartViewSet to be called with a URL keyword argument named "pk". Fix your URL conf, or set the `.lookup_field` attribute on the view correctly.
Internal Server Error: /api/v1/carts/clear-cart/
IP: 127.0.0.1 | Exception: Expected view CartViewSet to be called with a URL keyword argument named "pk". Fix your URL conf, or set the `.lookup_field` attribute on the view correctly. | View: <apps.orders.api.v1.views.cart.CartViewSet object at 0x0000027BDD1B7050> | Method: POST | Path: /api/v1/carts/clear-cart/
Traceback (most recent call last):
  File "E:\Training\next_js_task\Django_REST\Food_Delivery_System_Task\food_delivery_system_backend\env_task\Lib\site-packages\rest_framework\views.py", line 512, in dispatch
    response = handler(request, *args, **kwargs)
               ^^^^^^^^^^^^^^^^^^^^^^^^^^^^^^^^^
  File "E:\Training\next_js_task\Django_REST\Food_Delivery_System_Task\food_delivery_system_backend\apps\orders\api\v1\views\cart.py", line 237, in clear_cart
    cart = self.get_object()
           ^^^^^^^^^^^^^^^^^
  File "E:\Training\next_js_task\Django_REST\Food_Delivery_System_Task\food_delivery_system_backend\apps\orders\api\v1\views\cart.py", line 38, in get_object
    obj = super().get_object()
          ^^^^^^^^^^^^^^^^^^^^
  File "E:\Training\next_js_task\Django_REST\Food_Delivery_System_Task\food_delivery_system_backend\env_task\Lib\site-packages\rest_framework\generics.py", line 92, in get_object
    assert lookup_url_kwarg in self.kwargs, (
           ^^^^^^^^^^^^^^^^^^^^^^^^^^^^^^^
AssertionError: Expected view CartViewSet to be called with a URL keyword argument named "pk". Fix your URL conf, or set the `.lookup_field` attribute on the view correctly.
Internal Server Error: /api/v1/carts/clear-cart/
IP: 127.0.0.1 | Exception: Expected view CartViewSet to be called with a URL keyword argument named "pk". Fix your URL conf, or set the `.lookup_field` attribute on the view correctly. | View: <apps.orders.api.v1.views.cart.CartViewSet object at 0x0000027BDD00B290> | Method: POST | Path: /api/v1/carts/clear-cart/
Traceback (most recent call last):
  File "E:\Training\next_js_task\Django_REST\Food_Delivery_System_Task\food_delivery_system_backend\env_task\Lib\site-packages\rest_framework\views.py", line 512, in dispatch
    response = handler(request, *args, **kwargs)
               ^^^^^^^^^^^^^^^^^^^^^^^^^^^^^^^^^
  File "E:\Training\next_js_task\Django_REST\Food_Delivery_System_Task\food_delivery_system_backend\apps\orders\api\v1\views\cart.py", line 237, in clear_cart
    cart = self.get_object()
           ^^^^^^^^^^^^^^^^^
  File "E:\Training\next_js_task\Django_REST\Food_Delivery_System_Task\food_delivery_system_backend\apps\orders\api\v1\views\cart.py", line 38, in get_object
    obj = super().get_object()
          ^^^^^^^^^^^^^^^^^^^^
  File "E:\Training\next_js_task\Django_REST\Food_Delivery_System_Task\food_delivery_system_backend\env_task\Lib\site-packages\rest_framework\generics.py", line 92, in get_object
    assert lookup_url_kwarg in self.kwargs, (
           ^^^^^^^^^^^^^^^^^^^^^^^^^^^^^^^
AssertionError: Expected view CartViewSet to be called with a URL keyword argument named "pk". Fix your URL conf, or set the `.lookup_field` attribute on the view correctly.
Internal Server Error: /api/v1/carts/clear-cart/
IP: 127.0.0.1 | Exception: Expected view CartViewSet to be called with a URL keyword argument named "pk". Fix your URL conf, or set the `.lookup_field` attribute on the view correctly. | View: <apps.orders.api.v1.views.cart.CartViewSet object at 0x0000027BDD1576E0> | Method: POST | Path: /api/v1/carts/clear-cart/
Traceback (most recent call last):
  File "E:\Training\next_js_task\Django_REST\Food_Delivery_System_Task\food_delivery_system_backend\env_task\Lib\site-packages\rest_framework\views.py", line 512, in dispatch
    response = handler(request, *args, **kwargs)
               ^^^^^^^^^^^^^^^^^^^^^^^^^^^^^^^^^
  File "E:\Training\next_js_task\Django_REST\Food_Delivery_System_Task\food_delivery_system_backend\apps\orders\api\v1\views\cart.py", line 237, in clear_cart
    cart = self.get_object()
           ^^^^^^^^^^^^^^^^^
  File "E:\Training\next_js_task\Django_REST\Food_Delivery_System_Task\food_delivery_system_backend\apps\orders\api\v1\views\cart.py", line 38, in get_object
    obj = super().get_object()
          ^^^^^^^^^^^^^^^^^^^^
  File "E:\Training\next_js_task\Django_REST\Food_Delivery_System_Task\food_delivery_system_backend\env_task\Lib\site-packages\rest_framework\generics.py", line 92, in get_object
    assert lookup_url_kwarg in self.kwargs, (
           ^^^^^^^^^^^^^^^^^^^^^^^^^^^^^^^
AssertionError: Expected view CartViewSet to be called with a URL keyword argument named "pk". Fix your URL conf, or set the `.lookup_field` attribute on the view correctly.
Internal Server Error: /api/v1/carts/clear-cart/
IP: 127.0.0.1 | Exception: {'detail': ErrorDetail(string='Given token not valid for any token type', code='token_not_valid'), 'code': ErrorDetail(string='token_not_valid', code='token_not_valid'), 'messages': [{'token_class': ErrorDetail(string='AccessToken', code='token_not_valid'), 'token_type': ErrorDetail(string='access', code='token_not_valid'), 'message': ErrorDetail(string='Token is expired', code='token_not_valid')}]} | View: <apps.orders.api.v1.views.cart.CartViewSet object at 0x0000027BDD156090> | Method: POST | Path: /api/v1/carts/add-to-cart/
Traceback (most recent call last):
  File "E:\Training\next_js_task\Django_REST\Food_Delivery_System_Task\food_delivery_system_backend\env_task\Lib\site-packages\rest_framework\views.py", line 503, in dispatch
    self.initial(request, *args, **kwargs)
  File "E:\Training\next_js_task\Django_REST\Food_Delivery_System_Task\food_delivery_system_backend\env_task\Lib\site-packages\rest_framework\views.py", line 420, in initial
    self.perform_authentication(request)
  File "E:\Training\next_js_task\Django_REST\Food_Delivery_System_Task\food_delivery_system_backend\env_task\Lib\site-packages\rest_framework\views.py", line 330, in perform_authentication
    request.user
  File "E:\Training\next_js_task\Django_REST\Food_Delivery_System_Task\food_delivery_system_backend\env_task\Lib\site-packages\rest_framework\request.py", line 232, in user
    self._authenticate()
  File "E:\Training\next_js_task\Django_REST\Food_Delivery_System_Task\food_delivery_system_backend\env_task\Lib\site-packages\rest_framework\request.py", line 385, in _authenticate
    user_auth_tuple = authenticator.authenticate(self)
                      ^^^^^^^^^^^^^^^^^^^^^^^^^^^^^^^^
  File "E:\Training\next_js_task\Django_REST\Food_Delivery_System_Task\food_delivery_system_backend\env_task\Lib\site-packages\rest_framework_simplejwt\authentication.py", line 49, in authenticate
    validated_token = self.get_validated_token(raw_token)
                      ^^^^^^^^^^^^^^^^^^^^^^^^^^^^^^^^^^^
  File "E:\Training\next_js_task\Django_REST\Food_Delivery_System_Task\food_delivery_system_backend\env_task\Lib\site-packages\rest_framework_simplejwt\authentication.py", line 113, in get_validated_token
    raise InvalidToken(
rest_framework_simplejwt.exceptions.InvalidToken: {'detail': ErrorDetail(string='Given token not valid for any token type', code='token_not_valid'), 'code': ErrorDetail(string='token_not_valid', code='token_not_valid'), 'messages': [{'token_class': ErrorDetail(string='AccessToken', code='token_not_valid'), 'token_type': ErrorDetail(string='access', code='token_not_valid'), 'message': ErrorDetail(string='Token is expired', code='token_not_valid')}]}
Internal Server Error: /api/v1/carts/add-to-cart/
IP: 127.0.0.1 | Exception: Expected view CartViewSet to be called with a URL keyword argument named "pk". Fix your URL conf, or set the `.lookup_field` attribute on the view correctly. | View: <apps.orders.api.v1.views.cart.CartViewSet object at 0x0000027BDD1B4DA0> | Method: POST | Path: /api/v1/carts/clear-cart/
Traceback (most recent call last):
  File "E:\Training\next_js_task\Django_REST\Food_Delivery_System_Task\food_delivery_system_backend\env_task\Lib\site-packages\rest_framework\views.py", line 512, in dispatch
    response = handler(request, *args, **kwargs)
               ^^^^^^^^^^^^^^^^^^^^^^^^^^^^^^^^^
  File "E:\Training\next_js_task\Django_REST\Food_Delivery_System_Task\food_delivery_system_backend\apps\orders\api\v1\views\cart.py", line 237, in clear_cart
    cart = self.get_object()
           ^^^^^^^^^^^^^^^^^
  File "E:\Training\next_js_task\Django_REST\Food_Delivery_System_Task\food_delivery_system_backend\apps\orders\api\v1\views\cart.py", line 38, in get_object
    obj = super().get_object()
          ^^^^^^^^^^^^^^^^^^^^
  File "E:\Training\next_js_task\Django_REST\Food_Delivery_System_Task\food_delivery_system_backend\env_task\Lib\site-packages\rest_framework\generics.py", line 92, in get_object
    assert lookup_url_kwarg in self.kwargs, (
           ^^^^^^^^^^^^^^^^^^^^^^^^^^^^^^^
AssertionError: Expected view CartViewSet to be called with a URL keyword argument named "pk". Fix your URL conf, or set the `.lookup_field` attribute on the view correctly.
Internal Server Error: /api/v1/carts/clear-cart/
IP: 127.0.0.1 | Exception: Expected view CartViewSet to be called with a URL keyword argument named "pk". Fix your URL conf, or set the `.lookup_field` attribute on the view correctly. | View: <apps.orders.api.v1.views.cart.CartViewSet object at 0x0000027BDD216FC0> | Method: POST | Path: /api/v1/carts/clear-cart/
Traceback (most recent call last):
  File "E:\Training\next_js_task\Django_REST\Food_Delivery_System_Task\food_delivery_system_backend\env_task\Lib\site-packages\rest_framework\views.py", line 512, in dispatch
    response = handler(request, *args, **kwargs)
               ^^^^^^^^^^^^^^^^^^^^^^^^^^^^^^^^^
  File "E:\Training\next_js_task\Django_REST\Food_Delivery_System_Task\food_delivery_system_backend\apps\orders\api\v1\views\cart.py", line 237, in clear_cart
    cart = self.get_object()
           ^^^^^^^^^^^^^^^^^
  File "E:\Training\next_js_task\Django_REST\Food_Delivery_System_Task\food_delivery_system_backend\apps\orders\api\v1\views\cart.py", line 38, in get_object
    obj = super().get_object()
          ^^^^^^^^^^^^^^^^^^^^
  File "E:\Training\next_js_task\Django_REST\Food_Delivery_System_Task\food_delivery_system_backend\env_task\Lib\site-packages\rest_framework\generics.py", line 92, in get_object
    assert lookup_url_kwarg in self.kwargs, (
           ^^^^^^^^^^^^^^^^^^^^^^^^^^^^^^^
AssertionError: Expected view CartViewSet to be called with a URL keyword argument named "pk". Fix your URL conf, or set the `.lookup_field` attribute on the view correctly.
Internal Server Error: /api/v1/carts/clear-cart/
E:\Training\next_js_task\Django_REST\Food_Delivery_System_Task\food_delivery_system_backend\apps\orders\api\v1\views\cart.py changed, reloading.
Watching for file changes with StatReloader
E:\Training\next_js_task\Django_REST\Food_Delivery_System_Task\food_delivery_system_backend\apps\orders\api\v1\views\cart.py changed, reloading.
Watching for file changes with StatReloader
E:\Training\next_js_task\Django_REST\Food_Delivery_System_Task\food_delivery_system_backend\apps\orders\api\v1\views\cart.py changed, reloading.
Watching for file changes with StatReloader
IP: 127.0.0.1 | Exception: Expected view CartViewSet to be called with a URL keyword argument named "pk". Fix your URL conf, or set the `.lookup_field` attribute on the view correctly. | View: <apps.orders.api.v1.views.cart.CartViewSet object at 0x00000168367BF620> | Method: POST | Path: /api/v1/carts/clear-cart/
Traceback (most recent call last):
  File "E:\Training\next_js_task\Django_REST\Food_Delivery_System_Task\food_delivery_system_backend\env_task\Lib\site-packages\rest_framework\views.py", line 512, in dispatch
    response = handler(request, *args, **kwargs)
               ^^^^^^^^^^^^^^^^^^^^^^^^^^^^^^^^^
  File "E:\Training\next_js_task\Django_REST\Food_Delivery_System_Task\food_delivery_system_backend\apps\orders\api\v1\views\cart.py", line 236, in clear_cart
    cart = self.get_object()
           ^^^^^^^^^^^^^^^^^
  File "E:\Training\next_js_task\Django_REST\Food_Delivery_System_Task\food_delivery_system_backend\apps\orders\api\v1\views\cart.py", line 38, in get_object
    obj = super().get_object()
          ^^^^^^^^^^^^^^^^^^^^
  File "E:\Training\next_js_task\Django_REST\Food_Delivery_System_Task\food_delivery_system_backend\env_task\Lib\site-packages\rest_framework\generics.py", line 92, in get_object
    assert lookup_url_kwarg in self.kwargs, (
           ^^^^^^^^^^^^^^^^^^^^^^^^^^^^^^^
AssertionError: Expected view CartViewSet to be called with a URL keyword argument named "pk". Fix your URL conf, or set the `.lookup_field` attribute on the view correctly.
Internal Server Error: /api/v1/carts/clear-cart/
E:\Training\next_js_task\Django_REST\Food_Delivery_System_Task\food_delivery_system_backend\apps\orders\api\v1\views\cart.py changed, reloading.
Watching for file changes with StatReloader
IP: 127.0.0.1 | Exception: {'detail': ErrorDetail(string='Given token not valid for any token type', code='token_not_valid'), 'code': ErrorDetail(string='token_not_valid', code='token_not_valid'), 'messages': [{'token_class': ErrorDetail(string='AccessToken', code='token_not_valid'), 'token_type': ErrorDetail(string='access', code='token_not_valid'), 'message': ErrorDetail(string='Token is expired', code='token_not_valid')}]} | View: <apps.orders.api.v1.views.cart.CartViewSet object at 0x0000017A9FDB6930> | Method: GET | Path: /api/v1/carts/get-cart/
Traceback (most recent call last):
  File "E:\Training\next_js_task\Django_REST\Food_Delivery_System_Task\food_delivery_system_backend\env_task\Lib\site-packages\rest_framework\views.py", line 503, in dispatch
    self.initial(request, *args, **kwargs)
  File "E:\Training\next_js_task\Django_REST\Food_Delivery_System_Task\food_delivery_system_backend\env_task\Lib\site-packages\rest_framework\views.py", line 420, in initial
    self.perform_authentication(request)
  File "E:\Training\next_js_task\Django_REST\Food_Delivery_System_Task\food_delivery_system_backend\env_task\Lib\site-packages\rest_framework\views.py", line 330, in perform_authentication
    request.user
  File "E:\Training\next_js_task\Django_REST\Food_Delivery_System_Task\food_delivery_system_backend\env_task\Lib\site-packages\rest_framework\request.py", line 232, in user
    self._authenticate()
  File "E:\Training\next_js_task\Django_REST\Food_Delivery_System_Task\food_delivery_system_backend\env_task\Lib\site-packages\rest_framework\request.py", line 385, in _authenticate
    user_auth_tuple = authenticator.authenticate(self)
                      ^^^^^^^^^^^^^^^^^^^^^^^^^^^^^^^^
  File "E:\Training\next_js_task\Django_REST\Food_Delivery_System_Task\food_delivery_system_backend\env_task\Lib\site-packages\rest_framework_simplejwt\authentication.py", line 49, in authenticate
    validated_token = self.get_validated_token(raw_token)
                      ^^^^^^^^^^^^^^^^^^^^^^^^^^^^^^^^^^^
  File "E:\Training\next_js_task\Django_REST\Food_Delivery_System_Task\food_delivery_system_backend\env_task\Lib\site-packages\rest_framework_simplejwt\authentication.py", line 113, in get_validated_token
    raise InvalidToken(
rest_framework_simplejwt.exceptions.InvalidToken: {'detail': ErrorDetail(string='Given token not valid for any token type', code='token_not_valid'), 'code': ErrorDetail(string='token_not_valid', code='token_not_valid'), 'messages': [{'token_class': ErrorDetail(string='AccessToken', code='token_not_valid'), 'token_type': ErrorDetail(string='access', code='token_not_valid'), 'message': ErrorDetail(string='Token is expired', code='token_not_valid')}]}
Internal Server Error: /api/v1/carts/get-cart/
IP: 127.0.0.1 | Exception: {'detail': ErrorDetail(string='Given token not valid for any token type', code='token_not_valid'), 'code': ErrorDetail(string='token_not_valid', code='token_not_valid'), 'messages': [{'token_class': ErrorDetail(string='AccessToken', code='token_not_valid'), 'token_type': ErrorDetail(string='access', code='token_not_valid'), 'message': ErrorDetail(string='Token is expired', code='token_not_valid')}]} | View: <apps.orders.api.v1.views.cart.CartViewSet object at 0x0000017A9FEB01D0> | Method: GET | Path: /api/v1/carts/get-cart/
Traceback (most recent call last):
  File "E:\Training\next_js_task\Django_REST\Food_Delivery_System_Task\food_delivery_system_backend\env_task\Lib\site-packages\rest_framework\views.py", line 503, in dispatch
    self.initial(request, *args, **kwargs)
  File "E:\Training\next_js_task\Django_REST\Food_Delivery_System_Task\food_delivery_system_backend\env_task\Lib\site-packages\rest_framework\views.py", line 420, in initial
    self.perform_authentication(request)
  File "E:\Training\next_js_task\Django_REST\Food_Delivery_System_Task\food_delivery_system_backend\env_task\Lib\site-packages\rest_framework\views.py", line 330, in perform_authentication
    request.user
  File "E:\Training\next_js_task\Django_REST\Food_Delivery_System_Task\food_delivery_system_backend\env_task\Lib\site-packages\rest_framework\request.py", line 232, in user
    self._authenticate()
  File "E:\Training\next_js_task\Django_REST\Food_Delivery_System_Task\food_delivery_system_backend\env_task\Lib\site-packages\rest_framework\request.py", line 385, in _authenticate
    user_auth_tuple = authenticator.authenticate(self)
                      ^^^^^^^^^^^^^^^^^^^^^^^^^^^^^^^^
  File "E:\Training\next_js_task\Django_REST\Food_Delivery_System_Task\food_delivery_system_backend\env_task\Lib\site-packages\rest_framework_simplejwt\authentication.py", line 49, in authenticate
    validated_token = self.get_validated_token(raw_token)
                      ^^^^^^^^^^^^^^^^^^^^^^^^^^^^^^^^^^^
  File "E:\Training\next_js_task\Django_REST\Food_Delivery_System_Task\food_delivery_system_backend\env_task\Lib\site-packages\rest_framework_simplejwt\authentication.py", line 113, in get_validated_token
    raise InvalidToken(
rest_framework_simplejwt.exceptions.InvalidToken: {'detail': ErrorDetail(string='Given token not valid for any token type', code='token_not_valid'), 'code': ErrorDetail(string='token_not_valid', code='token_not_valid'), 'messages': [{'token_class': ErrorDetail(string='AccessToken', code='token_not_valid'), 'token_type': ErrorDetail(string='access', code='token_not_valid'), 'message': ErrorDetail(string='Token is expired', code='token_not_valid')}]}
Internal Server Error: /api/v1/carts/get-cart/
IP: 127.0.0.1 | Exception: {'detail': ErrorDetail(string='Given token not valid for any token type', code='token_not_valid'), 'code': ErrorDetail(string='token_not_valid', code='token_not_valid'), 'messages': [{'token_class': ErrorDetail(string='AccessToken', code='token_not_valid'), 'token_type': ErrorDetail(string='access', code='token_not_valid'), 'message': ErrorDetail(string='Token is expired', code='token_not_valid')}]} | View: <apps.restaurants.api.v1.views.restaurant.RestaurantProfileViewSet object at 0x0000017A9FE23920> | Method: GET | Path: /api/v1/restaurants/
Traceback (most recent call last):
  File "E:\Training\next_js_task\Django_REST\Food_Delivery_System_Task\food_delivery_system_backend\env_task\Lib\site-packages\rest_framework\views.py", line 503, in dispatch
    self.initial(request, *args, **kwargs)
  File "E:\Training\next_js_task\Django_REST\Food_Delivery_System_Task\food_delivery_system_backend\env_task\Lib\site-packages\rest_framework\views.py", line 420, in initial
    self.perform_authentication(request)
  File "E:\Training\next_js_task\Django_REST\Food_Delivery_System_Task\food_delivery_system_backend\env_task\Lib\site-packages\rest_framework\views.py", line 330, in perform_authentication
    request.user
  File "E:\Training\next_js_task\Django_REST\Food_Delivery_System_Task\food_delivery_system_backend\env_task\Lib\site-packages\rest_framework\request.py", line 232, in user
    self._authenticate()
  File "E:\Training\next_js_task\Django_REST\Food_Delivery_System_Task\food_delivery_system_backend\env_task\Lib\site-packages\rest_framework\request.py", line 385, in _authenticate
    user_auth_tuple = authenticator.authenticate(self)
                      ^^^^^^^^^^^^^^^^^^^^^^^^^^^^^^^^
  File "E:\Training\next_js_task\Django_REST\Food_Delivery_System_Task\food_delivery_system_backend\env_task\Lib\site-packages\rest_framework_simplejwt\authentication.py", line 49, in authenticate
    validated_token = self.get_validated_token(raw_token)
                      ^^^^^^^^^^^^^^^^^^^^^^^^^^^^^^^^^^^
  File "E:\Training\next_js_task\Django_REST\Food_Delivery_System_Task\food_delivery_system_backend\env_task\Lib\site-packages\rest_framework_simplejwt\authentication.py", line 113, in get_validated_token
    raise InvalidToken(
rest_framework_simplejwt.exceptions.InvalidToken: {'detail': ErrorDetail(string='Given token not valid for any token type', code='token_not_valid'), 'code': ErrorDetail(string='token_not_valid', code='token_not_valid'), 'messages': [{'token_class': ErrorDetail(string='AccessToken', code='token_not_valid'), 'token_type': ErrorDetail(string='access', code='token_not_valid'), 'message': ErrorDetail(string='Token is expired', code='token_not_valid')}]}
Internal Server Error: /api/v1/restaurants/
IP: 127.0.0.1 | Exception: {'detail': ErrorDetail(string='Given token not valid for any token type', code='token_not_valid'), 'code': ErrorDetail(string='token_not_valid', code='token_not_valid'), 'messages': [{'token_class': ErrorDetail(string='AccessToken', code='token_not_valid'), 'token_type': ErrorDetail(string='access', code='token_not_valid'), 'message': ErrorDetail(string='Token is expired', code='token_not_valid')}]} | View: <apps.restaurants.api.v1.views.restaurant.RestaurantProfileViewSet object at 0x0000017A9FE220F0> | Method: GET | Path: /api/v1/restaurants/popular/
Traceback (most recent call last):
  File "E:\Training\next_js_task\Django_REST\Food_Delivery_System_Task\food_delivery_system_backend\env_task\Lib\site-packages\rest_framework\views.py", line 503, in dispatch
    self.initial(request, *args, **kwargs)
  File "E:\Training\next_js_task\Django_REST\Food_Delivery_System_Task\food_delivery_system_backend\env_task\Lib\site-packages\rest_framework\views.py", line 420, in initial
    self.perform_authentication(request)
  File "E:\Training\next_js_task\Django_REST\Food_Delivery_System_Task\food_delivery_system_backend\env_task\Lib\site-packages\rest_framework\views.py", line 330, in perform_authentication
    request.user
  File "E:\Training\next_js_task\Django_REST\Food_Delivery_System_Task\food_delivery_system_backend\env_task\Lib\site-packages\rest_framework\request.py", line 232, in user
    self._authenticate()
  File "E:\Training\next_js_task\Django_REST\Food_Delivery_System_Task\food_delivery_system_backend\env_task\Lib\site-packages\rest_framework\request.py", line 385, in _authenticate
    user_auth_tuple = authenticator.authenticate(self)
                      ^^^^^^^^^^^^^^^^^^^^^^^^^^^^^^^^
  File "E:\Training\next_js_task\Django_REST\Food_Delivery_System_Task\food_delivery_system_backend\env_task\Lib\site-packages\rest_framework_simplejwt\authentication.py", line 49, in authenticate
    validated_token = self.get_validated_token(raw_token)
                      ^^^^^^^^^^^^^^^^^^^^^^^^^^^^^^^^^^^
  File "E:\Training\next_js_task\Django_REST\Food_Delivery_System_Task\food_delivery_system_backend\env_task\Lib\site-packages\rest_framework_simplejwt\authentication.py", line 113, in get_validated_token
    raise InvalidToken(
rest_framework_simplejwt.exceptions.InvalidToken: {'detail': ErrorDetail(string='Given token not valid for any token type', code='token_not_valid'), 'code': ErrorDetail(string='token_not_valid', code='token_not_valid'), 'messages': [{'token_class': ErrorDetail(string='AccessToken', code='token_not_valid'), 'token_type': ErrorDetail(string='access', code='token_not_valid'), 'message': ErrorDetail(string='Token is expired', code='token_not_valid')}]}
Internal Server Error: /api/v1/restaurants/popular/
IP: 127.0.0.1 | Exception: Authentication credentials were not provided. | View: <apps.orders.api.v1.views.cart.CartViewSet object at 0x0000017A9FDB76E0> | Method: GET | Path: /api/v1/carts/get-cart/
Traceback (most recent call last):
  File "E:\Training\next_js_task\Django_REST\Food_Delivery_System_Task\food_delivery_system_backend\env_task\Lib\site-packages\rest_framework\views.py", line 503, in dispatch
    self.initial(request, *args, **kwargs)
  File "E:\Training\next_js_task\Django_REST\Food_Delivery_System_Task\food_delivery_system_backend\env_task\Lib\site-packages\rest_framework\views.py", line 421, in initial
    self.check_permissions(request)
  File "E:\Training\next_js_task\Django_REST\Food_Delivery_System_Task\food_delivery_system_backend\env_task\Lib\site-packages\rest_framework\views.py", line 339, in check_permissions
    self.permission_denied(
  File "E:\Training\next_js_task\Django_REST\Food_Delivery_System_Task\food_delivery_system_backend\env_task\Lib\site-packages\rest_framework\views.py", line 180, in permission_denied
    raise exceptions.NotAuthenticated()
rest_framework.exceptions.NotAuthenticated: Authentication credentials were not provided.
Internal Server Error: /api/v1/carts/get-cart/
IP: 127.0.0.1 | Exception: Authentication credentials were not provided. | View: <apps.orders.api.v1.views.cart.CartViewSet object at 0x0000017A9FB86630> | Method: GET | Path: /api/v1/carts/get-cart/
Traceback (most recent call last):
  File "E:\Training\next_js_task\Django_REST\Food_Delivery_System_Task\food_delivery_system_backend\env_task\Lib\site-packages\rest_framework\views.py", line 503, in dispatch
    self.initial(request, *args, **kwargs)
  File "E:\Training\next_js_task\Django_REST\Food_Delivery_System_Task\food_delivery_system_backend\env_task\Lib\site-packages\rest_framework\views.py", line 421, in initial
    self.check_permissions(request)
  File "E:\Training\next_js_task\Django_REST\Food_Delivery_System_Task\food_delivery_system_backend\env_task\Lib\site-packages\rest_framework\views.py", line 339, in check_permissions
    self.permission_denied(
  File "E:\Training\next_js_task\Django_REST\Food_Delivery_System_Task\food_delivery_system_backend\env_task\Lib\site-packages\rest_framework\views.py", line 180, in permission_denied
    raise exceptions.NotAuthenticated()
rest_framework.exceptions.NotAuthenticated: Authentication credentials were not provided.
Internal Server Error: /api/v1/carts/get-cart/
IP: 127.0.0.1 | Exception: Authentication credentials were not provided. | View: <apps.orders.api.v1.views.cart.CartViewSet object at 0x0000017A9FF20980> | Method: GET | Path: /api/v1/carts/get-cart/
Traceback (most recent call last):
  File "E:\Training\next_js_task\Django_REST\Food_Delivery_System_Task\food_delivery_system_backend\env_task\Lib\site-packages\rest_framework\views.py", line 503, in dispatch
    self.initial(request, *args, **kwargs)
  File "E:\Training\next_js_task\Django_REST\Food_Delivery_System_Task\food_delivery_system_backend\env_task\Lib\site-packages\rest_framework\views.py", line 421, in initial
    self.check_permissions(request)
  File "E:\Training\next_js_task\Django_REST\Food_Delivery_System_Task\food_delivery_system_backend\env_task\Lib\site-packages\rest_framework\views.py", line 339, in check_permissions
    self.permission_denied(
  File "E:\Training\next_js_task\Django_REST\Food_Delivery_System_Task\food_delivery_system_backend\env_task\Lib\site-packages\rest_framework\views.py", line 180, in permission_denied
    raise exceptions.NotAuthenticated()
rest_framework.exceptions.NotAuthenticated: Authentication credentials were not provided.
Internal Server Error: /api/v1/carts/get-cart/
IP: 127.0.0.1 | Exception: Authentication credentials were not provided. | View: <apps.orders.api.v1.views.cart.CartViewSet object at 0x0000017A9FDF9010> | Method: GET | Path: /api/v1/carts/get-cart/
Traceback (most recent call last):
  File "E:\Training\next_js_task\Django_REST\Food_Delivery_System_Task\food_delivery_system_backend\env_task\Lib\site-packages\rest_framework\views.py", line 503, in dispatch
    self.initial(request, *args, **kwargs)
  File "E:\Training\next_js_task\Django_REST\Food_Delivery_System_Task\food_delivery_system_backend\env_task\Lib\site-packages\rest_framework\views.py", line 421, in initial
    self.check_permissions(request)
  File "E:\Training\next_js_task\Django_REST\Food_Delivery_System_Task\food_delivery_system_backend\env_task\Lib\site-packages\rest_framework\views.py", line 339, in check_permissions
    self.permission_denied(
  File "E:\Training\next_js_task\Django_REST\Food_Delivery_System_Task\food_delivery_system_backend\env_task\Lib\site-packages\rest_framework\views.py", line 180, in permission_denied
    raise exceptions.NotAuthenticated()
rest_framework.exceptions.NotAuthenticated: Authentication credentials were not provided.
Internal Server Error: /api/v1/carts/get-cart/
IP: 127.0.0.1 | Exception: Authentication credentials were not provided. | View: <apps.orders.api.v1.views.cart.CartViewSet object at 0x0000017A9FDFAC00> | Method: GET | Path: /api/v1/carts/get-cart/
Traceback (most recent call last):
  File "E:\Training\next_js_task\Django_REST\Food_Delivery_System_Task\food_delivery_system_backend\env_task\Lib\site-packages\rest_framework\views.py", line 503, in dispatch
    self.initial(request, *args, **kwargs)
  File "E:\Training\next_js_task\Django_REST\Food_Delivery_System_Task\food_delivery_system_backend\env_task\Lib\site-packages\rest_framework\views.py", line 421, in initial
    self.check_permissions(request)
  File "E:\Training\next_js_task\Django_REST\Food_Delivery_System_Task\food_delivery_system_backend\env_task\Lib\site-packages\rest_framework\views.py", line 339, in check_permissions
    self.permission_denied(
  File "E:\Training\next_js_task\Django_REST\Food_Delivery_System_Task\food_delivery_system_backend\env_task\Lib\site-packages\rest_framework\views.py", line 180, in permission_denied
    raise exceptions.NotAuthenticated()
rest_framework.exceptions.NotAuthenticated: Authentication credentials were not provided.
Internal Server Error: /api/v1/carts/get-cart/
IP: 127.0.0.1 | Exception: Authentication credentials were not provided. | View: <apps.orders.api.v1.views.cart.CartViewSet object at 0x0000017A9FEB1190> | Method: GET | Path: /api/v1/carts/get-cart/
Traceback (most recent call last):
  File "E:\Training\next_js_task\Django_REST\Food_Delivery_System_Task\food_delivery_system_backend\env_task\Lib\site-packages\rest_framework\views.py", line 503, in dispatch
    self.initial(request, *args, **kwargs)
  File "E:\Training\next_js_task\Django_REST\Food_Delivery_System_Task\food_delivery_system_backend\env_task\Lib\site-packages\rest_framework\views.py", line 421, in initial
    self.check_permissions(request)
  File "E:\Training\next_js_task\Django_REST\Food_Delivery_System_Task\food_delivery_system_backend\env_task\Lib\site-packages\rest_framework\views.py", line 339, in check_permissions
    self.permission_denied(
  File "E:\Training\next_js_task\Django_REST\Food_Delivery_System_Task\food_delivery_system_backend\env_task\Lib\site-packages\rest_framework\views.py", line 180, in permission_denied
    raise exceptions.NotAuthenticated()
rest_framework.exceptions.NotAuthenticated: Authentication credentials were not provided.
Internal Server Error: /api/v1/carts/get-cart/
IP: 127.0.0.1 | Exception: Authentication credentials were not provided. | View: <apps.orders.api.v1.views.cart.CartViewSet object at 0x0000017A9FEB0CB0> | Method: GET | Path: /api/v1/carts/get-cart/
Traceback (most recent call last):
  File "E:\Training\next_js_task\Django_REST\Food_Delivery_System_Task\food_delivery_system_backend\env_task\Lib\site-packages\rest_framework\views.py", line 503, in dispatch
    self.initial(request, *args, **kwargs)
  File "E:\Training\next_js_task\Django_REST\Food_Delivery_System_Task\food_delivery_system_backend\env_task\Lib\site-packages\rest_framework\views.py", line 421, in initial
    self.check_permissions(request)
  File "E:\Training\next_js_task\Django_REST\Food_Delivery_System_Task\food_delivery_system_backend\env_task\Lib\site-packages\rest_framework\views.py", line 339, in check_permissions
    self.permission_denied(
  File "E:\Training\next_js_task\Django_REST\Food_Delivery_System_Task\food_delivery_system_backend\env_task\Lib\site-packages\rest_framework\views.py", line 180, in permission_denied
    raise exceptions.NotAuthenticated()
rest_framework.exceptions.NotAuthenticated: Authentication credentials were not provided.
Internal Server Error: /api/v1/carts/get-cart/
IP: 127.0.0.1 | Exception: Authentication credentials were not provided. | View: <apps.orders.api.v1.views.cart.CartViewSet object at 0x0000017A9FDD2240> | Method: GET | Path: /api/v1/carts/get-cart/
Traceback (most recent call last):
  File "E:\Training\next_js_task\Django_REST\Food_Delivery_System_Task\food_delivery_system_backend\env_task\Lib\site-packages\rest_framework\views.py", line 503, in dispatch
    self.initial(request, *args, **kwargs)
  File "E:\Training\next_js_task\Django_REST\Food_Delivery_System_Task\food_delivery_system_backend\env_task\Lib\site-packages\rest_framework\views.py", line 421, in initial
    self.check_permissions(request)
  File "E:\Training\next_js_task\Django_REST\Food_Delivery_System_Task\food_delivery_system_backend\env_task\Lib\site-packages\rest_framework\views.py", line 339, in check_permissions
    self.permission_denied(
  File "E:\Training\next_js_task\Django_REST\Food_Delivery_System_Task\food_delivery_system_backend\env_task\Lib\site-packages\rest_framework\views.py", line 180, in permission_denied
    raise exceptions.NotAuthenticated()
rest_framework.exceptions.NotAuthenticated: Authentication credentials were not provided.
Internal Server Error: /api/v1/carts/get-cart/
IP: 127.0.0.1 | Exception: Authentication credentials were not provided. | View: <apps.orders.api.v1.views.cart.CartViewSet object at 0x0000017A9FE21A60> | Method: GET | Path: /api/v1/carts/get-cart/
Traceback (most recent call last):
  File "E:\Training\next_js_task\Django_REST\Food_Delivery_System_Task\food_delivery_system_backend\env_task\Lib\site-packages\rest_framework\views.py", line 503, in dispatch
    self.initial(request, *args, **kwargs)
  File "E:\Training\next_js_task\Django_REST\Food_Delivery_System_Task\food_delivery_system_backend\env_task\Lib\site-packages\rest_framework\views.py", line 421, in initial
    self.check_permissions(request)
  File "E:\Training\next_js_task\Django_REST\Food_Delivery_System_Task\food_delivery_system_backend\env_task\Lib\site-packages\rest_framework\views.py", line 339, in check_permissions
    self.permission_denied(
  File "E:\Training\next_js_task\Django_REST\Food_Delivery_System_Task\food_delivery_system_backend\env_task\Lib\site-packages\rest_framework\views.py", line 180, in permission_denied
    raise exceptions.NotAuthenticated()
rest_framework.exceptions.NotAuthenticated: Authentication credentials were not provided.
Internal Server Error: /api/v1/carts/get-cart/
IP: 127.0.0.1 | Exception: Authentication credentials were not provided. | View: <apps.orders.api.v1.views.cart.CartViewSet object at 0x0000017A9FEB0E30> | Method: GET | Path: /api/v1/carts/get-cart/
Traceback (most recent call last):
  File "E:\Training\next_js_task\Django_REST\Food_Delivery_System_Task\food_delivery_system_backend\env_task\Lib\site-packages\rest_framework\views.py", line 503, in dispatch
    self.initial(request, *args, **kwargs)
  File "E:\Training\next_js_task\Django_REST\Food_Delivery_System_Task\food_delivery_system_backend\env_task\Lib\site-packages\rest_framework\views.py", line 421, in initial
    self.check_permissions(request)
  File "E:\Training\next_js_task\Django_REST\Food_Delivery_System_Task\food_delivery_system_backend\env_task\Lib\site-packages\rest_framework\views.py", line 339, in check_permissions
    self.permission_denied(
  File "E:\Training\next_js_task\Django_REST\Food_Delivery_System_Task\food_delivery_system_backend\env_task\Lib\site-packages\rest_framework\views.py", line 180, in permission_denied
    raise exceptions.NotAuthenticated()
rest_framework.exceptions.NotAuthenticated: Authentication credentials were not provided.
Internal Server Error: /api/v1/carts/get-cart/
IP: 127.0.0.1 | Exception: Authentication credentials were not provided. | View: <apps.orders.api.v1.views.cart.CartViewSet object at 0x0000017A9FEB05C0> | Method: GET | Path: /api/v1/carts/get-cart/
Traceback (most recent call last):
  File "E:\Training\next_js_task\Django_REST\Food_Delivery_System_Task\food_delivery_system_backend\env_task\Lib\site-packages\rest_framework\views.py", line 503, in dispatch
    self.initial(request, *args, **kwargs)
  File "E:\Training\next_js_task\Django_REST\Food_Delivery_System_Task\food_delivery_system_backend\env_task\Lib\site-packages\rest_framework\views.py", line 421, in initial
    self.check_permissions(request)
  File "E:\Training\next_js_task\Django_REST\Food_Delivery_System_Task\food_delivery_system_backend\env_task\Lib\site-packages\rest_framework\views.py", line 339, in check_permissions
    self.permission_denied(
  File "E:\Training\next_js_task\Django_REST\Food_Delivery_System_Task\food_delivery_system_backend\env_task\Lib\site-packages\rest_framework\views.py", line 180, in permission_denied
    raise exceptions.NotAuthenticated()
rest_framework.exceptions.NotAuthenticated: Authentication credentials were not provided.
Internal Server Error: /api/v1/carts/get-cart/
IP: 127.0.0.1 | Exception: Authentication credentials were not provided. | View: <apps.orders.api.v1.views.cart.CartViewSet object at 0x0000017A9FE207A0> | Method: GET | Path: /api/v1/carts/get-cart/
Traceback (most recent call last):
  File "E:\Training\next_js_task\Django_REST\Food_Delivery_System_Task\food_delivery_system_backend\env_task\Lib\site-packages\rest_framework\views.py", line 503, in dispatch
    self.initial(request, *args, **kwargs)
  File "E:\Training\next_js_task\Django_REST\Food_Delivery_System_Task\food_delivery_system_backend\env_task\Lib\site-packages\rest_framework\views.py", line 421, in initial
    self.check_permissions(request)
  File "E:\Training\next_js_task\Django_REST\Food_Delivery_System_Task\food_delivery_system_backend\env_task\Lib\site-packages\rest_framework\views.py", line 339, in check_permissions
    self.permission_denied(
  File "E:\Training\next_js_task\Django_REST\Food_Delivery_System_Task\food_delivery_system_backend\env_task\Lib\site-packages\rest_framework\views.py", line 180, in permission_denied
    raise exceptions.NotAuthenticated()
rest_framework.exceptions.NotAuthenticated: Authentication credentials were not provided.
Internal Server Error: /api/v1/carts/get-cart/
IP: 127.0.0.1 | Exception: Authentication credentials were not provided. | View: <apps.orders.api.v1.views.cart.CartViewSet object at 0x0000017A9FE23B90> | Method: GET | Path: /api/v1/carts/get-cart/
Traceback (most recent call last):
  File "E:\Training\next_js_task\Django_REST\Food_Delivery_System_Task\food_delivery_system_backend\env_task\Lib\site-packages\rest_framework\views.py", line 503, in dispatch
    self.initial(request, *args, **kwargs)
  File "E:\Training\next_js_task\Django_REST\Food_Delivery_System_Task\food_delivery_system_backend\env_task\Lib\site-packages\rest_framework\views.py", line 421, in initial
    self.check_permissions(request)
  File "E:\Training\next_js_task\Django_REST\Food_Delivery_System_Task\food_delivery_system_backend\env_task\Lib\site-packages\rest_framework\views.py", line 339, in check_permissions
    self.permission_denied(
  File "E:\Training\next_js_task\Django_REST\Food_Delivery_System_Task\food_delivery_system_backend\env_task\Lib\site-packages\rest_framework\views.py", line 180, in permission_denied
    raise exceptions.NotAuthenticated()
rest_framework.exceptions.NotAuthenticated: Authentication credentials were not provided.
Internal Server Error: /api/v1/carts/get-cart/
IP: 127.0.0.1 | Exception: Authentication credentials were not provided. | View: <apps.orders.api.v1.views.cart.CartViewSet object at 0x0000017A9FE21C40> | Method: GET | Path: /api/v1/carts/get-cart/
Traceback (most recent call last):
  File "E:\Training\next_js_task\Django_REST\Food_Delivery_System_Task\food_delivery_system_backend\env_task\Lib\site-packages\rest_framework\views.py", line 503, in dispatch
    self.initial(request, *args, **kwargs)
  File "E:\Training\next_js_task\Django_REST\Food_Delivery_System_Task\food_delivery_system_backend\env_task\Lib\site-packages\rest_framework\views.py", line 421, in initial
    self.check_permissions(request)
  File "E:\Training\next_js_task\Django_REST\Food_Delivery_System_Task\food_delivery_system_backend\env_task\Lib\site-packages\rest_framework\views.py", line 339, in check_permissions
    self.permission_denied(
  File "E:\Training\next_js_task\Django_REST\Food_Delivery_System_Task\food_delivery_system_backend\env_task\Lib\site-packages\rest_framework\views.py", line 180, in permission_denied
    raise exceptions.NotAuthenticated()
rest_framework.exceptions.NotAuthenticated: Authentication credentials were not provided.
Internal Server Error: /api/v1/carts/get-cart/
IP: 127.0.0.1 | Exception: Authentication credentials were not provided. | View: <apps.orders.api.v1.views.cart.CartViewSet object at 0x0000017A9FE21460> | Method: GET | Path: /api/v1/carts/get-cart/
Traceback (most recent call last):
  File "E:\Training\next_js_task\Django_REST\Food_Delivery_System_Task\food_delivery_system_backend\env_task\Lib\site-packages\rest_framework\views.py", line 503, in dispatch
    self.initial(request, *args, **kwargs)
  File "E:\Training\next_js_task\Django_REST\Food_Delivery_System_Task\food_delivery_system_backend\env_task\Lib\site-packages\rest_framework\views.py", line 421, in initial
    self.check_permissions(request)
  File "E:\Training\next_js_task\Django_REST\Food_Delivery_System_Task\food_delivery_system_backend\env_task\Lib\site-packages\rest_framework\views.py", line 339, in check_permissions
    self.permission_denied(
  File "E:\Training\next_js_task\Django_REST\Food_Delivery_System_Task\food_delivery_system_backend\env_task\Lib\site-packages\rest_framework\views.py", line 180, in permission_denied
    raise exceptions.NotAuthenticated()
rest_framework.exceptions.NotAuthenticated: Authentication credentials were not provided.
Internal Server Error: /api/v1/carts/get-cart/
IP: 127.0.0.1 | Exception: Authentication credentials were not provided. | View: <apps.orders.api.v1.views.cart.CartViewSet object at 0x0000017A9FC88050> | Method: GET | Path: /api/v1/carts/get-cart/
Traceback (most recent call last):
  File "E:\Training\next_js_task\Django_REST\Food_Delivery_System_Task\food_delivery_system_backend\env_task\Lib\site-packages\rest_framework\views.py", line 503, in dispatch
    self.initial(request, *args, **kwargs)
  File "E:\Training\next_js_task\Django_REST\Food_Delivery_System_Task\food_delivery_system_backend\env_task\Lib\site-packages\rest_framework\views.py", line 421, in initial
    self.check_permissions(request)
  File "E:\Training\next_js_task\Django_REST\Food_Delivery_System_Task\food_delivery_system_backend\env_task\Lib\site-packages\rest_framework\views.py", line 339, in check_permissions
    self.permission_denied(
  File "E:\Training\next_js_task\Django_REST\Food_Delivery_System_Task\food_delivery_system_backend\env_task\Lib\site-packages\rest_framework\views.py", line 180, in permission_denied
    raise exceptions.NotAuthenticated()
rest_framework.exceptions.NotAuthenticated: Authentication credentials were not provided.
Internal Server Error: /api/v1/carts/get-cart/
IP: 127.0.0.1 | Exception: Authentication credentials were not provided. | View: <apps.orders.api.v1.views.cart.CartViewSet object at 0x0000017A9FC6F140> | Method: GET | Path: /api/v1/carts/get-cart/
Traceback (most recent call last):
  File "E:\Training\next_js_task\Django_REST\Food_Delivery_System_Task\food_delivery_system_backend\env_task\Lib\site-packages\rest_framework\views.py", line 503, in dispatch
    self.initial(request, *args, **kwargs)
  File "E:\Training\next_js_task\Django_REST\Food_Delivery_System_Task\food_delivery_system_backend\env_task\Lib\site-packages\rest_framework\views.py", line 421, in initial
    self.check_permissions(request)
  File "E:\Training\next_js_task\Django_REST\Food_Delivery_System_Task\food_delivery_system_backend\env_task\Lib\site-packages\rest_framework\views.py", line 339, in check_permissions
    self.permission_denied(
  File "E:\Training\next_js_task\Django_REST\Food_Delivery_System_Task\food_delivery_system_backend\env_task\Lib\site-packages\rest_framework\views.py", line 180, in permission_denied
    raise exceptions.NotAuthenticated()
rest_framework.exceptions.NotAuthenticated: Authentication credentials were not provided.
Internal Server Error: /api/v1/carts/get-cart/
IP: 127.0.0.1 | Exception: Authentication credentials were not provided. | View: <apps.orders.api.v1.views.cart.CartViewSet object at 0x0000017A9FB87410> | Method: GET | Path: /api/v1/carts/get-cart/
Traceback (most recent call last):
  File "E:\Training\next_js_task\Django_REST\Food_Delivery_System_Task\food_delivery_system_backend\env_task\Lib\site-packages\rest_framework\views.py", line 503, in dispatch
    self.initial(request, *args, **kwargs)
  File "E:\Training\next_js_task\Django_REST\Food_Delivery_System_Task\food_delivery_system_backend\env_task\Lib\site-packages\rest_framework\views.py", line 421, in initial
    self.check_permissions(request)
  File "E:\Training\next_js_task\Django_REST\Food_Delivery_System_Task\food_delivery_system_backend\env_task\Lib\site-packages\rest_framework\views.py", line 339, in check_permissions
    self.permission_denied(
  File "E:\Training\next_js_task\Django_REST\Food_Delivery_System_Task\food_delivery_system_backend\env_task\Lib\site-packages\rest_framework\views.py", line 180, in permission_denied
    raise exceptions.NotAuthenticated()
rest_framework.exceptions.NotAuthenticated: Authentication credentials were not provided.
Internal Server Error: /api/v1/carts/get-cart/
IP: 127.0.0.1 | Exception: Authentication credentials were not provided. | View: <apps.orders.api.v1.views.cart.CartViewSet object at 0x0000017A9FE20110> | Method: GET | Path: /api/v1/carts/get-cart/
Traceback (most recent call last):
  File "E:\Training\next_js_task\Django_REST\Food_Delivery_System_Task\food_delivery_system_backend\env_task\Lib\site-packages\rest_framework\views.py", line 503, in dispatch
    self.initial(request, *args, **kwargs)
  File "E:\Training\next_js_task\Django_REST\Food_Delivery_System_Task\food_delivery_system_backend\env_task\Lib\site-packages\rest_framework\views.py", line 421, in initial
    self.check_permissions(request)
  File "E:\Training\next_js_task\Django_REST\Food_Delivery_System_Task\food_delivery_system_backend\env_task\Lib\site-packages\rest_framework\views.py", line 339, in check_permissions
    self.permission_denied(
  File "E:\Training\next_js_task\Django_REST\Food_Delivery_System_Task\food_delivery_system_backend\env_task\Lib\site-packages\rest_framework\views.py", line 180, in permission_denied
    raise exceptions.NotAuthenticated()
rest_framework.exceptions.NotAuthenticated: Authentication credentials were not provided.
Internal Server Error: /api/v1/carts/get-cart/
IP: 127.0.0.1 | Exception: Authentication credentials were not provided. | View: <apps.orders.api.v1.views.cart.CartViewSet object at 0x0000017A9FE231A0> | Method: GET | Path: /api/v1/carts/get-cart/
Traceback (most recent call last):
  File "E:\Training\next_js_task\Django_REST\Food_Delivery_System_Task\food_delivery_system_backend\env_task\Lib\site-packages\rest_framework\views.py", line 503, in dispatch
    self.initial(request, *args, **kwargs)
  File "E:\Training\next_js_task\Django_REST\Food_Delivery_System_Task\food_delivery_system_backend\env_task\Lib\site-packages\rest_framework\views.py", line 421, in initial
    self.check_permissions(request)
  File "E:\Training\next_js_task\Django_REST\Food_Delivery_System_Task\food_delivery_system_backend\env_task\Lib\site-packages\rest_framework\views.py", line 339, in check_permissions
    self.permission_denied(
  File "E:\Training\next_js_task\Django_REST\Food_Delivery_System_Task\food_delivery_system_backend\env_task\Lib\site-packages\rest_framework\views.py", line 180, in permission_denied
    raise exceptions.NotAuthenticated()
rest_framework.exceptions.NotAuthenticated: Authentication credentials were not provided.
Internal Server Error: /api/v1/carts/get-cart/
IP: 127.0.0.1 | Exception: Authentication credentials were not provided. | View: <apps.orders.api.v1.views.cart.CartViewSet object at 0x0000017A9FE22540> | Method: GET | Path: /api/v1/carts/get-cart/
Traceback (most recent call last):
  File "E:\Training\next_js_task\Django_REST\Food_Delivery_System_Task\food_delivery_system_backend\env_task\Lib\site-packages\rest_framework\views.py", line 503, in dispatch
    self.initial(request, *args, **kwargs)
  File "E:\Training\next_js_task\Django_REST\Food_Delivery_System_Task\food_delivery_system_backend\env_task\Lib\site-packages\rest_framework\views.py", line 421, in initial
    self.check_permissions(request)
  File "E:\Training\next_js_task\Django_REST\Food_Delivery_System_Task\food_delivery_system_backend\env_task\Lib\site-packages\rest_framework\views.py", line 339, in check_permissions
    self.permission_denied(
  File "E:\Training\next_js_task\Django_REST\Food_Delivery_System_Task\food_delivery_system_backend\env_task\Lib\site-packages\rest_framework\views.py", line 180, in permission_denied
    raise exceptions.NotAuthenticated()
rest_framework.exceptions.NotAuthenticated: Authentication credentials were not provided.
Internal Server Error: /api/v1/carts/get-cart/
IP: 127.0.0.1 | Exception: Authentication credentials were not provided. | View: <apps.orders.api.v1.views.cart.CartViewSet object at 0x0000017A9FB85FD0> | Method: GET | Path: /api/v1/carts/get-cart/
Traceback (most recent call last):
  File "E:\Training\next_js_task\Django_REST\Food_Delivery_System_Task\food_delivery_system_backend\env_task\Lib\site-packages\rest_framework\views.py", line 503, in dispatch
    self.initial(request, *args, **kwargs)
  File "E:\Training\next_js_task\Django_REST\Food_Delivery_System_Task\food_delivery_system_backend\env_task\Lib\site-packages\rest_framework\views.py", line 421, in initial
    self.check_permissions(request)
  File "E:\Training\next_js_task\Django_REST\Food_Delivery_System_Task\food_delivery_system_backend\env_task\Lib\site-packages\rest_framework\views.py", line 339, in check_permissions
    self.permission_denied(
  File "E:\Training\next_js_task\Django_REST\Food_Delivery_System_Task\food_delivery_system_backend\env_task\Lib\site-packages\rest_framework\views.py", line 180, in permission_denied
    raise exceptions.NotAuthenticated()
rest_framework.exceptions.NotAuthenticated: Authentication credentials were not provided.
Internal Server Error: /api/v1/carts/get-cart/
IP: 127.0.0.1 | Exception: Authentication credentials were not provided. | View: <apps.orders.api.v1.views.cart.CartViewSet object at 0x0000017A9F6F0050> | Method: GET | Path: /api/v1/carts/get-cart/
Traceback (most recent call last):
  File "E:\Training\next_js_task\Django_REST\Food_Delivery_System_Task\food_delivery_system_backend\env_task\Lib\site-packages\rest_framework\views.py", line 503, in dispatch
    self.initial(request, *args, **kwargs)
  File "E:\Training\next_js_task\Django_REST\Food_Delivery_System_Task\food_delivery_system_backend\env_task\Lib\site-packages\rest_framework\views.py", line 421, in initial
    self.check_permissions(request)
  File "E:\Training\next_js_task\Django_REST\Food_Delivery_System_Task\food_delivery_system_backend\env_task\Lib\site-packages\rest_framework\views.py", line 339, in check_permissions
    self.permission_denied(
  File "E:\Training\next_js_task\Django_REST\Food_Delivery_System_Task\food_delivery_system_backend\env_task\Lib\site-packages\rest_framework\views.py", line 180, in permission_denied
    raise exceptions.NotAuthenticated()
rest_framework.exceptions.NotAuthenticated: Authentication credentials were not provided.
Internal Server Error: /api/v1/carts/get-cart/
IP: 127.0.0.1 | Exception: Authentication credentials were not provided. | View: <apps.orders.api.v1.views.cart.CartViewSet object at 0x0000017A9FDD21B0> | Method: GET | Path: /api/v1/carts/get-cart/
Traceback (most recent call last):
  File "E:\Training\next_js_task\Django_REST\Food_Delivery_System_Task\food_delivery_system_backend\env_task\Lib\site-packages\rest_framework\views.py", line 503, in dispatch
    self.initial(request, *args, **kwargs)
  File "E:\Training\next_js_task\Django_REST\Food_Delivery_System_Task\food_delivery_system_backend\env_task\Lib\site-packages\rest_framework\views.py", line 421, in initial
    self.check_permissions(request)
  File "E:\Training\next_js_task\Django_REST\Food_Delivery_System_Task\food_delivery_system_backend\env_task\Lib\site-packages\rest_framework\views.py", line 339, in check_permissions
    self.permission_denied(
  File "E:\Training\next_js_task\Django_REST\Food_Delivery_System_Task\food_delivery_system_backend\env_task\Lib\site-packages\rest_framework\views.py", line 180, in permission_denied
    raise exceptions.NotAuthenticated()
rest_framework.exceptions.NotAuthenticated: Authentication credentials were not provided.
Internal Server Error: /api/v1/carts/get-cart/
IP: 127.0.0.1 | Exception: Authentication credentials were not provided. | View: <apps.orders.api.v1.views.cart.CartViewSet object at 0x0000017A9FDD0650> | Method: GET | Path: /api/v1/carts/get-cart/
Traceback (most recent call last):
  File "E:\Training\next_js_task\Django_REST\Food_Delivery_System_Task\food_delivery_system_backend\env_task\Lib\site-packages\rest_framework\views.py", line 503, in dispatch
    self.initial(request, *args, **kwargs)
  File "E:\Training\next_js_task\Django_REST\Food_Delivery_System_Task\food_delivery_system_backend\env_task\Lib\site-packages\rest_framework\views.py", line 421, in initial
    self.check_permissions(request)
  File "E:\Training\next_js_task\Django_REST\Food_Delivery_System_Task\food_delivery_system_backend\env_task\Lib\site-packages\rest_framework\views.py", line 339, in check_permissions
    self.permission_denied(
  File "E:\Training\next_js_task\Django_REST\Food_Delivery_System_Task\food_delivery_system_backend\env_task\Lib\site-packages\rest_framework\views.py", line 180, in permission_denied
    raise exceptions.NotAuthenticated()
rest_framework.exceptions.NotAuthenticated: Authentication credentials were not provided.
Internal Server Error: /api/v1/carts/get-cart/
IP: 127.0.0.1 | Exception: Authentication credentials were not provided. | View: <apps.orders.api.v1.views.cart.CartViewSet object at 0x0000017A9FDD00E0> | Method: GET | Path: /api/v1/carts/get-cart/
Traceback (most recent call last):
  File "E:\Training\next_js_task\Django_REST\Food_Delivery_System_Task\food_delivery_system_backend\env_task\Lib\site-packages\rest_framework\views.py", line 503, in dispatch
    self.initial(request, *args, **kwargs)
  File "E:\Training\next_js_task\Django_REST\Food_Delivery_System_Task\food_delivery_system_backend\env_task\Lib\site-packages\rest_framework\views.py", line 421, in initial
    self.check_permissions(request)
  File "E:\Training\next_js_task\Django_REST\Food_Delivery_System_Task\food_delivery_system_backend\env_task\Lib\site-packages\rest_framework\views.py", line 339, in check_permissions
    self.permission_denied(
  File "E:\Training\next_js_task\Django_REST\Food_Delivery_System_Task\food_delivery_system_backend\env_task\Lib\site-packages\rest_framework\views.py", line 180, in permission_denied
    raise exceptions.NotAuthenticated()
rest_framework.exceptions.NotAuthenticated: Authentication credentials were not provided.
Internal Server Error: /api/v1/carts/get-cart/
IP: 127.0.0.1 | Exception: Authentication credentials were not provided. | View: <apps.orders.api.v1.views.cart.CartViewSet object at 0x0000017A9FDD3230> | Method: GET | Path: /api/v1/carts/get-cart/
Traceback (most recent call last):
  File "E:\Training\next_js_task\Django_REST\Food_Delivery_System_Task\food_delivery_system_backend\env_task\Lib\site-packages\rest_framework\views.py", line 503, in dispatch
    self.initial(request, *args, **kwargs)
  File "E:\Training\next_js_task\Django_REST\Food_Delivery_System_Task\food_delivery_system_backend\env_task\Lib\site-packages\rest_framework\views.py", line 421, in initial
    self.check_permissions(request)
  File "E:\Training\next_js_task\Django_REST\Food_Delivery_System_Task\food_delivery_system_backend\env_task\Lib\site-packages\rest_framework\views.py", line 339, in check_permissions
    self.permission_denied(
  File "E:\Training\next_js_task\Django_REST\Food_Delivery_System_Task\food_delivery_system_backend\env_task\Lib\site-packages\rest_framework\views.py", line 180, in permission_denied
    raise exceptions.NotAuthenticated()
rest_framework.exceptions.NotAuthenticated: Authentication credentials were not provided.
Internal Server Error: /api/v1/carts/get-cart/
IP: 127.0.0.1 | Exception: Authentication credentials were not provided. | View: <apps.orders.api.v1.views.cart.CartViewSet object at 0x0000017A9FDD3F20> | Method: GET | Path: /api/v1/carts/get-cart/
Traceback (most recent call last):
  File "E:\Training\next_js_task\Django_REST\Food_Delivery_System_Task\food_delivery_system_backend\env_task\Lib\site-packages\rest_framework\views.py", line 503, in dispatch
    self.initial(request, *args, **kwargs)
  File "E:\Training\next_js_task\Django_REST\Food_Delivery_System_Task\food_delivery_system_backend\env_task\Lib\site-packages\rest_framework\views.py", line 421, in initial
    self.check_permissions(request)
  File "E:\Training\next_js_task\Django_REST\Food_Delivery_System_Task\food_delivery_system_backend\env_task\Lib\site-packages\rest_framework\views.py", line 339, in check_permissions
    self.permission_denied(
  File "E:\Training\next_js_task\Django_REST\Food_Delivery_System_Task\food_delivery_system_backend\env_task\Lib\site-packages\rest_framework\views.py", line 180, in permission_denied
    raise exceptions.NotAuthenticated()
rest_framework.exceptions.NotAuthenticated: Authentication credentials were not provided.
Internal Server Error: /api/v1/carts/get-cart/
IP: 127.0.0.1 | Exception: Authentication credentials were not provided. | View: <apps.orders.api.v1.views.cart.CartViewSet object at 0x0000017A9FE20590> | Method: GET | Path: /api/v1/carts/get-cart/
Traceback (most recent call last):
  File "E:\Training\next_js_task\Django_REST\Food_Delivery_System_Task\food_delivery_system_backend\env_task\Lib\site-packages\rest_framework\views.py", line 503, in dispatch
    self.initial(request, *args, **kwargs)
  File "E:\Training\next_js_task\Django_REST\Food_Delivery_System_Task\food_delivery_system_backend\env_task\Lib\site-packages\rest_framework\views.py", line 421, in initial
    self.check_permissions(request)
  File "E:\Training\next_js_task\Django_REST\Food_Delivery_System_Task\food_delivery_system_backend\env_task\Lib\site-packages\rest_framework\views.py", line 339, in check_permissions
    self.permission_denied(
  File "E:\Training\next_js_task\Django_REST\Food_Delivery_System_Task\food_delivery_system_backend\env_task\Lib\site-packages\rest_framework\views.py", line 180, in permission_denied
    raise exceptions.NotAuthenticated()
rest_framework.exceptions.NotAuthenticated: Authentication credentials were not provided.
Internal Server Error: /api/v1/carts/get-cart/
IP: 127.0.0.1 | Exception: Authentication credentials were not provided. | View: <apps.orders.api.v1.views.cart.CartViewSet object at 0x0000017A9FE22E10> | Method: GET | Path: /api/v1/carts/get-cart/
Traceback (most recent call last):
  File "E:\Training\next_js_task\Django_REST\Food_Delivery_System_Task\food_delivery_system_backend\env_task\Lib\site-packages\rest_framework\views.py", line 503, in dispatch
    self.initial(request, *args, **kwargs)
  File "E:\Training\next_js_task\Django_REST\Food_Delivery_System_Task\food_delivery_system_backend\env_task\Lib\site-packages\rest_framework\views.py", line 421, in initial
    self.check_permissions(request)
  File "E:\Training\next_js_task\Django_REST\Food_Delivery_System_Task\food_delivery_system_backend\env_task\Lib\site-packages\rest_framework\views.py", line 339, in check_permissions
    self.permission_denied(
  File "E:\Training\next_js_task\Django_REST\Food_Delivery_System_Task\food_delivery_system_backend\env_task\Lib\site-packages\rest_framework\views.py", line 180, in permission_denied
    raise exceptions.NotAuthenticated()
rest_framework.exceptions.NotAuthenticated: Authentication credentials were not provided.
Internal Server Error: /api/v1/carts/get-cart/
IP: 127.0.0.1 | Exception: Authentication credentials were not provided. | View: <apps.orders.api.v1.views.cart.CartViewSet object at 0x0000017A9FEB03E0> | Method: GET | Path: /api/v1/carts/get-cart/
Traceback (most recent call last):
  File "E:\Training\next_js_task\Django_REST\Food_Delivery_System_Task\food_delivery_system_backend\env_task\Lib\site-packages\rest_framework\views.py", line 503, in dispatch
    self.initial(request, *args, **kwargs)
  File "E:\Training\next_js_task\Django_REST\Food_Delivery_System_Task\food_delivery_system_backend\env_task\Lib\site-packages\rest_framework\views.py", line 421, in initial
    self.check_permissions(request)
  File "E:\Training\next_js_task\Django_REST\Food_Delivery_System_Task\food_delivery_system_backend\env_task\Lib\site-packages\rest_framework\views.py", line 339, in check_permissions
    self.permission_denied(
  File "E:\Training\next_js_task\Django_REST\Food_Delivery_System_Task\food_delivery_system_backend\env_task\Lib\site-packages\rest_framework\views.py", line 180, in permission_denied
    raise exceptions.NotAuthenticated()
rest_framework.exceptions.NotAuthenticated: Authentication credentials were not provided.
Internal Server Error: /api/v1/carts/get-cart/
IP: 127.0.0.1 | Exception: Authentication credentials were not provided. | View: <apps.orders.api.v1.views.cart.CartViewSet object at 0x0000017A9FE21F40> | Method: GET | Path: /api/v1/carts/get-cart/
Traceback (most recent call last):
  File "E:\Training\next_js_task\Django_REST\Food_Delivery_System_Task\food_delivery_system_backend\env_task\Lib\site-packages\rest_framework\views.py", line 503, in dispatch
    self.initial(request, *args, **kwargs)
  File "E:\Training\next_js_task\Django_REST\Food_Delivery_System_Task\food_delivery_system_backend\env_task\Lib\site-packages\rest_framework\views.py", line 421, in initial
    self.check_permissions(request)
  File "E:\Training\next_js_task\Django_REST\Food_Delivery_System_Task\food_delivery_system_backend\env_task\Lib\site-packages\rest_framework\views.py", line 339, in check_permissions
    self.permission_denied(
  File "E:\Training\next_js_task\Django_REST\Food_Delivery_System_Task\food_delivery_system_backend\env_task\Lib\site-packages\rest_framework\views.py", line 180, in permission_denied
    raise exceptions.NotAuthenticated()
rest_framework.exceptions.NotAuthenticated: Authentication credentials were not provided.
Internal Server Error: /api/v1/carts/get-cart/
IP: 127.0.0.1 | Exception: Authentication credentials were not provided. | View: <apps.orders.api.v1.views.cart.CartViewSet object at 0x0000017A9FE23920> | Method: GET | Path: /api/v1/carts/get-cart/
Traceback (most recent call last):
  File "E:\Training\next_js_task\Django_REST\Food_Delivery_System_Task\food_delivery_system_backend\env_task\Lib\site-packages\rest_framework\views.py", line 503, in dispatch
    self.initial(request, *args, **kwargs)
  File "E:\Training\next_js_task\Django_REST\Food_Delivery_System_Task\food_delivery_system_backend\env_task\Lib\site-packages\rest_framework\views.py", line 421, in initial
    self.check_permissions(request)
  File "E:\Training\next_js_task\Django_REST\Food_Delivery_System_Task\food_delivery_system_backend\env_task\Lib\site-packages\rest_framework\views.py", line 339, in check_permissions
    self.permission_denied(
  File "E:\Training\next_js_task\Django_REST\Food_Delivery_System_Task\food_delivery_system_backend\env_task\Lib\site-packages\rest_framework\views.py", line 180, in permission_denied
    raise exceptions.NotAuthenticated()
rest_framework.exceptions.NotAuthenticated: Authentication credentials were not provided.
Internal Server Error: /api/v1/carts/get-cart/
IP: 127.0.0.1 | Exception: Authentication credentials were not provided. | View: <apps.orders.api.v1.views.cart.CartViewSet object at 0x0000017A9FEB3EF0> | Method: GET | Path: /api/v1/carts/get-cart/
Traceback (most recent call last):
  File "E:\Training\next_js_task\Django_REST\Food_Delivery_System_Task\food_delivery_system_backend\env_task\Lib\site-packages\rest_framework\views.py", line 503, in dispatch
    self.initial(request, *args, **kwargs)
  File "E:\Training\next_js_task\Django_REST\Food_Delivery_System_Task\food_delivery_system_backend\env_task\Lib\site-packages\rest_framework\views.py", line 421, in initial
    self.check_permissions(request)
  File "E:\Training\next_js_task\Django_REST\Food_Delivery_System_Task\food_delivery_system_backend\env_task\Lib\site-packages\rest_framework\views.py", line 339, in check_permissions
    self.permission_denied(
  File "E:\Training\next_js_task\Django_REST\Food_Delivery_System_Task\food_delivery_system_backend\env_task\Lib\site-packages\rest_framework\views.py", line 180, in permission_denied
    raise exceptions.NotAuthenticated()
rest_framework.exceptions.NotAuthenticated: Authentication credentials were not provided.
Internal Server Error: /api/v1/carts/get-cart/
IP: 127.0.0.1 | Exception: Authentication credentials were not provided. | View: <apps.orders.api.v1.views.cart.CartViewSet object at 0x0000017A9FE23020> | Method: GET | Path: /api/v1/carts/get-cart/
Traceback (most recent call last):
  File "E:\Training\next_js_task\Django_REST\Food_Delivery_System_Task\food_delivery_system_backend\env_task\Lib\site-packages\rest_framework\views.py", line 503, in dispatch
    self.initial(request, *args, **kwargs)
  File "E:\Training\next_js_task\Django_REST\Food_Delivery_System_Task\food_delivery_system_backend\env_task\Lib\site-packages\rest_framework\views.py", line 421, in initial
    self.check_permissions(request)
  File "E:\Training\next_js_task\Django_REST\Food_Delivery_System_Task\food_delivery_system_backend\env_task\Lib\site-packages\rest_framework\views.py", line 339, in check_permissions
    self.permission_denied(
  File "E:\Training\next_js_task\Django_REST\Food_Delivery_System_Task\food_delivery_system_backend\env_task\Lib\site-packages\rest_framework\views.py", line 180, in permission_denied
    raise exceptions.NotAuthenticated()
rest_framework.exceptions.NotAuthenticated: Authentication credentials were not provided.
Internal Server Error: /api/v1/carts/get-cart/
IP: 127.0.0.1 | Exception: Authentication credentials were not provided. | View: <apps.orders.api.v1.views.cart.CartViewSet object at 0x0000017A9FE22000> | Method: GET | Path: /api/v1/carts/get-cart/
Traceback (most recent call last):
  File "E:\Training\next_js_task\Django_REST\Food_Delivery_System_Task\food_delivery_system_backend\env_task\Lib\site-packages\rest_framework\views.py", line 503, in dispatch
    self.initial(request, *args, **kwargs)
  File "E:\Training\next_js_task\Django_REST\Food_Delivery_System_Task\food_delivery_system_backend\env_task\Lib\site-packages\rest_framework\views.py", line 421, in initial
    self.check_permissions(request)
  File "E:\Training\next_js_task\Django_REST\Food_Delivery_System_Task\food_delivery_system_backend\env_task\Lib\site-packages\rest_framework\views.py", line 339, in check_permissions
    self.permission_denied(
  File "E:\Training\next_js_task\Django_REST\Food_Delivery_System_Task\food_delivery_system_backend\env_task\Lib\site-packages\rest_framework\views.py", line 180, in permission_denied
    raise exceptions.NotAuthenticated()
rest_framework.exceptions.NotAuthenticated: Authentication credentials were not provided.
Internal Server Error: /api/v1/carts/get-cart/
IP: 127.0.0.1 | Exception: Authentication credentials were not provided. | View: <apps.orders.api.v1.views.cart.CartViewSet object at 0x0000017A9FEB0C80> | Method: GET | Path: /api/v1/carts/get-cart/
Traceback (most recent call last):
  File "E:\Training\next_js_task\Django_REST\Food_Delivery_System_Task\food_delivery_system_backend\env_task\Lib\site-packages\rest_framework\views.py", line 503, in dispatch
    self.initial(request, *args, **kwargs)
  File "E:\Training\next_js_task\Django_REST\Food_Delivery_System_Task\food_delivery_system_backend\env_task\Lib\site-packages\rest_framework\views.py", line 421, in initial
    self.check_permissions(request)
  File "E:\Training\next_js_task\Django_REST\Food_Delivery_System_Task\food_delivery_system_backend\env_task\Lib\site-packages\rest_framework\views.py", line 339, in check_permissions
    self.permission_denied(
  File "E:\Training\next_js_task\Django_REST\Food_Delivery_System_Task\food_delivery_system_backend\env_task\Lib\site-packages\rest_framework\views.py", line 180, in permission_denied
    raise exceptions.NotAuthenticated()
rest_framework.exceptions.NotAuthenticated: Authentication credentials were not provided.
Internal Server Error: /api/v1/carts/get-cart/
IP: 127.0.0.1 | Exception: Authentication credentials were not provided. | View: <apps.orders.api.v1.views.cart.CartViewSet object at 0x0000017A9FE21700> | Method: GET | Path: /api/v1/carts/get-cart/
Traceback (most recent call last):
  File "E:\Training\next_js_task\Django_REST\Food_Delivery_System_Task\food_delivery_system_backend\env_task\Lib\site-packages\rest_framework\views.py", line 503, in dispatch
    self.initial(request, *args, **kwargs)
  File "E:\Training\next_js_task\Django_REST\Food_Delivery_System_Task\food_delivery_system_backend\env_task\Lib\site-packages\rest_framework\views.py", line 421, in initial
    self.check_permissions(request)
  File "E:\Training\next_js_task\Django_REST\Food_Delivery_System_Task\food_delivery_system_backend\env_task\Lib\site-packages\rest_framework\views.py", line 339, in check_permissions
    self.permission_denied(
  File "E:\Training\next_js_task\Django_REST\Food_Delivery_System_Task\food_delivery_system_backend\env_task\Lib\site-packages\rest_framework\views.py", line 180, in permission_denied
    raise exceptions.NotAuthenticated()
rest_framework.exceptions.NotAuthenticated: Authentication credentials were not provided.
Internal Server Error: /api/v1/carts/get-cart/
IP: 127.0.0.1 | Exception: Authentication credentials were not provided. | View: <apps.orders.api.v1.views.cart.CartViewSet object at 0x0000017A9FE21F10> | Method: GET | Path: /api/v1/carts/get-cart/
Traceback (most recent call last):
  File "E:\Training\next_js_task\Django_REST\Food_Delivery_System_Task\food_delivery_system_backend\env_task\Lib\site-packages\rest_framework\views.py", line 503, in dispatch
    self.initial(request, *args, **kwargs)
  File "E:\Training\next_js_task\Django_REST\Food_Delivery_System_Task\food_delivery_system_backend\env_task\Lib\site-packages\rest_framework\views.py", line 421, in initial
    self.check_permissions(request)
  File "E:\Training\next_js_task\Django_REST\Food_Delivery_System_Task\food_delivery_system_backend\env_task\Lib\site-packages\rest_framework\views.py", line 339, in check_permissions
    self.permission_denied(
  File "E:\Training\next_js_task\Django_REST\Food_Delivery_System_Task\food_delivery_system_backend\env_task\Lib\site-packages\rest_framework\views.py", line 180, in permission_denied
    raise exceptions.NotAuthenticated()
rest_framework.exceptions.NotAuthenticated: Authentication credentials were not provided.
Internal Server Error: /api/v1/carts/get-cart/
IP: 127.0.0.1 | Exception: Authentication credentials were not provided. | View: <apps.orders.api.v1.views.cart.CartViewSet object at 0x0000017A9FDD29C0> | Method: GET | Path: /api/v1/carts/get-cart/
Traceback (most recent call last):
  File "E:\Training\next_js_task\Django_REST\Food_Delivery_System_Task\food_delivery_system_backend\env_task\Lib\site-packages\rest_framework\views.py", line 503, in dispatch
    self.initial(request, *args, **kwargs)
  File "E:\Training\next_js_task\Django_REST\Food_Delivery_System_Task\food_delivery_system_backend\env_task\Lib\site-packages\rest_framework\views.py", line 421, in initial
    self.check_permissions(request)
  File "E:\Training\next_js_task\Django_REST\Food_Delivery_System_Task\food_delivery_system_backend\env_task\Lib\site-packages\rest_framework\views.py", line 339, in check_permissions
    self.permission_denied(
  File "E:\Training\next_js_task\Django_REST\Food_Delivery_System_Task\food_delivery_system_backend\env_task\Lib\site-packages\rest_framework\views.py", line 180, in permission_denied
    raise exceptions.NotAuthenticated()
rest_framework.exceptions.NotAuthenticated: Authentication credentials were not provided.
Internal Server Error: /api/v1/carts/get-cart/
IP: 127.0.0.1 | Exception: Authentication credentials were not provided. | View: <apps.orders.api.v1.views.cart.CartViewSet object at 0x0000017A9FB86000> | Method: GET | Path: /api/v1/carts/get-cart/
Traceback (most recent call last):
  File "E:\Training\next_js_task\Django_REST\Food_Delivery_System_Task\food_delivery_system_backend\env_task\Lib\site-packages\rest_framework\views.py", line 503, in dispatch
    self.initial(request, *args, **kwargs)
  File "E:\Training\next_js_task\Django_REST\Food_Delivery_System_Task\food_delivery_system_backend\env_task\Lib\site-packages\rest_framework\views.py", line 421, in initial
    self.check_permissions(request)
  File "E:\Training\next_js_task\Django_REST\Food_Delivery_System_Task\food_delivery_system_backend\env_task\Lib\site-packages\rest_framework\views.py", line 339, in check_permissions
    self.permission_denied(
  File "E:\Training\next_js_task\Django_REST\Food_Delivery_System_Task\food_delivery_system_backend\env_task\Lib\site-packages\rest_framework\views.py", line 180, in permission_denied
    raise exceptions.NotAuthenticated()
rest_framework.exceptions.NotAuthenticated: Authentication credentials were not provided.
Internal Server Error: /api/v1/carts/get-cart/
IP: 127.0.0.1 | Exception: Authentication credentials were not provided. | View: <apps.orders.api.v1.views.cart.CartViewSet object at 0x0000017A9FC6F6E0> | Method: GET | Path: /api/v1/carts/get-cart/
Traceback (most recent call last):
  File "E:\Training\next_js_task\Django_REST\Food_Delivery_System_Task\food_delivery_system_backend\env_task\Lib\site-packages\rest_framework\views.py", line 503, in dispatch
    self.initial(request, *args, **kwargs)
  File "E:\Training\next_js_task\Django_REST\Food_Delivery_System_Task\food_delivery_system_backend\env_task\Lib\site-packages\rest_framework\views.py", line 421, in initial
    self.check_permissions(request)
  File "E:\Training\next_js_task\Django_REST\Food_Delivery_System_Task\food_delivery_system_backend\env_task\Lib\site-packages\rest_framework\views.py", line 339, in check_permissions
    self.permission_denied(
  File "E:\Training\next_js_task\Django_REST\Food_Delivery_System_Task\food_delivery_system_backend\env_task\Lib\site-packages\rest_framework\views.py", line 180, in permission_denied
    raise exceptions.NotAuthenticated()
rest_framework.exceptions.NotAuthenticated: Authentication credentials were not provided.
Internal Server Error: /api/v1/carts/get-cart/
IP: 127.0.0.1 | Exception: Authentication credentials were not provided. | View: <apps.orders.api.v1.views.cart.CartViewSet object at 0x0000017A9FE22D80> | Method: GET | Path: /api/v1/carts/get-cart/
Traceback (most recent call last):
  File "E:\Training\next_js_task\Django_REST\Food_Delivery_System_Task\food_delivery_system_backend\env_task\Lib\site-packages\rest_framework\views.py", line 503, in dispatch
    self.initial(request, *args, **kwargs)
  File "E:\Training\next_js_task\Django_REST\Food_Delivery_System_Task\food_delivery_system_backend\env_task\Lib\site-packages\rest_framework\views.py", line 421, in initial
    self.check_permissions(request)
  File "E:\Training\next_js_task\Django_REST\Food_Delivery_System_Task\food_delivery_system_backend\env_task\Lib\site-packages\rest_framework\views.py", line 339, in check_permissions
    self.permission_denied(
  File "E:\Training\next_js_task\Django_REST\Food_Delivery_System_Task\food_delivery_system_backend\env_task\Lib\site-packages\rest_framework\views.py", line 180, in permission_denied
    raise exceptions.NotAuthenticated()
rest_framework.exceptions.NotAuthenticated: Authentication credentials were not provided.
Internal Server Error: /api/v1/carts/get-cart/
IP: 127.0.0.1 | Exception: Authentication credentials were not provided. | View: <apps.orders.api.v1.views.cart.CartViewSet object at 0x0000017A9FDD0200> | Method: GET | Path: /api/v1/carts/get-cart/
Traceback (most recent call last):
  File "E:\Training\next_js_task\Django_REST\Food_Delivery_System_Task\food_delivery_system_backend\env_task\Lib\site-packages\rest_framework\views.py", line 503, in dispatch
    self.initial(request, *args, **kwargs)
  File "E:\Training\next_js_task\Django_REST\Food_Delivery_System_Task\food_delivery_system_backend\env_task\Lib\site-packages\rest_framework\views.py", line 421, in initial
    self.check_permissions(request)
  File "E:\Training\next_js_task\Django_REST\Food_Delivery_System_Task\food_delivery_system_backend\env_task\Lib\site-packages\rest_framework\views.py", line 339, in check_permissions
    self.permission_denied(
  File "E:\Training\next_js_task\Django_REST\Food_Delivery_System_Task\food_delivery_system_backend\env_task\Lib\site-packages\rest_framework\views.py", line 180, in permission_denied
    raise exceptions.NotAuthenticated()
rest_framework.exceptions.NotAuthenticated: Authentication credentials were not provided.
Internal Server Error: /api/v1/carts/get-cart/
IP: 127.0.0.1 | Exception: Authentication credentials were not provided. | View: <apps.orders.api.v1.views.cart.CartViewSet object at 0x0000017A9FDD2990> | Method: GET | Path: /api/v1/carts/get-cart/
Traceback (most recent call last):
  File "E:\Training\next_js_task\Django_REST\Food_Delivery_System_Task\food_delivery_system_backend\env_task\Lib\site-packages\rest_framework\views.py", line 503, in dispatch
    self.initial(request, *args, **kwargs)
  File "E:\Training\next_js_task\Django_REST\Food_Delivery_System_Task\food_delivery_system_backend\env_task\Lib\site-packages\rest_framework\views.py", line 421, in initial
    self.check_permissions(request)
  File "E:\Training\next_js_task\Django_REST\Food_Delivery_System_Task\food_delivery_system_backend\env_task\Lib\site-packages\rest_framework\views.py", line 339, in check_permissions
    self.permission_denied(
  File "E:\Training\next_js_task\Django_REST\Food_Delivery_System_Task\food_delivery_system_backend\env_task\Lib\site-packages\rest_framework\views.py", line 180, in permission_denied
    raise exceptions.NotAuthenticated()
rest_framework.exceptions.NotAuthenticated: Authentication credentials were not provided.
Internal Server Error: /api/v1/carts/get-cart/
IP: 127.0.0.1 | Exception: Authentication credentials were not provided. | View: <apps.orders.api.v1.views.cart.CartViewSet object at 0x0000017A9FC880B0> | Method: GET | Path: /api/v1/carts/get-cart/
Traceback (most recent call last):
  File "E:\Training\next_js_task\Django_REST\Food_Delivery_System_Task\food_delivery_system_backend\env_task\Lib\site-packages\rest_framework\views.py", line 503, in dispatch
    self.initial(request, *args, **kwargs)
  File "E:\Training\next_js_task\Django_REST\Food_Delivery_System_Task\food_delivery_system_backend\env_task\Lib\site-packages\rest_framework\views.py", line 421, in initial
    self.check_permissions(request)
  File "E:\Training\next_js_task\Django_REST\Food_Delivery_System_Task\food_delivery_system_backend\env_task\Lib\site-packages\rest_framework\views.py", line 339, in check_permissions
    self.permission_denied(
  File "E:\Training\next_js_task\Django_REST\Food_Delivery_System_Task\food_delivery_system_backend\env_task\Lib\site-packages\rest_framework\views.py", line 180, in permission_denied
    raise exceptions.NotAuthenticated()
rest_framework.exceptions.NotAuthenticated: Authentication credentials were not provided.
Internal Server Error: /api/v1/carts/get-cart/
IP: 127.0.0.1 | Exception: Authentication credentials were not provided. | View: <apps.orders.api.v1.views.cart.CartViewSet object at 0x0000017A9FF23350> | Method: GET | Path: /api/v1/carts/get-cart/
Traceback (most recent call last):
  File "E:\Training\next_js_task\Django_REST\Food_Delivery_System_Task\food_delivery_system_backend\env_task\Lib\site-packages\rest_framework\views.py", line 503, in dispatch
    self.initial(request, *args, **kwargs)
  File "E:\Training\next_js_task\Django_REST\Food_Delivery_System_Task\food_delivery_system_backend\env_task\Lib\site-packages\rest_framework\views.py", line 421, in initial
    self.check_permissions(request)
  File "E:\Training\next_js_task\Django_REST\Food_Delivery_System_Task\food_delivery_system_backend\env_task\Lib\site-packages\rest_framework\views.py", line 339, in check_permissions
    self.permission_denied(
  File "E:\Training\next_js_task\Django_REST\Food_Delivery_System_Task\food_delivery_system_backend\env_task\Lib\site-packages\rest_framework\views.py", line 180, in permission_denied
    raise exceptions.NotAuthenticated()
rest_framework.exceptions.NotAuthenticated: Authentication credentials were not provided.
Internal Server Error: /api/v1/carts/get-cart/
IP: 127.0.0.1 | Exception: Authentication credentials were not provided. | View: <apps.orders.api.v1.views.cart.CartViewSet object at 0x0000017A9FF22030> | Method: GET | Path: /api/v1/carts/get-cart/
Traceback (most recent call last):
  File "E:\Training\next_js_task\Django_REST\Food_Delivery_System_Task\food_delivery_system_backend\env_task\Lib\site-packages\rest_framework\views.py", line 503, in dispatch
    self.initial(request, *args, **kwargs)
  File "E:\Training\next_js_task\Django_REST\Food_Delivery_System_Task\food_delivery_system_backend\env_task\Lib\site-packages\rest_framework\views.py", line 421, in initial
    self.check_permissions(request)
  File "E:\Training\next_js_task\Django_REST\Food_Delivery_System_Task\food_delivery_system_backend\env_task\Lib\site-packages\rest_framework\views.py", line 339, in check_permissions
    self.permission_denied(
  File "E:\Training\next_js_task\Django_REST\Food_Delivery_System_Task\food_delivery_system_backend\env_task\Lib\site-packages\rest_framework\views.py", line 180, in permission_denied
    raise exceptions.NotAuthenticated()
rest_framework.exceptions.NotAuthenticated: Authentication credentials were not provided.
Internal Server Error: /api/v1/carts/get-cart/
IP: 127.0.0.1 | Exception: Authentication credentials were not provided. | View: <apps.orders.api.v1.views.cart.CartViewSet object at 0x0000017A9FB86660> | Method: GET | Path: /api/v1/carts/get-cart/
Traceback (most recent call last):
  File "E:\Training\next_js_task\Django_REST\Food_Delivery_System_Task\food_delivery_system_backend\env_task\Lib\site-packages\rest_framework\views.py", line 503, in dispatch
    self.initial(request, *args, **kwargs)
  File "E:\Training\next_js_task\Django_REST\Food_Delivery_System_Task\food_delivery_system_backend\env_task\Lib\site-packages\rest_framework\views.py", line 421, in initial
    self.check_permissions(request)
  File "E:\Training\next_js_task\Django_REST\Food_Delivery_System_Task\food_delivery_system_backend\env_task\Lib\site-packages\rest_framework\views.py", line 339, in check_permissions
    self.permission_denied(
  File "E:\Training\next_js_task\Django_REST\Food_Delivery_System_Task\food_delivery_system_backend\env_task\Lib\site-packages\rest_framework\views.py", line 180, in permission_denied
    raise exceptions.NotAuthenticated()
rest_framework.exceptions.NotAuthenticated: Authentication credentials were not provided.
Internal Server Error: /api/v1/carts/get-cart/
IP: 127.0.0.1 | Exception: Authentication credentials were not provided. | View: <apps.orders.api.v1.views.cart.CartViewSet object at 0x0000017A9F7AC8F0> | Method: GET | Path: /api/v1/carts/get-cart/
Traceback (most recent call last):
  File "E:\Training\next_js_task\Django_REST\Food_Delivery_System_Task\food_delivery_system_backend\env_task\Lib\site-packages\rest_framework\views.py", line 503, in dispatch
    self.initial(request, *args, **kwargs)
  File "E:\Training\next_js_task\Django_REST\Food_Delivery_System_Task\food_delivery_system_backend\env_task\Lib\site-packages\rest_framework\views.py", line 421, in initial
    self.check_permissions(request)
  File "E:\Training\next_js_task\Django_REST\Food_Delivery_System_Task\food_delivery_system_backend\env_task\Lib\site-packages\rest_framework\views.py", line 339, in check_permissions
    self.permission_denied(
  File "E:\Training\next_js_task\Django_REST\Food_Delivery_System_Task\food_delivery_system_backend\env_task\Lib\site-packages\rest_framework\views.py", line 180, in permission_denied
    raise exceptions.NotAuthenticated()
rest_framework.exceptions.NotAuthenticated: Authentication credentials were not provided.
Internal Server Error: /api/v1/carts/get-cart/
IP: 127.0.0.1 | Exception: Authentication credentials were not provided. | View: <apps.orders.api.v1.views.cart.CartViewSet object at 0x0000017A9FDD26F0> | Method: GET | Path: /api/v1/carts/get-cart/
Traceback (most recent call last):
  File "E:\Training\next_js_task\Django_REST\Food_Delivery_System_Task\food_delivery_system_backend\env_task\Lib\site-packages\rest_framework\views.py", line 503, in dispatch
    self.initial(request, *args, **kwargs)
  File "E:\Training\next_js_task\Django_REST\Food_Delivery_System_Task\food_delivery_system_backend\env_task\Lib\site-packages\rest_framework\views.py", line 421, in initial
    self.check_permissions(request)
  File "E:\Training\next_js_task\Django_REST\Food_Delivery_System_Task\food_delivery_system_backend\env_task\Lib\site-packages\rest_framework\views.py", line 339, in check_permissions
    self.permission_denied(
  File "E:\Training\next_js_task\Django_REST\Food_Delivery_System_Task\food_delivery_system_backend\env_task\Lib\site-packages\rest_framework\views.py", line 180, in permission_denied
    raise exceptions.NotAuthenticated()
rest_framework.exceptions.NotAuthenticated: Authentication credentials were not provided.
Internal Server Error: /api/v1/carts/get-cart/
IP: 127.0.0.1 | Exception: Authentication credentials were not provided. | View: <apps.orders.api.v1.views.cart.CartViewSet object at 0x0000017A9FF22090> | Method: GET | Path: /api/v1/carts/get-cart/
Traceback (most recent call last):
  File "E:\Training\next_js_task\Django_REST\Food_Delivery_System_Task\food_delivery_system_backend\env_task\Lib\site-packages\rest_framework\views.py", line 503, in dispatch
    self.initial(request, *args, **kwargs)
  File "E:\Training\next_js_task\Django_REST\Food_Delivery_System_Task\food_delivery_system_backend\env_task\Lib\site-packages\rest_framework\views.py", line 421, in initial
    self.check_permissions(request)
  File "E:\Training\next_js_task\Django_REST\Food_Delivery_System_Task\food_delivery_system_backend\env_task\Lib\site-packages\rest_framework\views.py", line 339, in check_permissions
    self.permission_denied(
  File "E:\Training\next_js_task\Django_REST\Food_Delivery_System_Task\food_delivery_system_backend\env_task\Lib\site-packages\rest_framework\views.py", line 180, in permission_denied
    raise exceptions.NotAuthenticated()
rest_framework.exceptions.NotAuthenticated: Authentication credentials were not provided.
Internal Server Error: /api/v1/carts/get-cart/
IP: 127.0.0.1 | Exception: Authentication credentials were not provided. | View: <apps.orders.api.v1.views.cart.CartViewSet object at 0x0000017A9FDD1F40> | Method: GET | Path: /api/v1/carts/get-cart/
Traceback (most recent call last):
  File "E:\Training\next_js_task\Django_REST\Food_Delivery_System_Task\food_delivery_system_backend\env_task\Lib\site-packages\rest_framework\views.py", line 503, in dispatch
    self.initial(request, *args, **kwargs)
  File "E:\Training\next_js_task\Django_REST\Food_Delivery_System_Task\food_delivery_system_backend\env_task\Lib\site-packages\rest_framework\views.py", line 421, in initial
    self.check_permissions(request)
  File "E:\Training\next_js_task\Django_REST\Food_Delivery_System_Task\food_delivery_system_backend\env_task\Lib\site-packages\rest_framework\views.py", line 339, in check_permissions
    self.permission_denied(
  File "E:\Training\next_js_task\Django_REST\Food_Delivery_System_Task\food_delivery_system_backend\env_task\Lib\site-packages\rest_framework\views.py", line 180, in permission_denied
    raise exceptions.NotAuthenticated()
rest_framework.exceptions.NotAuthenticated: Authentication credentials were not provided.
Internal Server Error: /api/v1/carts/get-cart/
IP: 127.0.0.1 | Exception: Authentication credentials were not provided. | View: <apps.orders.api.v1.views.cart.CartViewSet object at 0x0000017A9FDD1EE0> | Method: GET | Path: /api/v1/carts/get-cart/
Traceback (most recent call last):
  File "E:\Training\next_js_task\Django_REST\Food_Delivery_System_Task\food_delivery_system_backend\env_task\Lib\site-packages\rest_framework\views.py", line 503, in dispatch
    self.initial(request, *args, **kwargs)
  File "E:\Training\next_js_task\Django_REST\Food_Delivery_System_Task\food_delivery_system_backend\env_task\Lib\site-packages\rest_framework\views.py", line 421, in initial
    self.check_permissions(request)
  File "E:\Training\next_js_task\Django_REST\Food_Delivery_System_Task\food_delivery_system_backend\env_task\Lib\site-packages\rest_framework\views.py", line 339, in check_permissions
    self.permission_denied(
  File "E:\Training\next_js_task\Django_REST\Food_Delivery_System_Task\food_delivery_system_backend\env_task\Lib\site-packages\rest_framework\views.py", line 180, in permission_denied
    raise exceptions.NotAuthenticated()
rest_framework.exceptions.NotAuthenticated: Authentication credentials were not provided.
Internal Server Error: /api/v1/carts/get-cart/
IP: 127.0.0.1 | Exception: Authentication credentials were not provided. | View: <apps.orders.api.v1.views.cart.CartViewSet object at 0x0000017A9FE22870> | Method: GET | Path: /api/v1/carts/get-cart/
Traceback (most recent call last):
  File "E:\Training\next_js_task\Django_REST\Food_Delivery_System_Task\food_delivery_system_backend\env_task\Lib\site-packages\rest_framework\views.py", line 503, in dispatch
    self.initial(request, *args, **kwargs)
  File "E:\Training\next_js_task\Django_REST\Food_Delivery_System_Task\food_delivery_system_backend\env_task\Lib\site-packages\rest_framework\views.py", line 421, in initial
    self.check_permissions(request)
  File "E:\Training\next_js_task\Django_REST\Food_Delivery_System_Task\food_delivery_system_backend\env_task\Lib\site-packages\rest_framework\views.py", line 339, in check_permissions
    self.permission_denied(
  File "E:\Training\next_js_task\Django_REST\Food_Delivery_System_Task\food_delivery_system_backend\env_task\Lib\site-packages\rest_framework\views.py", line 180, in permission_denied
    raise exceptions.NotAuthenticated()
rest_framework.exceptions.NotAuthenticated: Authentication credentials were not provided.
Internal Server Error: /api/v1/carts/get-cart/
IP: 127.0.0.1 | Exception: Authentication credentials were not provided. | View: <apps.orders.api.v1.views.cart.CartViewSet object at 0x0000017A9FEB0EF0> | Method: GET | Path: /api/v1/carts/get-cart/
Traceback (most recent call last):
  File "E:\Training\next_js_task\Django_REST\Food_Delivery_System_Task\food_delivery_system_backend\env_task\Lib\site-packages\rest_framework\views.py", line 503, in dispatch
    self.initial(request, *args, **kwargs)
  File "E:\Training\next_js_task\Django_REST\Food_Delivery_System_Task\food_delivery_system_backend\env_task\Lib\site-packages\rest_framework\views.py", line 421, in initial
    self.check_permissions(request)
  File "E:\Training\next_js_task\Django_REST\Food_Delivery_System_Task\food_delivery_system_backend\env_task\Lib\site-packages\rest_framework\views.py", line 339, in check_permissions
    self.permission_denied(
  File "E:\Training\next_js_task\Django_REST\Food_Delivery_System_Task\food_delivery_system_backend\env_task\Lib\site-packages\rest_framework\views.py", line 180, in permission_denied
    raise exceptions.NotAuthenticated()
rest_framework.exceptions.NotAuthenticated: Authentication credentials were not provided.
Internal Server Error: /api/v1/carts/get-cart/
IP: 127.0.0.1 | Exception: Authentication credentials were not provided. | View: <apps.orders.api.v1.views.cart.CartViewSet object at 0x0000017A9FE23F80> | Method: GET | Path: /api/v1/carts/get-cart/
Traceback (most recent call last):
  File "E:\Training\next_js_task\Django_REST\Food_Delivery_System_Task\food_delivery_system_backend\env_task\Lib\site-packages\rest_framework\views.py", line 503, in dispatch
    self.initial(request, *args, **kwargs)
  File "E:\Training\next_js_task\Django_REST\Food_Delivery_System_Task\food_delivery_system_backend\env_task\Lib\site-packages\rest_framework\views.py", line 421, in initial
    self.check_permissions(request)
  File "E:\Training\next_js_task\Django_REST\Food_Delivery_System_Task\food_delivery_system_backend\env_task\Lib\site-packages\rest_framework\views.py", line 339, in check_permissions
    self.permission_denied(
  File "E:\Training\next_js_task\Django_REST\Food_Delivery_System_Task\food_delivery_system_backend\env_task\Lib\site-packages\rest_framework\views.py", line 180, in permission_denied
    raise exceptions.NotAuthenticated()
rest_framework.exceptions.NotAuthenticated: Authentication credentials were not provided.
Internal Server Error: /api/v1/carts/get-cart/
IP: 127.0.0.1 | Exception: Authentication credentials were not provided. | View: <apps.orders.api.v1.views.cart.CartViewSet object at 0x0000017A9FE22B40> | Method: GET | Path: /api/v1/carts/get-cart/
Traceback (most recent call last):
  File "E:\Training\next_js_task\Django_REST\Food_Delivery_System_Task\food_delivery_system_backend\env_task\Lib\site-packages\rest_framework\views.py", line 503, in dispatch
    self.initial(request, *args, **kwargs)
  File "E:\Training\next_js_task\Django_REST\Food_Delivery_System_Task\food_delivery_system_backend\env_task\Lib\site-packages\rest_framework\views.py", line 421, in initial
    self.check_permissions(request)
  File "E:\Training\next_js_task\Django_REST\Food_Delivery_System_Task\food_delivery_system_backend\env_task\Lib\site-packages\rest_framework\views.py", line 339, in check_permissions
    self.permission_denied(
  File "E:\Training\next_js_task\Django_REST\Food_Delivery_System_Task\food_delivery_system_backend\env_task\Lib\site-packages\rest_framework\views.py", line 180, in permission_denied
    raise exceptions.NotAuthenticated()
rest_framework.exceptions.NotAuthenticated: Authentication credentials were not provided.
Internal Server Error: /api/v1/carts/get-cart/
IP: 127.0.0.1 | Exception: Authentication credentials were not provided. | View: <apps.orders.api.v1.views.cart.CartViewSet object at 0x0000017A9FEB0530> | Method: GET | Path: /api/v1/carts/get-cart/
Traceback (most recent call last):
  File "E:\Training\next_js_task\Django_REST\Food_Delivery_System_Task\food_delivery_system_backend\env_task\Lib\site-packages\rest_framework\views.py", line 503, in dispatch
    self.initial(request, *args, **kwargs)
  File "E:\Training\next_js_task\Django_REST\Food_Delivery_System_Task\food_delivery_system_backend\env_task\Lib\site-packages\rest_framework\views.py", line 421, in initial
    self.check_permissions(request)
  File "E:\Training\next_js_task\Django_REST\Food_Delivery_System_Task\food_delivery_system_backend\env_task\Lib\site-packages\rest_framework\views.py", line 339, in check_permissions
    self.permission_denied(
  File "E:\Training\next_js_task\Django_REST\Food_Delivery_System_Task\food_delivery_system_backend\env_task\Lib\site-packages\rest_framework\views.py", line 180, in permission_denied
    raise exceptions.NotAuthenticated()
rest_framework.exceptions.NotAuthenticated: Authentication credentials were not provided.
Internal Server Error: /api/v1/carts/get-cart/
IP: 127.0.0.1 | Exception: Authentication credentials were not provided. | View: <apps.orders.api.v1.views.cart.CartViewSet object at 0x0000017A9FE22C30> | Method: GET | Path: /api/v1/carts/get-cart/
Traceback (most recent call last):
  File "E:\Training\next_js_task\Django_REST\Food_Delivery_System_Task\food_delivery_system_backend\env_task\Lib\site-packages\rest_framework\views.py", line 503, in dispatch
    self.initial(request, *args, **kwargs)
  File "E:\Training\next_js_task\Django_REST\Food_Delivery_System_Task\food_delivery_system_backend\env_task\Lib\site-packages\rest_framework\views.py", line 421, in initial
    self.check_permissions(request)
  File "E:\Training\next_js_task\Django_REST\Food_Delivery_System_Task\food_delivery_system_backend\env_task\Lib\site-packages\rest_framework\views.py", line 339, in check_permissions
    self.permission_denied(
  File "E:\Training\next_js_task\Django_REST\Food_Delivery_System_Task\food_delivery_system_backend\env_task\Lib\site-packages\rest_framework\views.py", line 180, in permission_denied
    raise exceptions.NotAuthenticated()
rest_framework.exceptions.NotAuthenticated: Authentication credentials were not provided.
Internal Server Error: /api/v1/carts/get-cart/
IP: 127.0.0.1 | Exception: Authentication credentials were not provided. | View: <apps.orders.api.v1.views.cart.CartViewSet object at 0x0000017A9FE21A90> | Method: GET | Path: /api/v1/carts/get-cart/
Traceback (most recent call last):
  File "E:\Training\next_js_task\Django_REST\Food_Delivery_System_Task\food_delivery_system_backend\env_task\Lib\site-packages\rest_framework\views.py", line 503, in dispatch
    self.initial(request, *args, **kwargs)
  File "E:\Training\next_js_task\Django_REST\Food_Delivery_System_Task\food_delivery_system_backend\env_task\Lib\site-packages\rest_framework\views.py", line 421, in initial
    self.check_permissions(request)
  File "E:\Training\next_js_task\Django_REST\Food_Delivery_System_Task\food_delivery_system_backend\env_task\Lib\site-packages\rest_framework\views.py", line 339, in check_permissions
    self.permission_denied(
  File "E:\Training\next_js_task\Django_REST\Food_Delivery_System_Task\food_delivery_system_backend\env_task\Lib\site-packages\rest_framework\views.py", line 180, in permission_denied
    raise exceptions.NotAuthenticated()
rest_framework.exceptions.NotAuthenticated: Authentication credentials were not provided.
Internal Server Error: /api/v1/carts/get-cart/
IP: 127.0.0.1 | Exception: Authentication credentials were not provided. | View: <apps.orders.api.v1.views.cart.CartViewSet object at 0x0000017A9FDD12B0> | Method: GET | Path: /api/v1/carts/get-cart/
Traceback (most recent call last):
  File "E:\Training\next_js_task\Django_REST\Food_Delivery_System_Task\food_delivery_system_backend\env_task\Lib\site-packages\rest_framework\views.py", line 503, in dispatch
    self.initial(request, *args, **kwargs)
  File "E:\Training\next_js_task\Django_REST\Food_Delivery_System_Task\food_delivery_system_backend\env_task\Lib\site-packages\rest_framework\views.py", line 421, in initial
    self.check_permissions(request)
  File "E:\Training\next_js_task\Django_REST\Food_Delivery_System_Task\food_delivery_system_backend\env_task\Lib\site-packages\rest_framework\views.py", line 339, in check_permissions
    self.permission_denied(
  File "E:\Training\next_js_task\Django_REST\Food_Delivery_System_Task\food_delivery_system_backend\env_task\Lib\site-packages\rest_framework\views.py", line 180, in permission_denied
    raise exceptions.NotAuthenticated()
rest_framework.exceptions.NotAuthenticated: Authentication credentials were not provided.
Internal Server Error: /api/v1/carts/get-cart/
IP: 127.0.0.1 | Exception: Authentication credentials were not provided. | View: <apps.orders.api.v1.views.cart.CartViewSet object at 0x0000017A9FEB0620> | Method: GET | Path: /api/v1/carts/get-cart/
Traceback (most recent call last):
  File "E:\Training\next_js_task\Django_REST\Food_Delivery_System_Task\food_delivery_system_backend\env_task\Lib\site-packages\rest_framework\views.py", line 503, in dispatch
    self.initial(request, *args, **kwargs)
  File "E:\Training\next_js_task\Django_REST\Food_Delivery_System_Task\food_delivery_system_backend\env_task\Lib\site-packages\rest_framework\views.py", line 421, in initial
    self.check_permissions(request)
  File "E:\Training\next_js_task\Django_REST\Food_Delivery_System_Task\food_delivery_system_backend\env_task\Lib\site-packages\rest_framework\views.py", line 339, in check_permissions
    self.permission_denied(
  File "E:\Training\next_js_task\Django_REST\Food_Delivery_System_Task\food_delivery_system_backend\env_task\Lib\site-packages\rest_framework\views.py", line 180, in permission_denied
    raise exceptions.NotAuthenticated()
rest_framework.exceptions.NotAuthenticated: Authentication credentials were not provided.
Internal Server Error: /api/v1/carts/get-cart/
IP: 127.0.0.1 | Exception: Authentication credentials were not provided. | View: <apps.orders.api.v1.views.cart.CartViewSet object at 0x0000017A9FE23B00> | Method: GET | Path: /api/v1/carts/get-cart/
Traceback (most recent call last):
  File "E:\Training\next_js_task\Django_REST\Food_Delivery_System_Task\food_delivery_system_backend\env_task\Lib\site-packages\rest_framework\views.py", line 503, in dispatch
    self.initial(request, *args, **kwargs)
  File "E:\Training\next_js_task\Django_REST\Food_Delivery_System_Task\food_delivery_system_backend\env_task\Lib\site-packages\rest_framework\views.py", line 421, in initial
    self.check_permissions(request)
  File "E:\Training\next_js_task\Django_REST\Food_Delivery_System_Task\food_delivery_system_backend\env_task\Lib\site-packages\rest_framework\views.py", line 339, in check_permissions
    self.permission_denied(
  File "E:\Training\next_js_task\Django_REST\Food_Delivery_System_Task\food_delivery_system_backend\env_task\Lib\site-packages\rest_framework\views.py", line 180, in permission_denied
    raise exceptions.NotAuthenticated()
rest_framework.exceptions.NotAuthenticated: Authentication credentials were not provided.
Internal Server Error: /api/v1/carts/get-cart/
IP: 127.0.0.1 | Exception: Authentication credentials were not provided. | View: <apps.orders.api.v1.views.cart.CartViewSet object at 0x0000017A9FE22C90> | Method: GET | Path: /api/v1/carts/get-cart/
Traceback (most recent call last):
  File "E:\Training\next_js_task\Django_REST\Food_Delivery_System_Task\food_delivery_system_backend\env_task\Lib\site-packages\rest_framework\views.py", line 503, in dispatch
    self.initial(request, *args, **kwargs)
  File "E:\Training\next_js_task\Django_REST\Food_Delivery_System_Task\food_delivery_system_backend\env_task\Lib\site-packages\rest_framework\views.py", line 421, in initial
    self.check_permissions(request)
  File "E:\Training\next_js_task\Django_REST\Food_Delivery_System_Task\food_delivery_system_backend\env_task\Lib\site-packages\rest_framework\views.py", line 339, in check_permissions
    self.permission_denied(
  File "E:\Training\next_js_task\Django_REST\Food_Delivery_System_Task\food_delivery_system_backend\env_task\Lib\site-packages\rest_framework\views.py", line 180, in permission_denied
    raise exceptions.NotAuthenticated()
rest_framework.exceptions.NotAuthenticated: Authentication credentials were not provided.
Internal Server Error: /api/v1/carts/get-cart/
IP: 127.0.0.1 | Exception: Authentication credentials were not provided. | View: <apps.orders.api.v1.views.cart.CartViewSet object at 0x0000017A9FDD1B80> | Method: GET | Path: /api/v1/carts/get-cart/
Traceback (most recent call last):
  File "E:\Training\next_js_task\Django_REST\Food_Delivery_System_Task\food_delivery_system_backend\env_task\Lib\site-packages\rest_framework\views.py", line 503, in dispatch
    self.initial(request, *args, **kwargs)
  File "E:\Training\next_js_task\Django_REST\Food_Delivery_System_Task\food_delivery_system_backend\env_task\Lib\site-packages\rest_framework\views.py", line 421, in initial
    self.check_permissions(request)
  File "E:\Training\next_js_task\Django_REST\Food_Delivery_System_Task\food_delivery_system_backend\env_task\Lib\site-packages\rest_framework\views.py", line 339, in check_permissions
    self.permission_denied(
  File "E:\Training\next_js_task\Django_REST\Food_Delivery_System_Task\food_delivery_system_backend\env_task\Lib\site-packages\rest_framework\views.py", line 180, in permission_denied
    raise exceptions.NotAuthenticated()
rest_framework.exceptions.NotAuthenticated: Authentication credentials were not provided.
Internal Server Error: /api/v1/carts/get-cart/
IP: 127.0.0.1 | Exception: Authentication credentials were not provided. | View: <apps.orders.api.v1.views.cart.CartViewSet object at 0x0000017A9FDD09B0> | Method: GET | Path: /api/v1/carts/get-cart/
Traceback (most recent call last):
  File "E:\Training\next_js_task\Django_REST\Food_Delivery_System_Task\food_delivery_system_backend\env_task\Lib\site-packages\rest_framework\views.py", line 503, in dispatch
    self.initial(request, *args, **kwargs)
  File "E:\Training\next_js_task\Django_REST\Food_Delivery_System_Task\food_delivery_system_backend\env_task\Lib\site-packages\rest_framework\views.py", line 421, in initial
    self.check_permissions(request)
  File "E:\Training\next_js_task\Django_REST\Food_Delivery_System_Task\food_delivery_system_backend\env_task\Lib\site-packages\rest_framework\views.py", line 339, in check_permissions
    self.permission_denied(
  File "E:\Training\next_js_task\Django_REST\Food_Delivery_System_Task\food_delivery_system_backend\env_task\Lib\site-packages\rest_framework\views.py", line 180, in permission_denied
    raise exceptions.NotAuthenticated()
rest_framework.exceptions.NotAuthenticated: Authentication credentials were not provided.
Internal Server Error: /api/v1/carts/get-cart/
IP: 127.0.0.1 | Exception: Authentication credentials were not provided. | View: <apps.orders.api.v1.views.cart.CartViewSet object at 0x0000017A9FC6FEC0> | Method: GET | Path: /api/v1/carts/get-cart/
Traceback (most recent call last):
  File "E:\Training\next_js_task\Django_REST\Food_Delivery_System_Task\food_delivery_system_backend\env_task\Lib\site-packages\rest_framework\views.py", line 503, in dispatch
    self.initial(request, *args, **kwargs)
  File "E:\Training\next_js_task\Django_REST\Food_Delivery_System_Task\food_delivery_system_backend\env_task\Lib\site-packages\rest_framework\views.py", line 421, in initial
    self.check_permissions(request)
  File "E:\Training\next_js_task\Django_REST\Food_Delivery_System_Task\food_delivery_system_backend\env_task\Lib\site-packages\rest_framework\views.py", line 339, in check_permissions
    self.permission_denied(
  File "E:\Training\next_js_task\Django_REST\Food_Delivery_System_Task\food_delivery_system_backend\env_task\Lib\site-packages\rest_framework\views.py", line 180, in permission_denied
    raise exceptions.NotAuthenticated()
rest_framework.exceptions.NotAuthenticated: Authentication credentials were not provided.
Internal Server Error: /api/v1/carts/get-cart/
IP: 127.0.0.1 | Exception: Authentication credentials were not provided. | View: <apps.orders.api.v1.views.cart.CartViewSet object at 0x0000017A9FF23110> | Method: GET | Path: /api/v1/carts/get-cart/
Traceback (most recent call last):
  File "E:\Training\next_js_task\Django_REST\Food_Delivery_System_Task\food_delivery_system_backend\env_task\Lib\site-packages\rest_framework\views.py", line 503, in dispatch
    self.initial(request, *args, **kwargs)
  File "E:\Training\next_js_task\Django_REST\Food_Delivery_System_Task\food_delivery_system_backend\env_task\Lib\site-packages\rest_framework\views.py", line 421, in initial
    self.check_permissions(request)
  File "E:\Training\next_js_task\Django_REST\Food_Delivery_System_Task\food_delivery_system_backend\env_task\Lib\site-packages\rest_framework\views.py", line 339, in check_permissions
    self.permission_denied(
  File "E:\Training\next_js_task\Django_REST\Food_Delivery_System_Task\food_delivery_system_backend\env_task\Lib\site-packages\rest_framework\views.py", line 180, in permission_denied
    raise exceptions.NotAuthenticated()
rest_framework.exceptions.NotAuthenticated: Authentication credentials were not provided.
Internal Server Error: /api/v1/carts/get-cart/
IP: 127.0.0.1 | Exception: Authentication credentials were not provided. | View: <apps.orders.api.v1.views.cart.CartViewSet object at 0x0000017A9FC6F110> | Method: GET | Path: /api/v1/carts/get-cart/
Traceback (most recent call last):
  File "E:\Training\next_js_task\Django_REST\Food_Delivery_System_Task\food_delivery_system_backend\env_task\Lib\site-packages\rest_framework\views.py", line 503, in dispatch
    self.initial(request, *args, **kwargs)
  File "E:\Training\next_js_task\Django_REST\Food_Delivery_System_Task\food_delivery_system_backend\env_task\Lib\site-packages\rest_framework\views.py", line 421, in initial
    self.check_permissions(request)
  File "E:\Training\next_js_task\Django_REST\Food_Delivery_System_Task\food_delivery_system_backend\env_task\Lib\site-packages\rest_framework\views.py", line 339, in check_permissions
    self.permission_denied(
  File "E:\Training\next_js_task\Django_REST\Food_Delivery_System_Task\food_delivery_system_backend\env_task\Lib\site-packages\rest_framework\views.py", line 180, in permission_denied
    raise exceptions.NotAuthenticated()
rest_framework.exceptions.NotAuthenticated: Authentication credentials were not provided.
Internal Server Error: /api/v1/carts/get-cart/
IP: 127.0.0.1 | Exception: Authentication credentials were not provided. | View: <apps.orders.api.v1.views.cart.CartViewSet object at 0x0000017A9FC89D00> | Method: GET | Path: /api/v1/carts/get-cart/
Traceback (most recent call last):
  File "E:\Training\next_js_task\Django_REST\Food_Delivery_System_Task\food_delivery_system_backend\env_task\Lib\site-packages\rest_framework\views.py", line 503, in dispatch
    self.initial(request, *args, **kwargs)
  File "E:\Training\next_js_task\Django_REST\Food_Delivery_System_Task\food_delivery_system_backend\env_task\Lib\site-packages\rest_framework\views.py", line 421, in initial
    self.check_permissions(request)
  File "E:\Training\next_js_task\Django_REST\Food_Delivery_System_Task\food_delivery_system_backend\env_task\Lib\site-packages\rest_framework\views.py", line 339, in check_permissions
    self.permission_denied(
  File "E:\Training\next_js_task\Django_REST\Food_Delivery_System_Task\food_delivery_system_backend\env_task\Lib\site-packages\rest_framework\views.py", line 180, in permission_denied
    raise exceptions.NotAuthenticated()
rest_framework.exceptions.NotAuthenticated: Authentication credentials were not provided.
Internal Server Error: /api/v1/carts/get-cart/
IP: 127.0.0.1 | Exception: Authentication credentials were not provided. | View: <apps.orders.api.v1.views.cart.CartViewSet object at 0x0000017A9FF202F0> | Method: GET | Path: /api/v1/carts/get-cart/
Traceback (most recent call last):
  File "E:\Training\next_js_task\Django_REST\Food_Delivery_System_Task\food_delivery_system_backend\env_task\Lib\site-packages\rest_framework\views.py", line 503, in dispatch
    self.initial(request, *args, **kwargs)
  File "E:\Training\next_js_task\Django_REST\Food_Delivery_System_Task\food_delivery_system_backend\env_task\Lib\site-packages\rest_framework\views.py", line 421, in initial
    self.check_permissions(request)
  File "E:\Training\next_js_task\Django_REST\Food_Delivery_System_Task\food_delivery_system_backend\env_task\Lib\site-packages\rest_framework\views.py", line 339, in check_permissions
    self.permission_denied(
  File "E:\Training\next_js_task\Django_REST\Food_Delivery_System_Task\food_delivery_system_backend\env_task\Lib\site-packages\rest_framework\views.py", line 180, in permission_denied
    raise exceptions.NotAuthenticated()
rest_framework.exceptions.NotAuthenticated: Authentication credentials were not provided.
Internal Server Error: /api/v1/carts/get-cart/
IP: 127.0.0.1 | Exception: Authentication credentials were not provided. | View: <apps.orders.api.v1.views.cart.CartViewSet object at 0x0000017A9FDD2B40> | Method: GET | Path: /api/v1/carts/get-cart/
Traceback (most recent call last):
  File "E:\Training\next_js_task\Django_REST\Food_Delivery_System_Task\food_delivery_system_backend\env_task\Lib\site-packages\rest_framework\views.py", line 503, in dispatch
    self.initial(request, *args, **kwargs)
  File "E:\Training\next_js_task\Django_REST\Food_Delivery_System_Task\food_delivery_system_backend\env_task\Lib\site-packages\rest_framework\views.py", line 421, in initial
    self.check_permissions(request)
  File "E:\Training\next_js_task\Django_REST\Food_Delivery_System_Task\food_delivery_system_backend\env_task\Lib\site-packages\rest_framework\views.py", line 339, in check_permissions
    self.permission_denied(
  File "E:\Training\next_js_task\Django_REST\Food_Delivery_System_Task\food_delivery_system_backend\env_task\Lib\site-packages\rest_framework\views.py", line 180, in permission_denied
    raise exceptions.NotAuthenticated()
rest_framework.exceptions.NotAuthenticated: Authentication credentials were not provided.
Internal Server Error: /api/v1/carts/get-cart/
IP: 127.0.0.1 | Exception: Authentication credentials were not provided. | View: <apps.orders.api.v1.views.cart.CartViewSet object at 0x0000017A9FDD2780> | Method: GET | Path: /api/v1/carts/get-cart/
Traceback (most recent call last):
  File "E:\Training\next_js_task\Django_REST\Food_Delivery_System_Task\food_delivery_system_backend\env_task\Lib\site-packages\rest_framework\views.py", line 503, in dispatch
    self.initial(request, *args, **kwargs)
  File "E:\Training\next_js_task\Django_REST\Food_Delivery_System_Task\food_delivery_system_backend\env_task\Lib\site-packages\rest_framework\views.py", line 421, in initial
    self.check_permissions(request)
  File "E:\Training\next_js_task\Django_REST\Food_Delivery_System_Task\food_delivery_system_backend\env_task\Lib\site-packages\rest_framework\views.py", line 339, in check_permissions
    self.permission_denied(
  File "E:\Training\next_js_task\Django_REST\Food_Delivery_System_Task\food_delivery_system_backend\env_task\Lib\site-packages\rest_framework\views.py", line 180, in permission_denied
    raise exceptions.NotAuthenticated()
rest_framework.exceptions.NotAuthenticated: Authentication credentials were not provided.
Internal Server Error: /api/v1/carts/get-cart/
IP: 127.0.0.1 | Exception: Authentication credentials were not provided. | View: <apps.orders.api.v1.views.cart.CartViewSet object at 0x0000017A9FDD0290> | Method: GET | Path: /api/v1/carts/get-cart/
Traceback (most recent call last):
  File "E:\Training\next_js_task\Django_REST\Food_Delivery_System_Task\food_delivery_system_backend\env_task\Lib\site-packages\rest_framework\views.py", line 503, in dispatch
    self.initial(request, *args, **kwargs)
  File "E:\Training\next_js_task\Django_REST\Food_Delivery_System_Task\food_delivery_system_backend\env_task\Lib\site-packages\rest_framework\views.py", line 421, in initial
    self.check_permissions(request)
  File "E:\Training\next_js_task\Django_REST\Food_Delivery_System_Task\food_delivery_system_backend\env_task\Lib\site-packages\rest_framework\views.py", line 339, in check_permissions
    self.permission_denied(
  File "E:\Training\next_js_task\Django_REST\Food_Delivery_System_Task\food_delivery_system_backend\env_task\Lib\site-packages\rest_framework\views.py", line 180, in permission_denied
    raise exceptions.NotAuthenticated()
rest_framework.exceptions.NotAuthenticated: Authentication credentials were not provided.
Internal Server Error: /api/v1/carts/get-cart/
IP: 127.0.0.1 | Exception: Authentication credentials were not provided. | View: <apps.orders.api.v1.views.cart.CartViewSet object at 0x0000017A9FDD2CF0> | Method: GET | Path: /api/v1/carts/get-cart/
Traceback (most recent call last):
  File "E:\Training\next_js_task\Django_REST\Food_Delivery_System_Task\food_delivery_system_backend\env_task\Lib\site-packages\rest_framework\views.py", line 503, in dispatch
    self.initial(request, *args, **kwargs)
  File "E:\Training\next_js_task\Django_REST\Food_Delivery_System_Task\food_delivery_system_backend\env_task\Lib\site-packages\rest_framework\views.py", line 421, in initial
    self.check_permissions(request)
  File "E:\Training\next_js_task\Django_REST\Food_Delivery_System_Task\food_delivery_system_backend\env_task\Lib\site-packages\rest_framework\views.py", line 339, in check_permissions
    self.permission_denied(
  File "E:\Training\next_js_task\Django_REST\Food_Delivery_System_Task\food_delivery_system_backend\env_task\Lib\site-packages\rest_framework\views.py", line 180, in permission_denied
    raise exceptions.NotAuthenticated()
rest_framework.exceptions.NotAuthenticated: Authentication credentials were not provided.
Internal Server Error: /api/v1/carts/get-cart/
IP: 127.0.0.1 | Exception: Authentication credentials were not provided. | View: <apps.orders.api.v1.views.cart.CartViewSet object at 0x0000017A9FEB0F80> | Method: GET | Path: /api/v1/carts/get-cart/
Traceback (most recent call last):
  File "E:\Training\next_js_task\Django_REST\Food_Delivery_System_Task\food_delivery_system_backend\env_task\Lib\site-packages\rest_framework\views.py", line 503, in dispatch
    self.initial(request, *args, **kwargs)
  File "E:\Training\next_js_task\Django_REST\Food_Delivery_System_Task\food_delivery_system_backend\env_task\Lib\site-packages\rest_framework\views.py", line 421, in initial
    self.check_permissions(request)
  File "E:\Training\next_js_task\Django_REST\Food_Delivery_System_Task\food_delivery_system_backend\env_task\Lib\site-packages\rest_framework\views.py", line 339, in check_permissions
    self.permission_denied(
  File "E:\Training\next_js_task\Django_REST\Food_Delivery_System_Task\food_delivery_system_backend\env_task\Lib\site-packages\rest_framework\views.py", line 180, in permission_denied
    raise exceptions.NotAuthenticated()
rest_framework.exceptions.NotAuthenticated: Authentication credentials were not provided.
Internal Server Error: /api/v1/carts/get-cart/
IP: 127.0.0.1 | Exception: Authentication credentials were not provided. | View: <apps.orders.api.v1.views.cart.CartViewSet object at 0x0000017A9FEB1190> | Method: GET | Path: /api/v1/carts/get-cart/
Traceback (most recent call last):
  File "E:\Training\next_js_task\Django_REST\Food_Delivery_System_Task\food_delivery_system_backend\env_task\Lib\site-packages\rest_framework\views.py", line 503, in dispatch
    self.initial(request, *args, **kwargs)
  File "E:\Training\next_js_task\Django_REST\Food_Delivery_System_Task\food_delivery_system_backend\env_task\Lib\site-packages\rest_framework\views.py", line 421, in initial
    self.check_permissions(request)
  File "E:\Training\next_js_task\Django_REST\Food_Delivery_System_Task\food_delivery_system_backend\env_task\Lib\site-packages\rest_framework\views.py", line 339, in check_permissions
    self.permission_denied(
  File "E:\Training\next_js_task\Django_REST\Food_Delivery_System_Task\food_delivery_system_backend\env_task\Lib\site-packages\rest_framework\views.py", line 180, in permission_denied
    raise exceptions.NotAuthenticated()
rest_framework.exceptions.NotAuthenticated: Authentication credentials were not provided.
Internal Server Error: /api/v1/carts/get-cart/
IP: 127.0.0.1 | Exception: Authentication credentials were not provided. | View: <apps.orders.api.v1.views.cart.CartViewSet object at 0x0000017A9FF206E0> | Method: GET | Path: /api/v1/carts/get-cart/
Traceback (most recent call last):
  File "E:\Training\next_js_task\Django_REST\Food_Delivery_System_Task\food_delivery_system_backend\env_task\Lib\site-packages\rest_framework\views.py", line 503, in dispatch
    self.initial(request, *args, **kwargs)
  File "E:\Training\next_js_task\Django_REST\Food_Delivery_System_Task\food_delivery_system_backend\env_task\Lib\site-packages\rest_framework\views.py", line 421, in initial
    self.check_permissions(request)
  File "E:\Training\next_js_task\Django_REST\Food_Delivery_System_Task\food_delivery_system_backend\env_task\Lib\site-packages\rest_framework\views.py", line 339, in check_permissions
    self.permission_denied(
  File "E:\Training\next_js_task\Django_REST\Food_Delivery_System_Task\food_delivery_system_backend\env_task\Lib\site-packages\rest_framework\views.py", line 180, in permission_denied
    raise exceptions.NotAuthenticated()
rest_framework.exceptions.NotAuthenticated: Authentication credentials were not provided.
Internal Server Error: /api/v1/carts/get-cart/
IP: 127.0.0.1 | Exception: Authentication credentials were not provided. | View: <apps.orders.api.v1.views.cart.CartViewSet object at 0x0000017A9FF23770> | Method: GET | Path: /api/v1/carts/get-cart/
Traceback (most recent call last):
  File "E:\Training\next_js_task\Django_REST\Food_Delivery_System_Task\food_delivery_system_backend\env_task\Lib\site-packages\rest_framework\views.py", line 503, in dispatch
    self.initial(request, *args, **kwargs)
  File "E:\Training\next_js_task\Django_REST\Food_Delivery_System_Task\food_delivery_system_backend\env_task\Lib\site-packages\rest_framework\views.py", line 421, in initial
    self.check_permissions(request)
  File "E:\Training\next_js_task\Django_REST\Food_Delivery_System_Task\food_delivery_system_backend\env_task\Lib\site-packages\rest_framework\views.py", line 339, in check_permissions
    self.permission_denied(
  File "E:\Training\next_js_task\Django_REST\Food_Delivery_System_Task\food_delivery_system_backend\env_task\Lib\site-packages\rest_framework\views.py", line 180, in permission_denied
    raise exceptions.NotAuthenticated()
rest_framework.exceptions.NotAuthenticated: Authentication credentials were not provided.
Internal Server Error: /api/v1/carts/get-cart/
IP: 127.0.0.1 | Exception: Authentication credentials were not provided. | View: <apps.orders.api.v1.views.cart.CartViewSet object at 0x0000017A9FE215B0> | Method: GET | Path: /api/v1/carts/get-cart/
Traceback (most recent call last):
  File "E:\Training\next_js_task\Django_REST\Food_Delivery_System_Task\food_delivery_system_backend\env_task\Lib\site-packages\rest_framework\views.py", line 503, in dispatch
    self.initial(request, *args, **kwargs)
  File "E:\Training\next_js_task\Django_REST\Food_Delivery_System_Task\food_delivery_system_backend\env_task\Lib\site-packages\rest_framework\views.py", line 421, in initial
    self.check_permissions(request)
  File "E:\Training\next_js_task\Django_REST\Food_Delivery_System_Task\food_delivery_system_backend\env_task\Lib\site-packages\rest_framework\views.py", line 339, in check_permissions
    self.permission_denied(
  File "E:\Training\next_js_task\Django_REST\Food_Delivery_System_Task\food_delivery_system_backend\env_task\Lib\site-packages\rest_framework\views.py", line 180, in permission_denied
    raise exceptions.NotAuthenticated()
rest_framework.exceptions.NotAuthenticated: Authentication credentials were not provided.
Internal Server Error: /api/v1/carts/get-cart/
IP: 127.0.0.1 | Exception: Authentication credentials were not provided. | View: <apps.orders.api.v1.views.cart.CartViewSet object at 0x0000017A9FE22DE0> | Method: GET | Path: /api/v1/carts/get-cart/
Traceback (most recent call last):
  File "E:\Training\next_js_task\Django_REST\Food_Delivery_System_Task\food_delivery_system_backend\env_task\Lib\site-packages\rest_framework\views.py", line 503, in dispatch
    self.initial(request, *args, **kwargs)
  File "E:\Training\next_js_task\Django_REST\Food_Delivery_System_Task\food_delivery_system_backend\env_task\Lib\site-packages\rest_framework\views.py", line 421, in initial
    self.check_permissions(request)
  File "E:\Training\next_js_task\Django_REST\Food_Delivery_System_Task\food_delivery_system_backend\env_task\Lib\site-packages\rest_framework\views.py", line 339, in check_permissions
    self.permission_denied(
  File "E:\Training\next_js_task\Django_REST\Food_Delivery_System_Task\food_delivery_system_backend\env_task\Lib\site-packages\rest_framework\views.py", line 180, in permission_denied
    raise exceptions.NotAuthenticated()
rest_framework.exceptions.NotAuthenticated: Authentication credentials were not provided.
Internal Server Error: /api/v1/carts/get-cart/
IP: 127.0.0.1 | Exception: Authentication credentials were not provided. | View: <apps.orders.api.v1.views.cart.CartViewSet object at 0x0000017A9FE229C0> | Method: GET | Path: /api/v1/carts/get-cart/
Traceback (most recent call last):
  File "E:\Training\next_js_task\Django_REST\Food_Delivery_System_Task\food_delivery_system_backend\env_task\Lib\site-packages\rest_framework\views.py", line 503, in dispatch
    self.initial(request, *args, **kwargs)
  File "E:\Training\next_js_task\Django_REST\Food_Delivery_System_Task\food_delivery_system_backend\env_task\Lib\site-packages\rest_framework\views.py", line 421, in initial
    self.check_permissions(request)
  File "E:\Training\next_js_task\Django_REST\Food_Delivery_System_Task\food_delivery_system_backend\env_task\Lib\site-packages\rest_framework\views.py", line 339, in check_permissions
    self.permission_denied(
  File "E:\Training\next_js_task\Django_REST\Food_Delivery_System_Task\food_delivery_system_backend\env_task\Lib\site-packages\rest_framework\views.py", line 180, in permission_denied
    raise exceptions.NotAuthenticated()
rest_framework.exceptions.NotAuthenticated: Authentication credentials were not provided.
Internal Server Error: /api/v1/carts/get-cart/
IP: 127.0.0.1 | Exception: Authentication credentials were not provided. | View: <apps.orders.api.v1.views.cart.CartViewSet object at 0x0000017A9FE222A0> | Method: GET | Path: /api/v1/carts/get-cart/
Traceback (most recent call last):
  File "E:\Training\next_js_task\Django_REST\Food_Delivery_System_Task\food_delivery_system_backend\env_task\Lib\site-packages\rest_framework\views.py", line 503, in dispatch
    self.initial(request, *args, **kwargs)
  File "E:\Training\next_js_task\Django_REST\Food_Delivery_System_Task\food_delivery_system_backend\env_task\Lib\site-packages\rest_framework\views.py", line 421, in initial
    self.check_permissions(request)
  File "E:\Training\next_js_task\Django_REST\Food_Delivery_System_Task\food_delivery_system_backend\env_task\Lib\site-packages\rest_framework\views.py", line 339, in check_permissions
    self.permission_denied(
  File "E:\Training\next_js_task\Django_REST\Food_Delivery_System_Task\food_delivery_system_backend\env_task\Lib\site-packages\rest_framework\views.py", line 180, in permission_denied
    raise exceptions.NotAuthenticated()
rest_framework.exceptions.NotAuthenticated: Authentication credentials were not provided.
Internal Server Error: /api/v1/carts/get-cart/
IP: 127.0.0.1 | Exception: Authentication credentials were not provided. | View: <apps.orders.api.v1.views.cart.CartViewSet object at 0x0000017A9FC89A90> | Method: GET | Path: /api/v1/carts/get-cart/
Traceback (most recent call last):
  File "E:\Training\next_js_task\Django_REST\Food_Delivery_System_Task\food_delivery_system_backend\env_task\Lib\site-packages\rest_framework\views.py", line 503, in dispatch
    self.initial(request, *args, **kwargs)
  File "E:\Training\next_js_task\Django_REST\Food_Delivery_System_Task\food_delivery_system_backend\env_task\Lib\site-packages\rest_framework\views.py", line 421, in initial
    self.check_permissions(request)
  File "E:\Training\next_js_task\Django_REST\Food_Delivery_System_Task\food_delivery_system_backend\env_task\Lib\site-packages\rest_framework\views.py", line 339, in check_permissions
    self.permission_denied(
  File "E:\Training\next_js_task\Django_REST\Food_Delivery_System_Task\food_delivery_system_backend\env_task\Lib\site-packages\rest_framework\views.py", line 180, in permission_denied
    raise exceptions.NotAuthenticated()
rest_framework.exceptions.NotAuthenticated: Authentication credentials were not provided.
Internal Server Error: /api/v1/carts/get-cart/
IP: 127.0.0.1 | Exception: Authentication credentials were not provided. | View: <apps.orders.api.v1.views.cart.CartViewSet object at 0x0000017A9FDD1FA0> | Method: GET | Path: /api/v1/carts/get-cart/
Traceback (most recent call last):
  File "E:\Training\next_js_task\Django_REST\Food_Delivery_System_Task\food_delivery_system_backend\env_task\Lib\site-packages\rest_framework\views.py", line 503, in dispatch
    self.initial(request, *args, **kwargs)
  File "E:\Training\next_js_task\Django_REST\Food_Delivery_System_Task\food_delivery_system_backend\env_task\Lib\site-packages\rest_framework\views.py", line 421, in initial
    self.check_permissions(request)
  File "E:\Training\next_js_task\Django_REST\Food_Delivery_System_Task\food_delivery_system_backend\env_task\Lib\site-packages\rest_framework\views.py", line 339, in check_permissions
    self.permission_denied(
  File "E:\Training\next_js_task\Django_REST\Food_Delivery_System_Task\food_delivery_system_backend\env_task\Lib\site-packages\rest_framework\views.py", line 180, in permission_denied
    raise exceptions.NotAuthenticated()
rest_framework.exceptions.NotAuthenticated: Authentication credentials were not provided.
Internal Server Error: /api/v1/carts/get-cart/
IP: 127.0.0.1 | Exception: Authentication credentials were not provided. | View: <apps.orders.api.v1.views.cart.CartViewSet object at 0x0000017A9FDD1370> | Method: GET | Path: /api/v1/carts/get-cart/
Traceback (most recent call last):
  File "E:\Training\next_js_task\Django_REST\Food_Delivery_System_Task\food_delivery_system_backend\env_task\Lib\site-packages\rest_framework\views.py", line 503, in dispatch
    self.initial(request, *args, **kwargs)
  File "E:\Training\next_js_task\Django_REST\Food_Delivery_System_Task\food_delivery_system_backend\env_task\Lib\site-packages\rest_framework\views.py", line 421, in initial
    self.check_permissions(request)
  File "E:\Training\next_js_task\Django_REST\Food_Delivery_System_Task\food_delivery_system_backend\env_task\Lib\site-packages\rest_framework\views.py", line 339, in check_permissions
    self.permission_denied(
  File "E:\Training\next_js_task\Django_REST\Food_Delivery_System_Task\food_delivery_system_backend\env_task\Lib\site-packages\rest_framework\views.py", line 180, in permission_denied
    raise exceptions.NotAuthenticated()
rest_framework.exceptions.NotAuthenticated: Authentication credentials were not provided.
Internal Server Error: /api/v1/carts/get-cart/
IP: 127.0.0.1 | Exception: Authentication credentials were not provided. | View: <apps.orders.api.v1.views.cart.CartViewSet object at 0x0000017A9FEB0F80> | Method: GET | Path: /api/v1/carts/get-cart/
Traceback (most recent call last):
  File "E:\Training\next_js_task\Django_REST\Food_Delivery_System_Task\food_delivery_system_backend\env_task\Lib\site-packages\rest_framework\views.py", line 503, in dispatch
    self.initial(request, *args, **kwargs)
  File "E:\Training\next_js_task\Django_REST\Food_Delivery_System_Task\food_delivery_system_backend\env_task\Lib\site-packages\rest_framework\views.py", line 421, in initial
    self.check_permissions(request)
  File "E:\Training\next_js_task\Django_REST\Food_Delivery_System_Task\food_delivery_system_backend\env_task\Lib\site-packages\rest_framework\views.py", line 339, in check_permissions
    self.permission_denied(
  File "E:\Training\next_js_task\Django_REST\Food_Delivery_System_Task\food_delivery_system_backend\env_task\Lib\site-packages\rest_framework\views.py", line 180, in permission_denied
    raise exceptions.NotAuthenticated()
rest_framework.exceptions.NotAuthenticated: Authentication credentials were not provided.
Internal Server Error: /api/v1/carts/get-cart/
IP: 127.0.0.1 | Exception: Authentication credentials were not provided. | View: <apps.orders.api.v1.views.cart.CartViewSet object at 0x0000017A9FEB0B00> | Method: GET | Path: /api/v1/carts/get-cart/
Traceback (most recent call last):
  File "E:\Training\next_js_task\Django_REST\Food_Delivery_System_Task\food_delivery_system_backend\env_task\Lib\site-packages\rest_framework\views.py", line 503, in dispatch
    self.initial(request, *args, **kwargs)
  File "E:\Training\next_js_task\Django_REST\Food_Delivery_System_Task\food_delivery_system_backend\env_task\Lib\site-packages\rest_framework\views.py", line 421, in initial
    self.check_permissions(request)
  File "E:\Training\next_js_task\Django_REST\Food_Delivery_System_Task\food_delivery_system_backend\env_task\Lib\site-packages\rest_framework\views.py", line 339, in check_permissions
    self.permission_denied(
  File "E:\Training\next_js_task\Django_REST\Food_Delivery_System_Task\food_delivery_system_backend\env_task\Lib\site-packages\rest_framework\views.py", line 180, in permission_denied
    raise exceptions.NotAuthenticated()
rest_framework.exceptions.NotAuthenticated: Authentication credentials were not provided.
Internal Server Error: /api/v1/carts/get-cart/
IP: 127.0.0.1 | Exception: Authentication credentials were not provided. | View: <apps.orders.api.v1.views.cart.CartViewSet object at 0x0000017A9FF212B0> | Method: GET | Path: /api/v1/carts/get-cart/
Traceback (most recent call last):
  File "E:\Training\next_js_task\Django_REST\Food_Delivery_System_Task\food_delivery_system_backend\env_task\Lib\site-packages\rest_framework\views.py", line 503, in dispatch
    self.initial(request, *args, **kwargs)
  File "E:\Training\next_js_task\Django_REST\Food_Delivery_System_Task\food_delivery_system_backend\env_task\Lib\site-packages\rest_framework\views.py", line 421, in initial
    self.check_permissions(request)
  File "E:\Training\next_js_task\Django_REST\Food_Delivery_System_Task\food_delivery_system_backend\env_task\Lib\site-packages\rest_framework\views.py", line 339, in check_permissions
    self.permission_denied(
  File "E:\Training\next_js_task\Django_REST\Food_Delivery_System_Task\food_delivery_system_backend\env_task\Lib\site-packages\rest_framework\views.py", line 180, in permission_denied
    raise exceptions.NotAuthenticated()
rest_framework.exceptions.NotAuthenticated: Authentication credentials were not provided.
Internal Server Error: /api/v1/carts/get-cart/
IP: 127.0.0.1 | Exception: Authentication credentials were not provided. | View: <apps.orders.api.v1.views.cart.CartViewSet object at 0x0000017A9FDD31D0> | Method: GET | Path: /api/v1/carts/get-cart/
Traceback (most recent call last):
  File "E:\Training\next_js_task\Django_REST\Food_Delivery_System_Task\food_delivery_system_backend\env_task\Lib\site-packages\rest_framework\views.py", line 503, in dispatch
    self.initial(request, *args, **kwargs)
  File "E:\Training\next_js_task\Django_REST\Food_Delivery_System_Task\food_delivery_system_backend\env_task\Lib\site-packages\rest_framework\views.py", line 421, in initial
    self.check_permissions(request)
  File "E:\Training\next_js_task\Django_REST\Food_Delivery_System_Task\food_delivery_system_backend\env_task\Lib\site-packages\rest_framework\views.py", line 339, in check_permissions
    self.permission_denied(
  File "E:\Training\next_js_task\Django_REST\Food_Delivery_System_Task\food_delivery_system_backend\env_task\Lib\site-packages\rest_framework\views.py", line 180, in permission_denied
    raise exceptions.NotAuthenticated()
rest_framework.exceptions.NotAuthenticated: Authentication credentials were not provided.
Internal Server Error: /api/v1/carts/get-cart/
IP: 127.0.0.1 | Exception: Authentication credentials were not provided. | View: <apps.orders.api.v1.views.cart.CartViewSet object at 0x0000017A9FF202F0> | Method: GET | Path: /api/v1/carts/get-cart/
Traceback (most recent call last):
  File "E:\Training\next_js_task\Django_REST\Food_Delivery_System_Task\food_delivery_system_backend\env_task\Lib\site-packages\rest_framework\views.py", line 503, in dispatch
    self.initial(request, *args, **kwargs)
  File "E:\Training\next_js_task\Django_REST\Food_Delivery_System_Task\food_delivery_system_backend\env_task\Lib\site-packages\rest_framework\views.py", line 421, in initial
    self.check_permissions(request)
  File "E:\Training\next_js_task\Django_REST\Food_Delivery_System_Task\food_delivery_system_backend\env_task\Lib\site-packages\rest_framework\views.py", line 339, in check_permissions
    self.permission_denied(
  File "E:\Training\next_js_task\Django_REST\Food_Delivery_System_Task\food_delivery_system_backend\env_task\Lib\site-packages\rest_framework\views.py", line 180, in permission_denied
    raise exceptions.NotAuthenticated()
rest_framework.exceptions.NotAuthenticated: Authentication credentials were not provided.
Internal Server Error: /api/v1/carts/get-cart/
IP: 127.0.0.1 | Exception: Authentication credentials were not provided. | View: <apps.orders.api.v1.views.cart.CartViewSet object at 0x0000017A9FB86060> | Method: GET | Path: /api/v1/carts/get-cart/
Traceback (most recent call last):
  File "E:\Training\next_js_task\Django_REST\Food_Delivery_System_Task\food_delivery_system_backend\env_task\Lib\site-packages\rest_framework\views.py", line 503, in dispatch
    self.initial(request, *args, **kwargs)
  File "E:\Training\next_js_task\Django_REST\Food_Delivery_System_Task\food_delivery_system_backend\env_task\Lib\site-packages\rest_framework\views.py", line 421, in initial
    self.check_permissions(request)
  File "E:\Training\next_js_task\Django_REST\Food_Delivery_System_Task\food_delivery_system_backend\env_task\Lib\site-packages\rest_framework\views.py", line 339, in check_permissions
    self.permission_denied(
  File "E:\Training\next_js_task\Django_REST\Food_Delivery_System_Task\food_delivery_system_backend\env_task\Lib\site-packages\rest_framework\views.py", line 180, in permission_denied
    raise exceptions.NotAuthenticated()
rest_framework.exceptions.NotAuthenticated: Authentication credentials were not provided.
Internal Server Error: /api/v1/carts/get-cart/
IP: 127.0.0.1 | Exception: Authentication credentials were not provided. | View: <apps.orders.api.v1.views.cart.CartViewSet object at 0x0000017A9D9AB3B0> | Method: GET | Path: /api/v1/carts/get-cart/
Traceback (most recent call last):
  File "E:\Training\next_js_task\Django_REST\Food_Delivery_System_Task\food_delivery_system_backend\env_task\Lib\site-packages\rest_framework\views.py", line 503, in dispatch
    self.initial(request, *args, **kwargs)
  File "E:\Training\next_js_task\Django_REST\Food_Delivery_System_Task\food_delivery_system_backend\env_task\Lib\site-packages\rest_framework\views.py", line 421, in initial
    self.check_permissions(request)
  File "E:\Training\next_js_task\Django_REST\Food_Delivery_System_Task\food_delivery_system_backend\env_task\Lib\site-packages\rest_framework\views.py", line 339, in check_permissions
    self.permission_denied(
  File "E:\Training\next_js_task\Django_REST\Food_Delivery_System_Task\food_delivery_system_backend\env_task\Lib\site-packages\rest_framework\views.py", line 180, in permission_denied
    raise exceptions.NotAuthenticated()
rest_framework.exceptions.NotAuthenticated: Authentication credentials were not provided.
Internal Server Error: /api/v1/carts/get-cart/
IP: 127.0.0.1 | Exception: Authentication credentials were not provided. | View: <apps.orders.api.v1.views.cart.CartViewSet object at 0x0000017A9FF20800> | Method: GET | Path: /api/v1/carts/get-cart/
Traceback (most recent call last):
  File "E:\Training\next_js_task\Django_REST\Food_Delivery_System_Task\food_delivery_system_backend\env_task\Lib\site-packages\rest_framework\views.py", line 503, in dispatch
    self.initial(request, *args, **kwargs)
  File "E:\Training\next_js_task\Django_REST\Food_Delivery_System_Task\food_delivery_system_backend\env_task\Lib\site-packages\rest_framework\views.py", line 421, in initial
    self.check_permissions(request)
  File "E:\Training\next_js_task\Django_REST\Food_Delivery_System_Task\food_delivery_system_backend\env_task\Lib\site-packages\rest_framework\views.py", line 339, in check_permissions
    self.permission_denied(
  File "E:\Training\next_js_task\Django_REST\Food_Delivery_System_Task\food_delivery_system_backend\env_task\Lib\site-packages\rest_framework\views.py", line 180, in permission_denied
    raise exceptions.NotAuthenticated()
rest_framework.exceptions.NotAuthenticated: Authentication credentials were not provided.
Internal Server Error: /api/v1/carts/get-cart/
IP: 127.0.0.1 | Exception: Authentication credentials were not provided. | View: <apps.orders.api.v1.views.cart.CartViewSet object at 0x0000017A9FC8A840> | Method: GET | Path: /api/v1/carts/get-cart/
Traceback (most recent call last):
  File "E:\Training\next_js_task\Django_REST\Food_Delivery_System_Task\food_delivery_system_backend\env_task\Lib\site-packages\rest_framework\views.py", line 503, in dispatch
    self.initial(request, *args, **kwargs)
  File "E:\Training\next_js_task\Django_REST\Food_Delivery_System_Task\food_delivery_system_backend\env_task\Lib\site-packages\rest_framework\views.py", line 421, in initial
    self.check_permissions(request)
  File "E:\Training\next_js_task\Django_REST\Food_Delivery_System_Task\food_delivery_system_backend\env_task\Lib\site-packages\rest_framework\views.py", line 339, in check_permissions
    self.permission_denied(
  File "E:\Training\next_js_task\Django_REST\Food_Delivery_System_Task\food_delivery_system_backend\env_task\Lib\site-packages\rest_framework\views.py", line 180, in permission_denied
    raise exceptions.NotAuthenticated()
rest_framework.exceptions.NotAuthenticated: Authentication credentials were not provided.
Internal Server Error: /api/v1/carts/get-cart/
IP: 127.0.0.1 | Exception: Authentication credentials were not provided. | View: <apps.orders.api.v1.views.cart.CartViewSet object at 0x0000017A9E523D70> | Method: GET | Path: /api/v1/carts/get-cart/
Traceback (most recent call last):
  File "E:\Training\next_js_task\Django_REST\Food_Delivery_System_Task\food_delivery_system_backend\env_task\Lib\site-packages\rest_framework\views.py", line 503, in dispatch
    self.initial(request, *args, **kwargs)
  File "E:\Training\next_js_task\Django_REST\Food_Delivery_System_Task\food_delivery_system_backend\env_task\Lib\site-packages\rest_framework\views.py", line 421, in initial
    self.check_permissions(request)
  File "E:\Training\next_js_task\Django_REST\Food_Delivery_System_Task\food_delivery_system_backend\env_task\Lib\site-packages\rest_framework\views.py", line 339, in check_permissions
    self.permission_denied(
  File "E:\Training\next_js_task\Django_REST\Food_Delivery_System_Task\food_delivery_system_backend\env_task\Lib\site-packages\rest_framework\views.py", line 180, in permission_denied
    raise exceptions.NotAuthenticated()
rest_framework.exceptions.NotAuthenticated: Authentication credentials were not provided.
Internal Server Error: /api/v1/carts/get-cart/
IP: 127.0.0.1 | Exception: Authentication credentials were not provided. | View: <apps.orders.api.v1.views.cart.CartViewSet object at 0x0000017A9FEB0E00> | Method: GET | Path: /api/v1/carts/get-cart/
Traceback (most recent call last):
  File "E:\Training\next_js_task\Django_REST\Food_Delivery_System_Task\food_delivery_system_backend\env_task\Lib\site-packages\rest_framework\views.py", line 503, in dispatch
    self.initial(request, *args, **kwargs)
  File "E:\Training\next_js_task\Django_REST\Food_Delivery_System_Task\food_delivery_system_backend\env_task\Lib\site-packages\rest_framework\views.py", line 421, in initial
    self.check_permissions(request)
  File "E:\Training\next_js_task\Django_REST\Food_Delivery_System_Task\food_delivery_system_backend\env_task\Lib\site-packages\rest_framework\views.py", line 339, in check_permissions
    self.permission_denied(
  File "E:\Training\next_js_task\Django_REST\Food_Delivery_System_Task\food_delivery_system_backend\env_task\Lib\site-packages\rest_framework\views.py", line 180, in permission_denied
    raise exceptions.NotAuthenticated()
rest_framework.exceptions.NotAuthenticated: Authentication credentials were not provided.
Internal Server Error: /api/v1/carts/get-cart/
IP: 127.0.0.1 | Exception: Authentication credentials were not provided. | View: <apps.orders.api.v1.views.cart.CartViewSet object at 0x0000017A9FEB0EF0> | Method: GET | Path: /api/v1/carts/get-cart/
Traceback (most recent call last):
  File "E:\Training\next_js_task\Django_REST\Food_Delivery_System_Task\food_delivery_system_backend\env_task\Lib\site-packages\rest_framework\views.py", line 503, in dispatch
    self.initial(request, *args, **kwargs)
  File "E:\Training\next_js_task\Django_REST\Food_Delivery_System_Task\food_delivery_system_backend\env_task\Lib\site-packages\rest_framework\views.py", line 421, in initial
    self.check_permissions(request)
  File "E:\Training\next_js_task\Django_REST\Food_Delivery_System_Task\food_delivery_system_backend\env_task\Lib\site-packages\rest_framework\views.py", line 339, in check_permissions
    self.permission_denied(
  File "E:\Training\next_js_task\Django_REST\Food_Delivery_System_Task\food_delivery_system_backend\env_task\Lib\site-packages\rest_framework\views.py", line 180, in permission_denied
    raise exceptions.NotAuthenticated()
rest_framework.exceptions.NotAuthenticated: Authentication credentials were not provided.
Internal Server Error: /api/v1/carts/get-cart/
IP: 127.0.0.1 | Exception: Authentication credentials were not provided. | View: <apps.orders.api.v1.views.cart.CartViewSet object at 0x0000017A9FDFB800> | Method: GET | Path: /api/v1/carts/get-cart/
Traceback (most recent call last):
  File "E:\Training\next_js_task\Django_REST\Food_Delivery_System_Task\food_delivery_system_backend\env_task\Lib\site-packages\rest_framework\views.py", line 503, in dispatch
    self.initial(request, *args, **kwargs)
  File "E:\Training\next_js_task\Django_REST\Food_Delivery_System_Task\food_delivery_system_backend\env_task\Lib\site-packages\rest_framework\views.py", line 421, in initial
    self.check_permissions(request)
  File "E:\Training\next_js_task\Django_REST\Food_Delivery_System_Task\food_delivery_system_backend\env_task\Lib\site-packages\rest_framework\views.py", line 339, in check_permissions
    self.permission_denied(
  File "E:\Training\next_js_task\Django_REST\Food_Delivery_System_Task\food_delivery_system_backend\env_task\Lib\site-packages\rest_framework\views.py", line 180, in permission_denied
    raise exceptions.NotAuthenticated()
rest_framework.exceptions.NotAuthenticated: Authentication credentials were not provided.
Internal Server Error: /api/v1/carts/get-cart/
IP: 127.0.0.1 | Exception: Authentication credentials were not provided. | View: <apps.orders.api.v1.views.cart.CartViewSet object at 0x0000017A9FDFA870> | Method: GET | Path: /api/v1/carts/get-cart/
Traceback (most recent call last):
  File "E:\Training\next_js_task\Django_REST\Food_Delivery_System_Task\food_delivery_system_backend\env_task\Lib\site-packages\rest_framework\views.py", line 503, in dispatch
    self.initial(request, *args, **kwargs)
  File "E:\Training\next_js_task\Django_REST\Food_Delivery_System_Task\food_delivery_system_backend\env_task\Lib\site-packages\rest_framework\views.py", line 421, in initial
    self.check_permissions(request)
  File "E:\Training\next_js_task\Django_REST\Food_Delivery_System_Task\food_delivery_system_backend\env_task\Lib\site-packages\rest_framework\views.py", line 339, in check_permissions
    self.permission_denied(
  File "E:\Training\next_js_task\Django_REST\Food_Delivery_System_Task\food_delivery_system_backend\env_task\Lib\site-packages\rest_framework\views.py", line 180, in permission_denied
    raise exceptions.NotAuthenticated()
rest_framework.exceptions.NotAuthenticated: Authentication credentials were not provided.
Internal Server Error: /api/v1/carts/get-cart/
IP: 127.0.0.1 | Exception: Authentication credentials were not provided. | View: <apps.orders.api.v1.views.cart.CartViewSet object at 0x0000017A9FDB7200> | Method: GET | Path: /api/v1/carts/get-cart/
Traceback (most recent call last):
  File "E:\Training\next_js_task\Django_REST\Food_Delivery_System_Task\food_delivery_system_backend\env_task\Lib\site-packages\rest_framework\views.py", line 503, in dispatch
    self.initial(request, *args, **kwargs)
  File "E:\Training\next_js_task\Django_REST\Food_Delivery_System_Task\food_delivery_system_backend\env_task\Lib\site-packages\rest_framework\views.py", line 421, in initial
    self.check_permissions(request)
  File "E:\Training\next_js_task\Django_REST\Food_Delivery_System_Task\food_delivery_system_backend\env_task\Lib\site-packages\rest_framework\views.py", line 339, in check_permissions
    self.permission_denied(
  File "E:\Training\next_js_task\Django_REST\Food_Delivery_System_Task\food_delivery_system_backend\env_task\Lib\site-packages\rest_framework\views.py", line 180, in permission_denied
    raise exceptions.NotAuthenticated()
rest_framework.exceptions.NotAuthenticated: Authentication credentials were not provided.
Internal Server Error: /api/v1/carts/get-cart/
IP: 127.0.0.1 | Exception: Authentication credentials were not provided. | View: <apps.orders.api.v1.views.cart.CartViewSet object at 0x0000017A9FE87B00> | Method: GET | Path: /api/v1/carts/get-cart/
Traceback (most recent call last):
  File "E:\Training\next_js_task\Django_REST\Food_Delivery_System_Task\food_delivery_system_backend\env_task\Lib\site-packages\rest_framework\views.py", line 503, in dispatch
    self.initial(request, *args, **kwargs)
  File "E:\Training\next_js_task\Django_REST\Food_Delivery_System_Task\food_delivery_system_backend\env_task\Lib\site-packages\rest_framework\views.py", line 421, in initial
    self.check_permissions(request)
  File "E:\Training\next_js_task\Django_REST\Food_Delivery_System_Task\food_delivery_system_backend\env_task\Lib\site-packages\rest_framework\views.py", line 339, in check_permissions
    self.permission_denied(
  File "E:\Training\next_js_task\Django_REST\Food_Delivery_System_Task\food_delivery_system_backend\env_task\Lib\site-packages\rest_framework\views.py", line 180, in permission_denied
    raise exceptions.NotAuthenticated()
rest_framework.exceptions.NotAuthenticated: Authentication credentials were not provided.
Internal Server Error: /api/v1/carts/get-cart/
IP: 127.0.0.1 | Exception: Authentication credentials were not provided. | View: <apps.orders.api.v1.views.cart.CartViewSet object at 0x0000017A9FE84290> | Method: GET | Path: /api/v1/carts/get-cart/
Traceback (most recent call last):
  File "E:\Training\next_js_task\Django_REST\Food_Delivery_System_Task\food_delivery_system_backend\env_task\Lib\site-packages\rest_framework\views.py", line 503, in dispatch
    self.initial(request, *args, **kwargs)
  File "E:\Training\next_js_task\Django_REST\Food_Delivery_System_Task\food_delivery_system_backend\env_task\Lib\site-packages\rest_framework\views.py", line 421, in initial
    self.check_permissions(request)
  File "E:\Training\next_js_task\Django_REST\Food_Delivery_System_Task\food_delivery_system_backend\env_task\Lib\site-packages\rest_framework\views.py", line 339, in check_permissions
    self.permission_denied(
  File "E:\Training\next_js_task\Django_REST\Food_Delivery_System_Task\food_delivery_system_backend\env_task\Lib\site-packages\rest_framework\views.py", line 180, in permission_denied
    raise exceptions.NotAuthenticated()
rest_framework.exceptions.NotAuthenticated: Authentication credentials were not provided.
Internal Server Error: /api/v1/carts/get-cart/
IP: 127.0.0.1 | Exception: Authentication credentials were not provided. | View: <apps.orders.api.v1.views.cart.CartViewSet object at 0x0000017A9FE854F0> | Method: GET | Path: /api/v1/carts/get-cart/
Traceback (most recent call last):
  File "E:\Training\next_js_task\Django_REST\Food_Delivery_System_Task\food_delivery_system_backend\env_task\Lib\site-packages\rest_framework\views.py", line 503, in dispatch
    self.initial(request, *args, **kwargs)
  File "E:\Training\next_js_task\Django_REST\Food_Delivery_System_Task\food_delivery_system_backend\env_task\Lib\site-packages\rest_framework\views.py", line 421, in initial
    self.check_permissions(request)
  File "E:\Training\next_js_task\Django_REST\Food_Delivery_System_Task\food_delivery_system_backend\env_task\Lib\site-packages\rest_framework\views.py", line 339, in check_permissions
    self.permission_denied(
  File "E:\Training\next_js_task\Django_REST\Food_Delivery_System_Task\food_delivery_system_backend\env_task\Lib\site-packages\rest_framework\views.py", line 180, in permission_denied
    raise exceptions.NotAuthenticated()
rest_framework.exceptions.NotAuthenticated: Authentication credentials were not provided.
Internal Server Error: /api/v1/carts/get-cart/
IP: 127.0.0.1 | Exception: Authentication credentials were not provided. | View: <apps.orders.api.v1.views.cart.CartViewSet object at 0x0000017A9FE86360> | Method: POST | Path: /api/v1/carts/add-to-cart/
Traceback (most recent call last):
  File "E:\Training\next_js_task\Django_REST\Food_Delivery_System_Task\food_delivery_system_backend\env_task\Lib\site-packages\rest_framework\views.py", line 503, in dispatch
    self.initial(request, *args, **kwargs)
  File "E:\Training\next_js_task\Django_REST\Food_Delivery_System_Task\food_delivery_system_backend\env_task\Lib\site-packages\rest_framework\views.py", line 421, in initial
    self.check_permissions(request)
  File "E:\Training\next_js_task\Django_REST\Food_Delivery_System_Task\food_delivery_system_backend\env_task\Lib\site-packages\rest_framework\views.py", line 339, in check_permissions
    self.permission_denied(
  File "E:\Training\next_js_task\Django_REST\Food_Delivery_System_Task\food_delivery_system_backend\env_task\Lib\site-packages\rest_framework\views.py", line 180, in permission_denied
    raise exceptions.NotAuthenticated()
rest_framework.exceptions.NotAuthenticated: Authentication credentials were not provided.
Internal Server Error: /api/v1/carts/add-to-cart/
IP: 127.0.0.1 | Exception: Authentication credentials were not provided. | View: <apps.orders.api.v1.views.cart.CartViewSet object at 0x0000017A9FE84410> | Method: GET | Path: /api/v1/carts/get-cart/
Traceback (most recent call last):
  File "E:\Training\next_js_task\Django_REST\Food_Delivery_System_Task\food_delivery_system_backend\env_task\Lib\site-packages\rest_framework\views.py", line 503, in dispatch
    self.initial(request, *args, **kwargs)
  File "E:\Training\next_js_task\Django_REST\Food_Delivery_System_Task\food_delivery_system_backend\env_task\Lib\site-packages\rest_framework\views.py", line 421, in initial
    self.check_permissions(request)
  File "E:\Training\next_js_task\Django_REST\Food_Delivery_System_Task\food_delivery_system_backend\env_task\Lib\site-packages\rest_framework\views.py", line 339, in check_permissions
    self.permission_denied(
  File "E:\Training\next_js_task\Django_REST\Food_Delivery_System_Task\food_delivery_system_backend\env_task\Lib\site-packages\rest_framework\views.py", line 180, in permission_denied
    raise exceptions.NotAuthenticated()
rest_framework.exceptions.NotAuthenticated: Authentication credentials were not provided.
Internal Server Error: /api/v1/carts/get-cart/
IP: 127.0.0.1 | Exception: Authentication credentials were not provided. | View: <apps.orders.api.v1.views.cart.CartViewSet object at 0x0000017A9FDB6210> | Method: GET | Path: /api/v1/carts/get-cart/
Traceback (most recent call last):
  File "E:\Training\next_js_task\Django_REST\Food_Delivery_System_Task\food_delivery_system_backend\env_task\Lib\site-packages\rest_framework\views.py", line 503, in dispatch
    self.initial(request, *args, **kwargs)
  File "E:\Training\next_js_task\Django_REST\Food_Delivery_System_Task\food_delivery_system_backend\env_task\Lib\site-packages\rest_framework\views.py", line 421, in initial
    self.check_permissions(request)
  File "E:\Training\next_js_task\Django_REST\Food_Delivery_System_Task\food_delivery_system_backend\env_task\Lib\site-packages\rest_framework\views.py", line 339, in check_permissions
    self.permission_denied(
  File "E:\Training\next_js_task\Django_REST\Food_Delivery_System_Task\food_delivery_system_backend\env_task\Lib\site-packages\rest_framework\views.py", line 180, in permission_denied
    raise exceptions.NotAuthenticated()
rest_framework.exceptions.NotAuthenticated: Authentication credentials were not provided.
Internal Server Error: /api/v1/carts/get-cart/
IP: 127.0.0.1 | Exception: Authentication credentials were not provided. | View: <apps.orders.api.v1.views.cart.CartViewSet object at 0x0000017A9FE84680> | Method: GET | Path: /api/v1/carts/get-cart/
Traceback (most recent call last):
  File "E:\Training\next_js_task\Django_REST\Food_Delivery_System_Task\food_delivery_system_backend\env_task\Lib\site-packages\rest_framework\views.py", line 503, in dispatch
    self.initial(request, *args, **kwargs)
  File "E:\Training\next_js_task\Django_REST\Food_Delivery_System_Task\food_delivery_system_backend\env_task\Lib\site-packages\rest_framework\views.py", line 421, in initial
    self.check_permissions(request)
  File "E:\Training\next_js_task\Django_REST\Food_Delivery_System_Task\food_delivery_system_backend\env_task\Lib\site-packages\rest_framework\views.py", line 339, in check_permissions
    self.permission_denied(
  File "E:\Training\next_js_task\Django_REST\Food_Delivery_System_Task\food_delivery_system_backend\env_task\Lib\site-packages\rest_framework\views.py", line 180, in permission_denied
    raise exceptions.NotAuthenticated()
rest_framework.exceptions.NotAuthenticated: Authentication credentials were not provided.
Internal Server Error: /api/v1/carts/get-cart/
IP: 127.0.0.1 | Exception: Authentication credentials were not provided. | View: <apps.orders.api.v1.views.cart.CartViewSet object at 0x0000017A9FDB6750> | Method: GET | Path: /api/v1/carts/get-cart/
Traceback (most recent call last):
  File "E:\Training\next_js_task\Django_REST\Food_Delivery_System_Task\food_delivery_system_backend\env_task\Lib\site-packages\rest_framework\views.py", line 503, in dispatch
    self.initial(request, *args, **kwargs)
  File "E:\Training\next_js_task\Django_REST\Food_Delivery_System_Task\food_delivery_system_backend\env_task\Lib\site-packages\rest_framework\views.py", line 421, in initial
    self.check_permissions(request)
  File "E:\Training\next_js_task\Django_REST\Food_Delivery_System_Task\food_delivery_system_backend\env_task\Lib\site-packages\rest_framework\views.py", line 339, in check_permissions
    self.permission_denied(
  File "E:\Training\next_js_task\Django_REST\Food_Delivery_System_Task\food_delivery_system_backend\env_task\Lib\site-packages\rest_framework\views.py", line 180, in permission_denied
    raise exceptions.NotAuthenticated()
rest_framework.exceptions.NotAuthenticated: Authentication credentials were not provided.
Internal Server Error: /api/v1/carts/get-cart/
IP: 127.0.0.1 | Exception: Authentication credentials were not provided. | View: <apps.orders.api.v1.views.cart.CartViewSet object at 0x0000017A9FE21970> | Method: GET | Path: /api/v1/carts/get-cart/
Traceback (most recent call last):
  File "E:\Training\next_js_task\Django_REST\Food_Delivery_System_Task\food_delivery_system_backend\env_task\Lib\site-packages\rest_framework\views.py", line 503, in dispatch
    self.initial(request, *args, **kwargs)
  File "E:\Training\next_js_task\Django_REST\Food_Delivery_System_Task\food_delivery_system_backend\env_task\Lib\site-packages\rest_framework\views.py", line 421, in initial
    self.check_permissions(request)
  File "E:\Training\next_js_task\Django_REST\Food_Delivery_System_Task\food_delivery_system_backend\env_task\Lib\site-packages\rest_framework\views.py", line 339, in check_permissions
    self.permission_denied(
  File "E:\Training\next_js_task\Django_REST\Food_Delivery_System_Task\food_delivery_system_backend\env_task\Lib\site-packages\rest_framework\views.py", line 180, in permission_denied
    raise exceptions.NotAuthenticated()
rest_framework.exceptions.NotAuthenticated: Authentication credentials were not provided.
Internal Server Error: /api/v1/carts/get-cart/
IP: 127.0.0.1 | Exception: Authentication credentials were not provided. | View: <apps.orders.api.v1.views.cart.CartViewSet object at 0x0000017A9FE86A50> | Method: GET | Path: /api/v1/carts/get-cart/
Traceback (most recent call last):
  File "E:\Training\next_js_task\Django_REST\Food_Delivery_System_Task\food_delivery_system_backend\env_task\Lib\site-packages\rest_framework\views.py", line 503, in dispatch
    self.initial(request, *args, **kwargs)
  File "E:\Training\next_js_task\Django_REST\Food_Delivery_System_Task\food_delivery_system_backend\env_task\Lib\site-packages\rest_framework\views.py", line 421, in initial
    self.check_permissions(request)
  File "E:\Training\next_js_task\Django_REST\Food_Delivery_System_Task\food_delivery_system_backend\env_task\Lib\site-packages\rest_framework\views.py", line 339, in check_permissions
    self.permission_denied(
  File "E:\Training\next_js_task\Django_REST\Food_Delivery_System_Task\food_delivery_system_backend\env_task\Lib\site-packages\rest_framework\views.py", line 180, in permission_denied
    raise exceptions.NotAuthenticated()
rest_framework.exceptions.NotAuthenticated: Authentication credentials were not provided.
Internal Server Error: /api/v1/carts/get-cart/
IP: 127.0.0.1 | Exception: Authentication credentials were not provided. | View: <apps.orders.api.v1.views.cart.CartViewSet object at 0x0000017A9FDB54F0> | Method: POST | Path: /api/v1/carts/add-to-cart/
Traceback (most recent call last):
  File "E:\Training\next_js_task\Django_REST\Food_Delivery_System_Task\food_delivery_system_backend\env_task\Lib\site-packages\rest_framework\views.py", line 503, in dispatch
    self.initial(request, *args, **kwargs)
  File "E:\Training\next_js_task\Django_REST\Food_Delivery_System_Task\food_delivery_system_backend\env_task\Lib\site-packages\rest_framework\views.py", line 421, in initial
    self.check_permissions(request)
  File "E:\Training\next_js_task\Django_REST\Food_Delivery_System_Task\food_delivery_system_backend\env_task\Lib\site-packages\rest_framework\views.py", line 339, in check_permissions
    self.permission_denied(
  File "E:\Training\next_js_task\Django_REST\Food_Delivery_System_Task\food_delivery_system_backend\env_task\Lib\site-packages\rest_framework\views.py", line 180, in permission_denied
    raise exceptions.NotAuthenticated()
rest_framework.exceptions.NotAuthenticated: Authentication credentials were not provided.
Internal Server Error: /api/v1/carts/add-to-cart/
IP: 127.0.0.1 | Exception: Authentication credentials were not provided. | View: <apps.orders.api.v1.views.cart.CartViewSet object at 0x0000017A9FE842C0> | Method: POST | Path: /api/v1/carts/add-to-cart/
Traceback (most recent call last):
  File "E:\Training\next_js_task\Django_REST\Food_Delivery_System_Task\food_delivery_system_backend\env_task\Lib\site-packages\rest_framework\views.py", line 503, in dispatch
    self.initial(request, *args, **kwargs)
  File "E:\Training\next_js_task\Django_REST\Food_Delivery_System_Task\food_delivery_system_backend\env_task\Lib\site-packages\rest_framework\views.py", line 421, in initial
    self.check_permissions(request)
  File "E:\Training\next_js_task\Django_REST\Food_Delivery_System_Task\food_delivery_system_backend\env_task\Lib\site-packages\rest_framework\views.py", line 339, in check_permissions
    self.permission_denied(
  File "E:\Training\next_js_task\Django_REST\Food_Delivery_System_Task\food_delivery_system_backend\env_task\Lib\site-packages\rest_framework\views.py", line 180, in permission_denied
    raise exceptions.NotAuthenticated()
rest_framework.exceptions.NotAuthenticated: Authentication credentials were not provided.
Internal Server Error: /api/v1/carts/add-to-cart/
IP: 127.0.0.1 | Exception: Authentication credentials were not provided. | View: <apps.orders.api.v1.views.cart.CartViewSet object at 0x0000017A9FDB6BA0> | Method: GET | Path: /api/v1/carts/get-cart/
Traceback (most recent call last):
  File "E:\Training\next_js_task\Django_REST\Food_Delivery_System_Task\food_delivery_system_backend\env_task\Lib\site-packages\rest_framework\views.py", line 503, in dispatch
    self.initial(request, *args, **kwargs)
  File "E:\Training\next_js_task\Django_REST\Food_Delivery_System_Task\food_delivery_system_backend\env_task\Lib\site-packages\rest_framework\views.py", line 421, in initial
    self.check_permissions(request)
  File "E:\Training\next_js_task\Django_REST\Food_Delivery_System_Task\food_delivery_system_backend\env_task\Lib\site-packages\rest_framework\views.py", line 339, in check_permissions
    self.permission_denied(
  File "E:\Training\next_js_task\Django_REST\Food_Delivery_System_Task\food_delivery_system_backend\env_task\Lib\site-packages\rest_framework\views.py", line 180, in permission_denied
    raise exceptions.NotAuthenticated()
rest_framework.exceptions.NotAuthenticated: Authentication credentials were not provided.
Internal Server Error: /api/v1/carts/get-cart/
IP: 127.0.0.1 | Exception: Authentication credentials were not provided. | View: <apps.orders.api.v1.views.cart.CartViewSet object at 0x0000017A9FE85E20> | Method: GET | Path: /api/v1/carts/get-cart/
Traceback (most recent call last):
  File "E:\Training\next_js_task\Django_REST\Food_Delivery_System_Task\food_delivery_system_backend\env_task\Lib\site-packages\rest_framework\views.py", line 503, in dispatch
    self.initial(request, *args, **kwargs)
  File "E:\Training\next_js_task\Django_REST\Food_Delivery_System_Task\food_delivery_system_backend\env_task\Lib\site-packages\rest_framework\views.py", line 421, in initial
    self.check_permissions(request)
  File "E:\Training\next_js_task\Django_REST\Food_Delivery_System_Task\food_delivery_system_backend\env_task\Lib\site-packages\rest_framework\views.py", line 339, in check_permissions
    self.permission_denied(
  File "E:\Training\next_js_task\Django_REST\Food_Delivery_System_Task\food_delivery_system_backend\env_task\Lib\site-packages\rest_framework\views.py", line 180, in permission_denied
    raise exceptions.NotAuthenticated()
rest_framework.exceptions.NotAuthenticated: Authentication credentials were not provided.
Internal Server Error: /api/v1/carts/get-cart/
IP: 127.0.0.1 | Exception: Authentication credentials were not provided. | View: <apps.orders.api.v1.views.cart.CartViewSet object at 0x0000017A9FE21910> | Method: GET | Path: /api/v1/carts/get-cart/
Traceback (most recent call last):
  File "E:\Training\next_js_task\Django_REST\Food_Delivery_System_Task\food_delivery_system_backend\env_task\Lib\site-packages\rest_framework\views.py", line 503, in dispatch
    self.initial(request, *args, **kwargs)
  File "E:\Training\next_js_task\Django_REST\Food_Delivery_System_Task\food_delivery_system_backend\env_task\Lib\site-packages\rest_framework\views.py", line 421, in initial
    self.check_permissions(request)
  File "E:\Training\next_js_task\Django_REST\Food_Delivery_System_Task\food_delivery_system_backend\env_task\Lib\site-packages\rest_framework\views.py", line 339, in check_permissions
    self.permission_denied(
  File "E:\Training\next_js_task\Django_REST\Food_Delivery_System_Task\food_delivery_system_backend\env_task\Lib\site-packages\rest_framework\views.py", line 180, in permission_denied
    raise exceptions.NotAuthenticated()
rest_framework.exceptions.NotAuthenticated: Authentication credentials were not provided.
Internal Server Error: /api/v1/carts/get-cart/
IP: 127.0.0.1 | Exception: Authentication credentials were not provided. | View: <apps.orders.api.v1.views.cart.CartViewSet object at 0x0000017A9FDD3C20> | Method: GET | Path: /api/v1/carts/get-cart/
Traceback (most recent call last):
  File "E:\Training\next_js_task\Django_REST\Food_Delivery_System_Task\food_delivery_system_backend\env_task\Lib\site-packages\rest_framework\views.py", line 503, in dispatch
    self.initial(request, *args, **kwargs)
  File "E:\Training\next_js_task\Django_REST\Food_Delivery_System_Task\food_delivery_system_backend\env_task\Lib\site-packages\rest_framework\views.py", line 421, in initial
    self.check_permissions(request)
  File "E:\Training\next_js_task\Django_REST\Food_Delivery_System_Task\food_delivery_system_backend\env_task\Lib\site-packages\rest_framework\views.py", line 339, in check_permissions
    self.permission_denied(
  File "E:\Training\next_js_task\Django_REST\Food_Delivery_System_Task\food_delivery_system_backend\env_task\Lib\site-packages\rest_framework\views.py", line 180, in permission_denied
    raise exceptions.NotAuthenticated()
rest_framework.exceptions.NotAuthenticated: Authentication credentials were not provided.
Internal Server Error: /api/v1/carts/get-cart/
IP: 127.0.0.1 | Exception: Authentication credentials were not provided. | View: <apps.orders.api.v1.views.cart.CartViewSet object at 0x0000017A9FDD1880> | Method: GET | Path: /api/v1/carts/get-cart/
Traceback (most recent call last):
  File "E:\Training\next_js_task\Django_REST\Food_Delivery_System_Task\food_delivery_system_backend\env_task\Lib\site-packages\rest_framework\views.py", line 503, in dispatch
    self.initial(request, *args, **kwargs)
  File "E:\Training\next_js_task\Django_REST\Food_Delivery_System_Task\food_delivery_system_backend\env_task\Lib\site-packages\rest_framework\views.py", line 421, in initial
    self.check_permissions(request)
  File "E:\Training\next_js_task\Django_REST\Food_Delivery_System_Task\food_delivery_system_backend\env_task\Lib\site-packages\rest_framework\views.py", line 339, in check_permissions
    self.permission_denied(
  File "E:\Training\next_js_task\Django_REST\Food_Delivery_System_Task\food_delivery_system_backend\env_task\Lib\site-packages\rest_framework\views.py", line 180, in permission_denied
    raise exceptions.NotAuthenticated()
rest_framework.exceptions.NotAuthenticated: Authentication credentials were not provided.
Internal Server Error: /api/v1/carts/get-cart/
IP: 127.0.0.1 | Exception: Authentication credentials were not provided. | View: <apps.orders.api.v1.views.cart.CartViewSet object at 0x0000017A9FE61910> | Method: GET | Path: /api/v1/carts/get-cart/
Traceback (most recent call last):
  File "E:\Training\next_js_task\Django_REST\Food_Delivery_System_Task\food_delivery_system_backend\env_task\Lib\site-packages\rest_framework\views.py", line 503, in dispatch
    self.initial(request, *args, **kwargs)
  File "E:\Training\next_js_task\Django_REST\Food_Delivery_System_Task\food_delivery_system_backend\env_task\Lib\site-packages\rest_framework\views.py", line 421, in initial
    self.check_permissions(request)
  File "E:\Training\next_js_task\Django_REST\Food_Delivery_System_Task\food_delivery_system_backend\env_task\Lib\site-packages\rest_framework\views.py", line 339, in check_permissions
    self.permission_denied(
  File "E:\Training\next_js_task\Django_REST\Food_Delivery_System_Task\food_delivery_system_backend\env_task\Lib\site-packages\rest_framework\views.py", line 180, in permission_denied
    raise exceptions.NotAuthenticated()
rest_framework.exceptions.NotAuthenticated: Authentication credentials were not provided.
Internal Server Error: /api/v1/carts/get-cart/
IP: 127.0.0.1 | Exception: Authentication credentials were not provided. | View: <apps.orders.api.v1.views.cart.CartViewSet object at 0x0000017A9FF9F8F0> | Method: GET | Path: /api/v1/carts/get-cart/
Traceback (most recent call last):
  File "E:\Training\next_js_task\Django_REST\Food_Delivery_System_Task\food_delivery_system_backend\env_task\Lib\site-packages\rest_framework\views.py", line 503, in dispatch
    self.initial(request, *args, **kwargs)
  File "E:\Training\next_js_task\Django_REST\Food_Delivery_System_Task\food_delivery_system_backend\env_task\Lib\site-packages\rest_framework\views.py", line 421, in initial
    self.check_permissions(request)
  File "E:\Training\next_js_task\Django_REST\Food_Delivery_System_Task\food_delivery_system_backend\env_task\Lib\site-packages\rest_framework\views.py", line 339, in check_permissions
    self.permission_denied(
  File "E:\Training\next_js_task\Django_REST\Food_Delivery_System_Task\food_delivery_system_backend\env_task\Lib\site-packages\rest_framework\views.py", line 180, in permission_denied
    raise exceptions.NotAuthenticated()
rest_framework.exceptions.NotAuthenticated: Authentication credentials were not provided.
Internal Server Error: /api/v1/carts/get-cart/
IP: 127.0.0.1 | Exception: {'detail': ErrorDetail(string='Given token not valid for any token type', code='token_not_valid'), 'code': ErrorDetail(string='token_not_valid', code='token_not_valid'), 'messages': [{'token_class': ErrorDetail(string='AccessToken', code='token_not_valid'), 'token_type': ErrorDetail(string='access', code='token_not_valid'), 'message': ErrorDetail(string='Token is expired', code='token_not_valid')}]} | View: <apps.restaurants.api.v1.views.restaurant.RestaurantProfileViewSet object at 0x0000017A9FF6D4F0> | Method: GET | Path: /api/v1/restaurants/
Traceback (most recent call last):
  File "E:\Training\next_js_task\Django_REST\Food_Delivery_System_Task\food_delivery_system_backend\env_task\Lib\site-packages\rest_framework\views.py", line 503, in dispatch
    self.initial(request, *args, **kwargs)
  File "E:\Training\next_js_task\Django_REST\Food_Delivery_System_Task\food_delivery_system_backend\env_task\Lib\site-packages\rest_framework\views.py", line 420, in initial
    self.perform_authentication(request)
  File "E:\Training\next_js_task\Django_REST\Food_Delivery_System_Task\food_delivery_system_backend\env_task\Lib\site-packages\rest_framework\views.py", line 330, in perform_authentication
    request.user
  File "E:\Training\next_js_task\Django_REST\Food_Delivery_System_Task\food_delivery_system_backend\env_task\Lib\site-packages\rest_framework\request.py", line 232, in user
    self._authenticate()
  File "E:\Training\next_js_task\Django_REST\Food_Delivery_System_Task\food_delivery_system_backend\env_task\Lib\site-packages\rest_framework\request.py", line 385, in _authenticate
    user_auth_tuple = authenticator.authenticate(self)
                      ^^^^^^^^^^^^^^^^^^^^^^^^^^^^^^^^
  File "E:\Training\next_js_task\Django_REST\Food_Delivery_System_Task\food_delivery_system_backend\env_task\Lib\site-packages\rest_framework_simplejwt\authentication.py", line 49, in authenticate
    validated_token = self.get_validated_token(raw_token)
                      ^^^^^^^^^^^^^^^^^^^^^^^^^^^^^^^^^^^
  File "E:\Training\next_js_task\Django_REST\Food_Delivery_System_Task\food_delivery_system_backend\env_task\Lib\site-packages\rest_framework_simplejwt\authentication.py", line 113, in get_validated_token
    raise InvalidToken(
rest_framework_simplejwt.exceptions.InvalidToken: {'detail': ErrorDetail(string='Given token not valid for any token type', code='token_not_valid'), 'code': ErrorDetail(string='token_not_valid', code='token_not_valid'), 'messages': [{'token_class': ErrorDetail(string='AccessToken', code='token_not_valid'), 'token_type': ErrorDetail(string='access', code='token_not_valid'), 'message': ErrorDetail(string='Token is expired', code='token_not_valid')}]}
Internal Server Error: /api/v1/restaurants/
IP: 127.0.0.1 | Exception: {'detail': ErrorDetail(string='Given token not valid for any token type', code='token_not_valid'), 'code': ErrorDetail(string='token_not_valid', code='token_not_valid'), 'messages': [{'token_class': ErrorDetail(string='AccessToken', code='token_not_valid'), 'token_type': ErrorDetail(string='access', code='token_not_valid'), 'message': ErrorDetail(string='Token is expired', code='token_not_valid')}]} | View: <apps.restaurants.api.v1.views.restaurant.RestaurantProfileViewSet object at 0x0000017A9FF5DEE0> | Method: GET | Path: /api/v1/restaurants/popular/
Traceback (most recent call last):
  File "E:\Training\next_js_task\Django_REST\Food_Delivery_System_Task\food_delivery_system_backend\env_task\Lib\site-packages\rest_framework\views.py", line 503, in dispatch
    self.initial(request, *args, **kwargs)
  File "E:\Training\next_js_task\Django_REST\Food_Delivery_System_Task\food_delivery_system_backend\env_task\Lib\site-packages\rest_framework\views.py", line 420, in initial
    self.perform_authentication(request)
  File "E:\Training\next_js_task\Django_REST\Food_Delivery_System_Task\food_delivery_system_backend\env_task\Lib\site-packages\rest_framework\views.py", line 330, in perform_authentication
    request.user
  File "E:\Training\next_js_task\Django_REST\Food_Delivery_System_Task\food_delivery_system_backend\env_task\Lib\site-packages\rest_framework\request.py", line 232, in user
    self._authenticate()
  File "E:\Training\next_js_task\Django_REST\Food_Delivery_System_Task\food_delivery_system_backend\env_task\Lib\site-packages\rest_framework\request.py", line 385, in _authenticate
    user_auth_tuple = authenticator.authenticate(self)
                      ^^^^^^^^^^^^^^^^^^^^^^^^^^^^^^^^
  File "E:\Training\next_js_task\Django_REST\Food_Delivery_System_Task\food_delivery_system_backend\env_task\Lib\site-packages\rest_framework_simplejwt\authentication.py", line 49, in authenticate
    validated_token = self.get_validated_token(raw_token)
                      ^^^^^^^^^^^^^^^^^^^^^^^^^^^^^^^^^^^
  File "E:\Training\next_js_task\Django_REST\Food_Delivery_System_Task\food_delivery_system_backend\env_task\Lib\site-packages\rest_framework_simplejwt\authentication.py", line 113, in get_validated_token
    raise InvalidToken(
rest_framework_simplejwt.exceptions.InvalidToken: {'detail': ErrorDetail(string='Given token not valid for any token type', code='token_not_valid'), 'code': ErrorDetail(string='token_not_valid', code='token_not_valid'), 'messages': [{'token_class': ErrorDetail(string='AccessToken', code='token_not_valid'), 'token_type': ErrorDetail(string='access', code='token_not_valid'), 'message': ErrorDetail(string='Token is expired', code='token_not_valid')}]}
Internal Server Error: /api/v1/restaurants/popular/
IP: 127.0.0.1 | Exception: Authentication credentials were not provided. | View: <apps.orders.api.v1.views.cart.CartViewSet object at 0x0000017A9FF2D910> | Method: GET | Path: /api/v1/carts/get-cart/
Traceback (most recent call last):
  File "E:\Training\next_js_task\Django_REST\Food_Delivery_System_Task\food_delivery_system_backend\env_task\Lib\site-packages\rest_framework\views.py", line 503, in dispatch
    self.initial(request, *args, **kwargs)
  File "E:\Training\next_js_task\Django_REST\Food_Delivery_System_Task\food_delivery_system_backend\env_task\Lib\site-packages\rest_framework\views.py", line 421, in initial
    self.check_permissions(request)
  File "E:\Training\next_js_task\Django_REST\Food_Delivery_System_Task\food_delivery_system_backend\env_task\Lib\site-packages\rest_framework\views.py", line 339, in check_permissions
    self.permission_denied(
  File "E:\Training\next_js_task\Django_REST\Food_Delivery_System_Task\food_delivery_system_backend\env_task\Lib\site-packages\rest_framework\views.py", line 180, in permission_denied
    raise exceptions.NotAuthenticated()
rest_framework.exceptions.NotAuthenticated: Authentication credentials were not provided.
Internal Server Error: /api/v1/carts/get-cart/
IP: 127.0.0.1 | Exception: Authentication credentials were not provided. | View: <apps.orders.api.v1.views.cart.CartViewSet object at 0x0000017A9FF5C800> | Method: GET | Path: /api/v1/carts/get-cart/
Traceback (most recent call last):
  File "E:\Training\next_js_task\Django_REST\Food_Delivery_System_Task\food_delivery_system_backend\env_task\Lib\site-packages\rest_framework\views.py", line 503, in dispatch
    self.initial(request, *args, **kwargs)
  File "E:\Training\next_js_task\Django_REST\Food_Delivery_System_Task\food_delivery_system_backend\env_task\Lib\site-packages\rest_framework\views.py", line 421, in initial
    self.check_permissions(request)
  File "E:\Training\next_js_task\Django_REST\Food_Delivery_System_Task\food_delivery_system_backend\env_task\Lib\site-packages\rest_framework\views.py", line 339, in check_permissions
    self.permission_denied(
  File "E:\Training\next_js_task\Django_REST\Food_Delivery_System_Task\food_delivery_system_backend\env_task\Lib\site-packages\rest_framework\views.py", line 180, in permission_denied
    raise exceptions.NotAuthenticated()
rest_framework.exceptions.NotAuthenticated: Authentication credentials were not provided.
Internal Server Error: /api/v1/carts/get-cart/
IP: 127.0.0.1 | Exception: Authentication credentials were not provided. | View: <apps.orders.api.v1.views.cart.CartViewSet object at 0x0000017A9FF9FB00> | Method: GET | Path: /api/v1/carts/get-cart/
Traceback (most recent call last):
  File "E:\Training\next_js_task\Django_REST\Food_Delivery_System_Task\food_delivery_system_backend\env_task\Lib\site-packages\rest_framework\views.py", line 503, in dispatch
    self.initial(request, *args, **kwargs)
  File "E:\Training\next_js_task\Django_REST\Food_Delivery_System_Task\food_delivery_system_backend\env_task\Lib\site-packages\rest_framework\views.py", line 421, in initial
    self.check_permissions(request)
  File "E:\Training\next_js_task\Django_REST\Food_Delivery_System_Task\food_delivery_system_backend\env_task\Lib\site-packages\rest_framework\views.py", line 339, in check_permissions
    self.permission_denied(
  File "E:\Training\next_js_task\Django_REST\Food_Delivery_System_Task\food_delivery_system_backend\env_task\Lib\site-packages\rest_framework\views.py", line 180, in permission_denied
    raise exceptions.NotAuthenticated()
rest_framework.exceptions.NotAuthenticated: Authentication credentials were not provided.
Internal Server Error: /api/v1/carts/get-cart/
IP: 127.0.0.1 | Exception: Authentication credentials were not provided. | View: <apps.orders.api.v1.views.cart.CartViewSet object at 0x0000017A9FF9C080> | Method: GET | Path: /api/v1/carts/get-cart/
Traceback (most recent call last):
  File "E:\Training\next_js_task\Django_REST\Food_Delivery_System_Task\food_delivery_system_backend\env_task\Lib\site-packages\rest_framework\views.py", line 503, in dispatch
    self.initial(request, *args, **kwargs)
  File "E:\Training\next_js_task\Django_REST\Food_Delivery_System_Task\food_delivery_system_backend\env_task\Lib\site-packages\rest_framework\views.py", line 421, in initial
    self.check_permissions(request)
  File "E:\Training\next_js_task\Django_REST\Food_Delivery_System_Task\food_delivery_system_backend\env_task\Lib\site-packages\rest_framework\views.py", line 339, in check_permissions
    self.permission_denied(
  File "E:\Training\next_js_task\Django_REST\Food_Delivery_System_Task\food_delivery_system_backend\env_task\Lib\site-packages\rest_framework\views.py", line 180, in permission_denied
    raise exceptions.NotAuthenticated()
rest_framework.exceptions.NotAuthenticated: Authentication credentials were not provided.
Internal Server Error: /api/v1/carts/get-cart/
IP: 127.0.0.1 | Exception: Authentication credentials were not provided. | View: <apps.orders.api.v1.views.cart.CartViewSet object at 0x0000017A9FFD8170> | Method: GET | Path: /api/v1/carts/get-cart/
Traceback (most recent call last):
  File "E:\Training\next_js_task\Django_REST\Food_Delivery_System_Task\food_delivery_system_backend\env_task\Lib\site-packages\rest_framework\views.py", line 503, in dispatch
    self.initial(request, *args, **kwargs)
  File "E:\Training\next_js_task\Django_REST\Food_Delivery_System_Task\food_delivery_system_backend\env_task\Lib\site-packages\rest_framework\views.py", line 421, in initial
    self.check_permissions(request)
  File "E:\Training\next_js_task\Django_REST\Food_Delivery_System_Task\food_delivery_system_backend\env_task\Lib\site-packages\rest_framework\views.py", line 339, in check_permissions
    self.permission_denied(
  File "E:\Training\next_js_task\Django_REST\Food_Delivery_System_Task\food_delivery_system_backend\env_task\Lib\site-packages\rest_framework\views.py", line 180, in permission_denied
    raise exceptions.NotAuthenticated()
rest_framework.exceptions.NotAuthenticated: Authentication credentials were not provided.
Internal Server Error: /api/v1/carts/get-cart/
IP: 127.0.0.1 | Exception: Authentication credentials were not provided. | View: <apps.orders.api.v1.views.cart.CartViewSet object at 0x0000017A9FF9DEE0> | Method: GET | Path: /api/v1/carts/get-cart/
Traceback (most recent call last):
  File "E:\Training\next_js_task\Django_REST\Food_Delivery_System_Task\food_delivery_system_backend\env_task\Lib\site-packages\rest_framework\views.py", line 503, in dispatch
    self.initial(request, *args, **kwargs)
  File "E:\Training\next_js_task\Django_REST\Food_Delivery_System_Task\food_delivery_system_backend\env_task\Lib\site-packages\rest_framework\views.py", line 421, in initial
    self.check_permissions(request)
  File "E:\Training\next_js_task\Django_REST\Food_Delivery_System_Task\food_delivery_system_backend\env_task\Lib\site-packages\rest_framework\views.py", line 339, in check_permissions
    self.permission_denied(
  File "E:\Training\next_js_task\Django_REST\Food_Delivery_System_Task\food_delivery_system_backend\env_task\Lib\site-packages\rest_framework\views.py", line 180, in permission_denied
    raise exceptions.NotAuthenticated()
rest_framework.exceptions.NotAuthenticated: Authentication credentials were not provided.
Internal Server Error: /api/v1/carts/get-cart/
IP: 127.0.0.1 | Exception: Authentication credentials were not provided. | View: <apps.orders.api.v1.views.cart.CartViewSet object at 0x0000017A9FFF3DA0> | Method: GET | Path: /api/v1/carts/get-cart/
Traceback (most recent call last):
  File "E:\Training\next_js_task\Django_REST\Food_Delivery_System_Task\food_delivery_system_backend\env_task\Lib\site-packages\rest_framework\views.py", line 503, in dispatch
    self.initial(request, *args, **kwargs)
  File "E:\Training\next_js_task\Django_REST\Food_Delivery_System_Task\food_delivery_system_backend\env_task\Lib\site-packages\rest_framework\views.py", line 421, in initial
    self.check_permissions(request)
  File "E:\Training\next_js_task\Django_REST\Food_Delivery_System_Task\food_delivery_system_backend\env_task\Lib\site-packages\rest_framework\views.py", line 339, in check_permissions
    self.permission_denied(
  File "E:\Training\next_js_task\Django_REST\Food_Delivery_System_Task\food_delivery_system_backend\env_task\Lib\site-packages\rest_framework\views.py", line 180, in permission_denied
    raise exceptions.NotAuthenticated()
rest_framework.exceptions.NotAuthenticated: Authentication credentials were not provided.
Internal Server Error: /api/v1/carts/get-cart/
IP: 127.0.0.1 | Exception: {'menu_item': [ErrorDetail(string='This field is required.', code='required')]} | View: <apps.orders.api.v1.views.cart.CartViewSet object at 0x0000017AA008D760> | Method: POST | Path: /api/v1/carts/add-to-cart/
Traceback (most recent call last):
  File "E:\Training\next_js_task\Django_REST\Food_Delivery_System_Task\food_delivery_system_backend\env_task\Lib\site-packages\rest_framework\views.py", line 512, in dispatch
    response = handler(request, *args, **kwargs)
               ^^^^^^^^^^^^^^^^^^^^^^^^^^^^^^^^^
  File "E:\Training\next_js_task\Django_REST\Food_Delivery_System_Task\food_delivery_system_backend\apps\orders\api\v1\views\cart.py", line 192, in add_to_cart
    data = service.add_order_item_to_cart()
           ^^^^^^^^^^^^^^^^^^^^^^^^^^^^^^^^
  File "E:\Training\next_js_task\Django_REST\Food_Delivery_System_Task\food_delivery_system_backend\apps\orders\services\cart_service.py", line 34, in add_order_item_to_cart
    serializer.is_valid(raise_exception=True)
  File "E:\Training\next_js_task\Django_REST\Food_Delivery_System_Task\food_delivery_system_backend\env_task\Lib\site-packages\rest_framework\serializers.py", line 233, in is_valid
    raise ValidationError(self.errors)
rest_framework.exceptions.ValidationError: {'menu_item': [ErrorDetail(string='This field is required.', code='required')]}
Bad Request: /api/v1/carts/add-to-cart/
IP: 127.0.0.1 | Exception: {'menu_item': [ErrorDetail(string='This field is required.', code='required')]} | View: <apps.orders.api.v1.views.cart.CartViewSet object at 0x0000017AA0012360> | Method: POST | Path: /api/v1/carts/add-to-cart/
Traceback (most recent call last):
  File "E:\Training\next_js_task\Django_REST\Food_Delivery_System_Task\food_delivery_system_backend\env_task\Lib\site-packages\rest_framework\views.py", line 512, in dispatch
    response = handler(request, *args, **kwargs)
               ^^^^^^^^^^^^^^^^^^^^^^^^^^^^^^^^^
  File "E:\Training\next_js_task\Django_REST\Food_Delivery_System_Task\food_delivery_system_backend\apps\orders\api\v1\views\cart.py", line 192, in add_to_cart
    data = service.add_order_item_to_cart()
           ^^^^^^^^^^^^^^^^^^^^^^^^^^^^^^^^
  File "E:\Training\next_js_task\Django_REST\Food_Delivery_System_Task\food_delivery_system_backend\apps\orders\services\cart_service.py", line 34, in add_order_item_to_cart
    serializer.is_valid(raise_exception=True)
  File "E:\Training\next_js_task\Django_REST\Food_Delivery_System_Task\food_delivery_system_backend\env_task\Lib\site-packages\rest_framework\serializers.py", line 233, in is_valid
    raise ValidationError(self.errors)
rest_framework.exceptions.ValidationError: {'menu_item': [ErrorDetail(string='This field is required.', code='required')]}
Bad Request: /api/v1/carts/add-to-cart/
IP: 127.0.0.1 | Exception: {'detail': ErrorDetail(string='Given token not valid for any token type', code='token_not_valid'), 'code': ErrorDetail(string='token_not_valid', code='token_not_valid'), 'messages': [{'token_class': ErrorDetail(string='AccessToken', code='token_not_valid'), 'token_type': ErrorDetail(string='access', code='token_not_valid'), 'message': ErrorDetail(string='Token is expired', code='token_not_valid')}]} | View: <apps.orders.api.v1.views.cart.CartViewSet object at 0x0000017AA008D820> | Method: GET | Path: /api/v1/carts/get-cart/
Traceback (most recent call last):
  File "E:\Training\next_js_task\Django_REST\Food_Delivery_System_Task\food_delivery_system_backend\env_task\Lib\site-packages\rest_framework\views.py", line 503, in dispatch
    self.initial(request, *args, **kwargs)
  File "E:\Training\next_js_task\Django_REST\Food_Delivery_System_Task\food_delivery_system_backend\env_task\Lib\site-packages\rest_framework\views.py", line 420, in initial
    self.perform_authentication(request)
  File "E:\Training\next_js_task\Django_REST\Food_Delivery_System_Task\food_delivery_system_backend\env_task\Lib\site-packages\rest_framework\views.py", line 330, in perform_authentication
    request.user
  File "E:\Training\next_js_task\Django_REST\Food_Delivery_System_Task\food_delivery_system_backend\env_task\Lib\site-packages\rest_framework\request.py", line 232, in user
    self._authenticate()
  File "E:\Training\next_js_task\Django_REST\Food_Delivery_System_Task\food_delivery_system_backend\env_task\Lib\site-packages\rest_framework\request.py", line 385, in _authenticate
    user_auth_tuple = authenticator.authenticate(self)
                      ^^^^^^^^^^^^^^^^^^^^^^^^^^^^^^^^
  File "E:\Training\next_js_task\Django_REST\Food_Delivery_System_Task\food_delivery_system_backend\env_task\Lib\site-packages\rest_framework_simplejwt\authentication.py", line 49, in authenticate
    validated_token = self.get_validated_token(raw_token)
                      ^^^^^^^^^^^^^^^^^^^^^^^^^^^^^^^^^^^
  File "E:\Training\next_js_task\Django_REST\Food_Delivery_System_Task\food_delivery_system_backend\env_task\Lib\site-packages\rest_framework_simplejwt\authentication.py", line 113, in get_validated_token
    raise InvalidToken(
rest_framework_simplejwt.exceptions.InvalidToken: {'detail': ErrorDetail(string='Given token not valid for any token type', code='token_not_valid'), 'code': ErrorDetail(string='token_not_valid', code='token_not_valid'), 'messages': [{'token_class': ErrorDetail(string='AccessToken', code='token_not_valid'), 'token_type': ErrorDetail(string='access', code='token_not_valid'), 'message': ErrorDetail(string='Token is expired', code='token_not_valid')}]}
Internal Server Error: /api/v1/carts/get-cart/
IP: 127.0.0.1 | Exception: Authentication credentials were not provided. | View: <apps.orders.api.v1.views.cart.CartViewSet object at 0x0000017A9FFF0200> | Method: GET | Path: /api/v1/carts/get-cart/
Traceback (most recent call last):
  File "E:\Training\next_js_task\Django_REST\Food_Delivery_System_Task\food_delivery_system_backend\env_task\Lib\site-packages\rest_framework\views.py", line 503, in dispatch
    self.initial(request, *args, **kwargs)
  File "E:\Training\next_js_task\Django_REST\Food_Delivery_System_Task\food_delivery_system_backend\env_task\Lib\site-packages\rest_framework\views.py", line 421, in initial
    self.check_permissions(request)
  File "E:\Training\next_js_task\Django_REST\Food_Delivery_System_Task\food_delivery_system_backend\env_task\Lib\site-packages\rest_framework\views.py", line 339, in check_permissions
    self.permission_denied(
  File "E:\Training\next_js_task\Django_REST\Food_Delivery_System_Task\food_delivery_system_backend\env_task\Lib\site-packages\rest_framework\views.py", line 180, in permission_denied
    raise exceptions.NotAuthenticated()
rest_framework.exceptions.NotAuthenticated: Authentication credentials were not provided.
Internal Server Error: /api/v1/carts/get-cart/
IP: 127.0.0.1 | Exception: Authentication credentials were not provided. | View: <apps.orders.api.v1.views.cart.CartViewSet object at 0x0000017AA0019940> | Method: GET | Path: /api/v1/carts/get-cart/
Traceback (most recent call last):
  File "E:\Training\next_js_task\Django_REST\Food_Delivery_System_Task\food_delivery_system_backend\env_task\Lib\site-packages\rest_framework\views.py", line 503, in dispatch
    self.initial(request, *args, **kwargs)
  File "E:\Training\next_js_task\Django_REST\Food_Delivery_System_Task\food_delivery_system_backend\env_task\Lib\site-packages\rest_framework\views.py", line 421, in initial
    self.check_permissions(request)
  File "E:\Training\next_js_task\Django_REST\Food_Delivery_System_Task\food_delivery_system_backend\env_task\Lib\site-packages\rest_framework\views.py", line 339, in check_permissions
    self.permission_denied(
  File "E:\Training\next_js_task\Django_REST\Food_Delivery_System_Task\food_delivery_system_backend\env_task\Lib\site-packages\rest_framework\views.py", line 180, in permission_denied
    raise exceptions.NotAuthenticated()
rest_framework.exceptions.NotAuthenticated: Authentication credentials were not provided.
Internal Server Error: /api/v1/carts/get-cart/
E:\Training\next_js_task\Django_REST\Food_Delivery_System_Task\food_delivery_system_backend\apps\restaurants\api\v1\serializers\menuitem.py changed, reloading.
Watching for file changes with StatReloader
E:\Training\next_js_task\Django_REST\Food_Delivery_System_Task\food_delivery_system_backend\apps\restaurants\api\v1\serializers\menuitem.py changed, reloading.
Watching for file changes with StatReloader
E:\Training\next_js_task\Django_REST\Food_Delivery_System_Task\food_delivery_system_backend\apps\restaurants\api\v1\serializers\menuitem.py changed, reloading.
Watching for file changes with StatReloader
E:\Training\next_js_task\Django_REST\Food_Delivery_System_Task\food_delivery_system_backend\apps\restaurants\api\v1\serializers\menuitem.py changed, reloading.
Watching for file changes with StatReloader
E:\Training\next_js_task\Django_REST\Food_Delivery_System_Task\food_delivery_system_backend\apps\restaurants\api\v1\serializers\review.py changed, reloading.
Watching for file changes with StatReloader
E:\Training\next_js_task\Django_REST\Food_Delivery_System_Task\food_delivery_system_backend\apps\restaurants\api\v1\serializers\review.py changed, reloading.
Watching for file changes with StatReloader
IP: 127.0.0.1 | Exception: Authentication credentials were not provided. | View: <apps.orders.api.v1.views.cart.CartViewSet object at 0x000001BC3EC5D7C0> | Method: GET | Path: /api/v1/carts/get-cart/
Traceback (most recent call last):
  File "E:\Training\next_js_task\Django_REST\Food_Delivery_System_Task\food_delivery_system_backend\env_task\Lib\site-packages\rest_framework\views.py", line 503, in dispatch
    self.initial(request, *args, **kwargs)
  File "E:\Training\next_js_task\Django_REST\Food_Delivery_System_Task\food_delivery_system_backend\env_task\Lib\site-packages\rest_framework\views.py", line 421, in initial
    self.check_permissions(request)
  File "E:\Training\next_js_task\Django_REST\Food_Delivery_System_Task\food_delivery_system_backend\env_task\Lib\site-packages\rest_framework\views.py", line 339, in check_permissions
    self.permission_denied(
  File "E:\Training\next_js_task\Django_REST\Food_Delivery_System_Task\food_delivery_system_backend\env_task\Lib\site-packages\rest_framework\views.py", line 180, in permission_denied
    raise exceptions.NotAuthenticated()
rest_framework.exceptions.NotAuthenticated: Authentication credentials were not provided.
Internal Server Error: /api/v1/carts/get-cart/
IP: 127.0.0.1 | Exception: Authentication credentials were not provided. | View: <apps.orders.api.v1.views.cart.CartViewSet object at 0x000001BC3EA1C5C0> | Method: GET | Path: /api/v1/carts/get-cart/
Traceback (most recent call last):
  File "E:\Training\next_js_task\Django_REST\Food_Delivery_System_Task\food_delivery_system_backend\env_task\Lib\site-packages\rest_framework\views.py", line 503, in dispatch
    self.initial(request, *args, **kwargs)
  File "E:\Training\next_js_task\Django_REST\Food_Delivery_System_Task\food_delivery_system_backend\env_task\Lib\site-packages\rest_framework\views.py", line 421, in initial
    self.check_permissions(request)
  File "E:\Training\next_js_task\Django_REST\Food_Delivery_System_Task\food_delivery_system_backend\env_task\Lib\site-packages\rest_framework\views.py", line 339, in check_permissions
    self.permission_denied(
  File "E:\Training\next_js_task\Django_REST\Food_Delivery_System_Task\food_delivery_system_backend\env_task\Lib\site-packages\rest_framework\views.py", line 180, in permission_denied
    raise exceptions.NotAuthenticated()
rest_framework.exceptions.NotAuthenticated: Authentication credentials were not provided.
Internal Server Error: /api/v1/carts/get-cart/
IP: 127.0.0.1 | Exception: Authentication credentials were not provided. | View: <apps.orders.api.v1.views.cart.CartViewSet object at 0x000001BC3EC8BA10> | Method: GET | Path: /api/v1/carts/get-cart/
Traceback (most recent call last):
  File "E:\Training\next_js_task\Django_REST\Food_Delivery_System_Task\food_delivery_system_backend\env_task\Lib\site-packages\rest_framework\views.py", line 503, in dispatch
    self.initial(request, *args, **kwargs)
  File "E:\Training\next_js_task\Django_REST\Food_Delivery_System_Task\food_delivery_system_backend\env_task\Lib\site-packages\rest_framework\views.py", line 421, in initial
    self.check_permissions(request)
  File "E:\Training\next_js_task\Django_REST\Food_Delivery_System_Task\food_delivery_system_backend\env_task\Lib\site-packages\rest_framework\views.py", line 339, in check_permissions
    self.permission_denied(
  File "E:\Training\next_js_task\Django_REST\Food_Delivery_System_Task\food_delivery_system_backend\env_task\Lib\site-packages\rest_framework\views.py", line 180, in permission_denied
    raise exceptions.NotAuthenticated()
rest_framework.exceptions.NotAuthenticated: Authentication credentials were not provided.
Internal Server Error: /api/v1/carts/get-cart/
IP: 127.0.0.1 | Exception: Authentication credentials were not provided. | View: <apps.orders.api.v1.views.cart.CartViewSet object at 0x000001BC3ED1BA70> | Method: GET | Path: /api/v1/carts/get-cart/
Traceback (most recent call last):
  File "E:\Training\next_js_task\Django_REST\Food_Delivery_System_Task\food_delivery_system_backend\env_task\Lib\site-packages\rest_framework\views.py", line 503, in dispatch
    self.initial(request, *args, **kwargs)
  File "E:\Training\next_js_task\Django_REST\Food_Delivery_System_Task\food_delivery_system_backend\env_task\Lib\site-packages\rest_framework\views.py", line 421, in initial
    self.check_permissions(request)
  File "E:\Training\next_js_task\Django_REST\Food_Delivery_System_Task\food_delivery_system_backend\env_task\Lib\site-packages\rest_framework\views.py", line 339, in check_permissions
    self.permission_denied(
  File "E:\Training\next_js_task\Django_REST\Food_Delivery_System_Task\food_delivery_system_backend\env_task\Lib\site-packages\rest_framework\views.py", line 180, in permission_denied
    raise exceptions.NotAuthenticated()
rest_framework.exceptions.NotAuthenticated: Authentication credentials were not provided.
Internal Server Error: /api/v1/carts/get-cart/
IP: 127.0.0.1 | Exception: Authentication credentials were not provided. | View: <apps.orders.api.v1.views.cart.CartViewSet object at 0x000001BC3EAF16D0> | Method: GET | Path: /api/v1/carts/get-cart/
Traceback (most recent call last):
  File "E:\Training\next_js_task\Django_REST\Food_Delivery_System_Task\food_delivery_system_backend\env_task\Lib\site-packages\rest_framework\views.py", line 503, in dispatch
    self.initial(request, *args, **kwargs)
  File "E:\Training\next_js_task\Django_REST\Food_Delivery_System_Task\food_delivery_system_backend\env_task\Lib\site-packages\rest_framework\views.py", line 421, in initial
    self.check_permissions(request)
  File "E:\Training\next_js_task\Django_REST\Food_Delivery_System_Task\food_delivery_system_backend\env_task\Lib\site-packages\rest_framework\views.py", line 339, in check_permissions
    self.permission_denied(
  File "E:\Training\next_js_task\Django_REST\Food_Delivery_System_Task\food_delivery_system_backend\env_task\Lib\site-packages\rest_framework\views.py", line 180, in permission_denied
    raise exceptions.NotAuthenticated()
rest_framework.exceptions.NotAuthenticated: Authentication credentials were not provided.
Internal Server Error: /api/v1/carts/get-cart/
IP: 127.0.0.1 | Exception: Authentication credentials were not provided. | View: <apps.orders.api.v1.views.cart.CartViewSet object at 0x000001BC3ED18E30> | Method: GET | Path: /api/v1/carts/get-cart/
Traceback (most recent call last):
  File "E:\Training\next_js_task\Django_REST\Food_Delivery_System_Task\food_delivery_system_backend\env_task\Lib\site-packages\rest_framework\views.py", line 503, in dispatch
    self.initial(request, *args, **kwargs)
  File "E:\Training\next_js_task\Django_REST\Food_Delivery_System_Task\food_delivery_system_backend\env_task\Lib\site-packages\rest_framework\views.py", line 421, in initial
    self.check_permissions(request)
  File "E:\Training\next_js_task\Django_REST\Food_Delivery_System_Task\food_delivery_system_backend\env_task\Lib\site-packages\rest_framework\views.py", line 339, in check_permissions
    self.permission_denied(
  File "E:\Training\next_js_task\Django_REST\Food_Delivery_System_Task\food_delivery_system_backend\env_task\Lib\site-packages\rest_framework\views.py", line 180, in permission_denied
    raise exceptions.NotAuthenticated()
rest_framework.exceptions.NotAuthenticated: Authentication credentials were not provided.
Internal Server Error: /api/v1/carts/get-cart/
IP: 127.0.0.1 | Exception: {'menu_item': [ErrorDetail(string='This field is required.', code='required')]} | View: <apps.orders.api.v1.views.cart.CartViewSet object at 0x000001BC3E9C5B50> | Method: POST | Path: /api/v1/carts/add-to-cart/
Traceback (most recent call last):
  File "E:\Training\next_js_task\Django_REST\Food_Delivery_System_Task\food_delivery_system_backend\env_task\Lib\site-packages\rest_framework\views.py", line 512, in dispatch
    response = handler(request, *args, **kwargs)
               ^^^^^^^^^^^^^^^^^^^^^^^^^^^^^^^^^
  File "E:\Training\next_js_task\Django_REST\Food_Delivery_System_Task\food_delivery_system_backend\apps\orders\api\v1\views\cart.py", line 192, in add_to_cart
    data = service.add_order_item_to_cart()
           ^^^^^^^^^^^^^^^^^^^^^^^^^^^^^^^^
  File "E:\Training\next_js_task\Django_REST\Food_Delivery_System_Task\food_delivery_system_backend\apps\orders\services\cart_service.py", line 34, in add_order_item_to_cart
    serializer.is_valid(raise_exception=True)
  File "E:\Training\next_js_task\Django_REST\Food_Delivery_System_Task\food_delivery_system_backend\env_task\Lib\site-packages\rest_framework\serializers.py", line 233, in is_valid
    raise ValidationError(self.errors)
rest_framework.exceptions.ValidationError: {'menu_item': [ErrorDetail(string='This field is required.', code='required')]}
Bad Request: /api/v1/carts/add-to-cart/
IP: 127.0.0.1 | Exception: Authentication credentials were not provided. | View: <apps.orders.api.v1.views.cart.CartViewSet object at 0x000001BC3EDC1160> | Method: GET | Path: /api/v1/carts/get-cart/
Traceback (most recent call last):
  File "E:\Training\next_js_task\Django_REST\Food_Delivery_System_Task\food_delivery_system_backend\env_task\Lib\site-packages\rest_framework\views.py", line 503, in dispatch
    self.initial(request, *args, **kwargs)
  File "E:\Training\next_js_task\Django_REST\Food_Delivery_System_Task\food_delivery_system_backend\env_task\Lib\site-packages\rest_framework\views.py", line 421, in initial
    self.check_permissions(request)
  File "E:\Training\next_js_task\Django_REST\Food_Delivery_System_Task\food_delivery_system_backend\env_task\Lib\site-packages\rest_framework\views.py", line 339, in check_permissions
    self.permission_denied(
  File "E:\Training\next_js_task\Django_REST\Food_Delivery_System_Task\food_delivery_system_backend\env_task\Lib\site-packages\rest_framework\views.py", line 180, in permission_denied
    raise exceptions.NotAuthenticated()
rest_framework.exceptions.NotAuthenticated: Authentication credentials were not provided.
Internal Server Error: /api/v1/carts/get-cart/
IP: 127.0.0.1 | Exception: {'menu_item': [ErrorDetail(string='This field is required.', code='required')]} | View: <apps.orders.api.v1.views.cart.CartViewSet object at 0x000001BC3EDC0470> | Method: POST | Path: /api/v1/carts/add-to-cart/
Traceback (most recent call last):
  File "E:\Training\next_js_task\Django_REST\Food_Delivery_System_Task\food_delivery_system_backend\env_task\Lib\site-packages\rest_framework\views.py", line 512, in dispatch
    response = handler(request, *args, **kwargs)
               ^^^^^^^^^^^^^^^^^^^^^^^^^^^^^^^^^
  File "E:\Training\next_js_task\Django_REST\Food_Delivery_System_Task\food_delivery_system_backend\apps\orders\api\v1\views\cart.py", line 192, in add_to_cart
    data = service.add_order_item_to_cart()
           ^^^^^^^^^^^^^^^^^^^^^^^^^^^^^^^^
  File "E:\Training\next_js_task\Django_REST\Food_Delivery_System_Task\food_delivery_system_backend\apps\orders\services\cart_service.py", line 34, in add_order_item_to_cart
    serializer.is_valid(raise_exception=True)
  File "E:\Training\next_js_task\Django_REST\Food_Delivery_System_Task\food_delivery_system_backend\env_task\Lib\site-packages\rest_framework\serializers.py", line 233, in is_valid
    raise ValidationError(self.errors)
rest_framework.exceptions.ValidationError: {'menu_item': [ErrorDetail(string='This field is required.', code='required')]}
Bad Request: /api/v1/carts/add-to-cart/
IP: 127.0.0.1 | Exception: Authentication credentials were not provided. | View: <apps.orders.api.v1.views.cart.CartViewSet object at 0x000001BC3EE30AA0> | Method: GET | Path: /api/v1/carts/get-cart/
Traceback (most recent call last):
  File "E:\Training\next_js_task\Django_REST\Food_Delivery_System_Task\food_delivery_system_backend\env_task\Lib\site-packages\rest_framework\views.py", line 503, in dispatch
    self.initial(request, *args, **kwargs)
  File "E:\Training\next_js_task\Django_REST\Food_Delivery_System_Task\food_delivery_system_backend\env_task\Lib\site-packages\rest_framework\views.py", line 421, in initial
    self.check_permissions(request)
  File "E:\Training\next_js_task\Django_REST\Food_Delivery_System_Task\food_delivery_system_backend\env_task\Lib\site-packages\rest_framework\views.py", line 339, in check_permissions
    self.permission_denied(
  File "E:\Training\next_js_task\Django_REST\Food_Delivery_System_Task\food_delivery_system_backend\env_task\Lib\site-packages\rest_framework\views.py", line 180, in permission_denied
    raise exceptions.NotAuthenticated()
rest_framework.exceptions.NotAuthenticated: Authentication credentials were not provided.
Internal Server Error: /api/v1/carts/get-cart/
IP: 127.0.0.1 | Exception: Authentication credentials were not provided. | View: <apps.orders.api.v1.views.cart.CartViewSet object at 0x000001BC3EA87770> | Method: GET | Path: /api/v1/carts/get-cart/
Traceback (most recent call last):
  File "E:\Training\next_js_task\Django_REST\Food_Delivery_System_Task\food_delivery_system_backend\env_task\Lib\site-packages\rest_framework\views.py", line 503, in dispatch
    self.initial(request, *args, **kwargs)
  File "E:\Training\next_js_task\Django_REST\Food_Delivery_System_Task\food_delivery_system_backend\env_task\Lib\site-packages\rest_framework\views.py", line 421, in initial
    self.check_permissions(request)
  File "E:\Training\next_js_task\Django_REST\Food_Delivery_System_Task\food_delivery_system_backend\env_task\Lib\site-packages\rest_framework\views.py", line 339, in check_permissions
    self.permission_denied(
  File "E:\Training\next_js_task\Django_REST\Food_Delivery_System_Task\food_delivery_system_backend\env_task\Lib\site-packages\rest_framework\views.py", line 180, in permission_denied
    raise exceptions.NotAuthenticated()
rest_framework.exceptions.NotAuthenticated: Authentication credentials were not provided.
Internal Server Error: /api/v1/carts/get-cart/
Internal Server Error: /api/v1/carts/remove-from-cart
Traceback (most recent call last):
  File "E:\Training\next_js_task\Django_REST\Food_Delivery_System_Task\food_delivery_system_backend\env_task\Lib\site-packages\django\core\handlers\exception.py", line 55, in inner
    response = get_response(request)
               ^^^^^^^^^^^^^^^^^^^^^
  File "E:\Training\next_js_task\Django_REST\Food_Delivery_System_Task\food_delivery_system_backend\env_task\Lib\site-packages\django\utils\deprecation.py", line 122, in __call__
    response = self.process_response(request, response)
               ^^^^^^^^^^^^^^^^^^^^^^^^^^^^^^^^^^^^^^^^
  File "E:\Training\next_js_task\Django_REST\Food_Delivery_System_Task\food_delivery_system_backend\env_task\Lib\site-packages\django\middleware\common.py", line 108, in process_response
    return self.response_redirect_class(self.get_full_path_with_slash(request))
                                        ^^^^^^^^^^^^^^^^^^^^^^^^^^^^^^^^^^^^^^
  File "E:\Training\next_js_task\Django_REST\Food_Delivery_System_Task\food_delivery_system_backend\env_task\Lib\site-packages\django\middleware\common.py", line 87, in get_full_path_with_slash
    raise RuntimeError(
RuntimeError: You called this URL via POST, but the URL doesn't end in a slash and you have APPEND_SLASH set. Django can't redirect to the slash URL while maintaining POST data. Change your form to point to 127.0.0.1:8000/api/v1/carts/remove-from-cart/ (note the trailing slash), or set APPEND_SLASH=False in your Django settings.
E:\Training\next_js_task\Django_REST\Food_Delivery_System_Task\food_delivery_system_backend\apps\orders\services\cart_service.py changed, reloading.
Watching for file changes with StatReloader
E:\Training\next_js_task\Django_REST\Food_Delivery_System_Task\food_delivery_system_backend\apps\orders\services\cart_service.py changed, reloading.
Watching for file changes with StatReloader
E:\Training\next_js_task\Django_REST\Food_Delivery_System_Task\food_delivery_system_backend\apps\orders\api\v1\views\cart.py changed, reloading.
Watching for file changes with StatReloader
E:\Training\next_js_task\Django_REST\Food_Delivery_System_Task\food_delivery_system_backend\apps\orders\api\v1\views\cart.py changed, reloading.
Watching for file changes with StatReloader
E:\Training\next_js_task\Django_REST\Food_Delivery_System_Task\food_delivery_system_backend\apps\orders\api\v1\views\cart.py changed, reloading.
Watching for file changes with StatReloader
E:\Training\next_js_task\Django_REST\Food_Delivery_System_Task\food_delivery_system_backend\apps\orders\api\v1\views\cart.py changed, reloading.
Watching for file changes with StatReloader
E:\Training\next_js_task\Django_REST\Food_Delivery_System_Task\food_delivery_system_backend\apps\orders\api\v1\views\cart.py changed, reloading.
Watching for file changes with StatReloader
E:\Training\next_js_task\Django_REST\Food_Delivery_System_Task\food_delivery_system_backend\apps\orders\api\v1\views\cart.py changed, reloading.
Watching for file changes with StatReloader
E:\Training\next_js_task\Django_REST\Food_Delivery_System_Task\food_delivery_system_backend\apps\orders\api\v1\views\cart.py changed, reloading.
Watching for file changes with StatReloader
E:\Training\next_js_task\Django_REST\Food_Delivery_System_Task\food_delivery_system_backend\apps\orders\api\v1\views\cart.py changed, reloading.
Watching for file changes with StatReloader
E:\Training\next_js_task\Django_REST\Food_Delivery_System_Task\food_delivery_system_backend\apps\orders\api\v1\views\cart.py changed, reloading.
Watching for file changes with StatReloader
E:\Training\next_js_task\Django_REST\Food_Delivery_System_Task\food_delivery_system_backend\apps\orders\api\v1\views\cart.py changed, reloading.
Watching for file changes with StatReloader
E:\Training\next_js_task\Django_REST\Food_Delivery_System_Task\food_delivery_system_backend\apps\orders\api\v1\views\cart.py changed, reloading.
Watching for file changes with StatReloader
E:\Training\next_js_task\Django_REST\Food_Delivery_System_Task\food_delivery_system_backend\apps\orders\api\v1\views\cart.py changed, reloading.
Watching for file changes with StatReloader
E:\Training\next_js_task\Django_REST\Food_Delivery_System_Task\food_delivery_system_backend\apps\orders\api\v1\views\cart.py changed, reloading.
Watching for file changes with StatReloader
E:\Training\next_js_task\Django_REST\Food_Delivery_System_Task\food_delivery_system_backend\apps\orders\api\v1\views\cart.py changed, reloading.
Watching for file changes with StatReloader
E:\Training\next_js_task\Django_REST\Food_Delivery_System_Task\food_delivery_system_backend\apps\orders\api\v1\views\cart.py changed, reloading.
Watching for file changes with StatReloader
E:\Training\next_js_task\Django_REST\Food_Delivery_System_Task\food_delivery_system_backend\apps\orders\api\v1\views\cart.py changed, reloading.
Watching for file changes with StatReloader
E:\Training\next_js_task\Django_REST\Food_Delivery_System_Task\food_delivery_system_backend\apps\orders\api\v1\views\cart.py changed, reloading.
Watching for file changes with StatReloader
E:\Training\next_js_task\Django_REST\Food_Delivery_System_Task\food_delivery_system_backend\apps\orders\api\v1\views\cart.py changed, reloading.
Watching for file changes with StatReloader
E:\Training\next_js_task\Django_REST\Food_Delivery_System_Task\food_delivery_system_backend\apps\orders\api\v1\views\cart.py changed, reloading.
Watching for file changes with StatReloader
E:\Training\next_js_task\Django_REST\Food_Delivery_System_Task\food_delivery_system_backend\apps\orders\api\v1\views\cart.py changed, reloading.
Watching for file changes with StatReloader
E:\Training\next_js_task\Django_REST\Food_Delivery_System_Task\food_delivery_system_backend\apps\orders\api\v1\views\cart.py changed, reloading.
Watching for file changes with StatReloader
E:\Training\next_js_task\Django_REST\Food_Delivery_System_Task\food_delivery_system_backend\apps\orders\api\v1\views\cart.py changed, reloading.
Watching for file changes with StatReloader
E:\Training\next_js_task\Django_REST\Food_Delivery_System_Task\food_delivery_system_backend\apps\orders\api\v1\views\cart.py changed, reloading.
Watching for file changes with StatReloader
E:\Training\next_js_task\Django_REST\Food_Delivery_System_Task\food_delivery_system_backend\apps\orders\api\v1\views\cart.py changed, reloading.
Watching for file changes with StatReloader
E:\Training\next_js_task\Django_REST\Food_Delivery_System_Task\food_delivery_system_backend\apps\orders\api\v1\views\cart.py changed, reloading.
Watching for file changes with StatReloader
E:\Training\next_js_task\Django_REST\Food_Delivery_System_Task\food_delivery_system_backend\apps\orders\api\v1\views\cart.py changed, reloading.
Watching for file changes with StatReloader
E:\Training\next_js_task\Django_REST\Food_Delivery_System_Task\food_delivery_system_backend\apps\orders\api\v1\views\cart.py changed, reloading.
Watching for file changes with StatReloader
E:\Training\next_js_task\Django_REST\Food_Delivery_System_Task\food_delivery_system_backend\apps\orders\api\v1\views\cart.py changed, reloading.
Watching for file changes with StatReloader
E:\Training\next_js_task\Django_REST\Food_Delivery_System_Task\food_delivery_system_backend\apps\orders\api\v1\views\cart.py changed, reloading.
Watching for file changes with StatReloader
E:\Training\next_js_task\Django_REST\Food_Delivery_System_Task\food_delivery_system_backend\apps\orders\api\v1\views\cart.py changed, reloading.
Watching for file changes with StatReloader
E:\Training\next_js_task\Django_REST\Food_Delivery_System_Task\food_delivery_system_backend\apps\orders\api\v1\views\cart.py changed, reloading.
Watching for file changes with StatReloader
E:\Training\next_js_task\Django_REST\Food_Delivery_System_Task\food_delivery_system_backend\apps\orders\api\v1\views\cart.py changed, reloading.
Watching for file changes with StatReloader
E:\Training\next_js_task\Django_REST\Food_Delivery_System_Task\food_delivery_system_backend\apps\orders\api\v1\views\cart.py changed, reloading.
Watching for file changes with StatReloader
E:\Training\next_js_task\Django_REST\Food_Delivery_System_Task\food_delivery_system_backend\apps\orders\api\v1\views\cart.py changed, reloading.
Watching for file changes with StatReloader
E:\Training\next_js_task\Django_REST\Food_Delivery_System_Task\food_delivery_system_backend\apps\orders\api\v1\views\cart.py changed, reloading.
Watching for file changes with StatReloader
E:\Training\next_js_task\Django_REST\Food_Delivery_System_Task\food_delivery_system_backend\apps\orders\api\v1\views\cart.py changed, reloading.
Watching for file changes with StatReloader
E:\Training\next_js_task\Django_REST\Food_Delivery_System_Task\food_delivery_system_backend\apps\orders\services\cart_service.py changed, reloading.
Watching for file changes with StatReloader
E:\Training\next_js_task\Django_REST\Food_Delivery_System_Task\food_delivery_system_backend\apps\orders\services\cart_service.py changed, reloading.
Watching for file changes with StatReloader
E:\Training\next_js_task\Django_REST\Food_Delivery_System_Task\food_delivery_system_backend\apps\orders\api\v1\views\cart.py changed, reloading.
Watching for file changes with StatReloader
E:\Training\next_js_task\Django_REST\Food_Delivery_System_Task\food_delivery_system_backend\apps\orders\api\v1\views\cart.py changed, reloading.
Watching for file changes with StatReloader
E:\Training\next_js_task\Django_REST\Food_Delivery_System_Task\food_delivery_system_backend\apps\orders\api\v1\views\cart.py changed, reloading.
Watching for file changes with StatReloader
E:\Training\next_js_task\Django_REST\Food_Delivery_System_Task\food_delivery_system_backend\apps\orders\api\v1\views\cart.py changed, reloading.
Watching for file changes with StatReloader
E:\Training\next_js_task\Django_REST\Food_Delivery_System_Task\food_delivery_system_backend\apps\orders\api\v1\views\cart.py changed, reloading.
Watching for file changes with StatReloader
E:\Training\next_js_task\Django_REST\Food_Delivery_System_Task\food_delivery_system_backend\apps\orders\api\v1\views\cart.py changed, reloading.
Watching for file changes with StatReloader
E:\Training\next_js_task\Django_REST\Food_Delivery_System_Task\food_delivery_system_backend\apps\orders\api\v1\views\cart.py changed, reloading.
Watching for file changes with StatReloader
E:\Training\next_js_task\Django_REST\Food_Delivery_System_Task\food_delivery_system_backend\apps\orders\api\v1\views\cart.py changed, reloading.
Watching for file changes with StatReloader
E:\Training\next_js_task\Django_REST\Food_Delivery_System_Task\food_delivery_system_backend\apps\orders\api\v1\views\cart.py changed, reloading.
Watching for file changes with StatReloader
E:\Training\next_js_task\Django_REST\Food_Delivery_System_Task\food_delivery_system_backend\apps\orders\api\v1\views\cart.py changed, reloading.
Watching for file changes with StatReloader
E:\Training\next_js_task\Django_REST\Food_Delivery_System_Task\food_delivery_system_backend\apps\orders\api\v1\views\cart.py changed, reloading.
Watching for file changes with StatReloader
E:\Training\next_js_task\Django_REST\Food_Delivery_System_Task\food_delivery_system_backend\apps\orders\api\v1\views\cart.py changed, reloading.
Watching for file changes with StatReloader
E:\Training\next_js_task\Django_REST\Food_Delivery_System_Task\food_delivery_system_backend\apps\orders\api\v1\views\cart.py changed, reloading.
Watching for file changes with StatReloader
E:\Training\next_js_task\Django_REST\Food_Delivery_System_Task\food_delivery_system_backend\apps\orders\api\v1\views\cart.py changed, reloading.
Watching for file changes with StatReloader
IP: 127.0.0.1 | Exception: {'detail': ErrorDetail(string='Given token not valid for any token type', code='token_not_valid'), 'code': ErrorDetail(string='token_not_valid', code='token_not_valid'), 'messages': [{'token_class': ErrorDetail(string='AccessToken', code='token_not_valid'), 'token_type': ErrorDetail(string='access', code='token_not_valid'), 'message': ErrorDetail(string='Token is expired', code='token_not_valid')}]} | View: <apps.orders.api.v1.views.cart.CartViewSet object at 0x00000261D7DCB2F0> | Method: GET | Path: /api/v1/carts/get-cart/
Traceback (most recent call last):
  File "E:\Training\next_js_task\Django_REST\Food_Delivery_System_Task\food_delivery_system_backend\env_task\Lib\site-packages\rest_framework\views.py", line 503, in dispatch
    self.initial(request, *args, **kwargs)
  File "E:\Training\next_js_task\Django_REST\Food_Delivery_System_Task\food_delivery_system_backend\env_task\Lib\site-packages\rest_framework\views.py", line 420, in initial
    self.perform_authentication(request)
  File "E:\Training\next_js_task\Django_REST\Food_Delivery_System_Task\food_delivery_system_backend\env_task\Lib\site-packages\rest_framework\views.py", line 330, in perform_authentication
    request.user
  File "E:\Training\next_js_task\Django_REST\Food_Delivery_System_Task\food_delivery_system_backend\env_task\Lib\site-packages\rest_framework\request.py", line 232, in user
    self._authenticate()
  File "E:\Training\next_js_task\Django_REST\Food_Delivery_System_Task\food_delivery_system_backend\env_task\Lib\site-packages\rest_framework\request.py", line 385, in _authenticate
    user_auth_tuple = authenticator.authenticate(self)
                      ^^^^^^^^^^^^^^^^^^^^^^^^^^^^^^^^
  File "E:\Training\next_js_task\Django_REST\Food_Delivery_System_Task\food_delivery_system_backend\env_task\Lib\site-packages\rest_framework_simplejwt\authentication.py", line 49, in authenticate
    validated_token = self.get_validated_token(raw_token)
                      ^^^^^^^^^^^^^^^^^^^^^^^^^^^^^^^^^^^
  File "E:\Training\next_js_task\Django_REST\Food_Delivery_System_Task\food_delivery_system_backend\env_task\Lib\site-packages\rest_framework_simplejwt\authentication.py", line 113, in get_validated_token
    raise InvalidToken(
rest_framework_simplejwt.exceptions.InvalidToken: {'detail': ErrorDetail(string='Given token not valid for any token type', code='token_not_valid'), 'code': ErrorDetail(string='token_not_valid', code='token_not_valid'), 'messages': [{'token_class': ErrorDetail(string='AccessToken', code='token_not_valid'), 'token_type': ErrorDetail(string='access', code='token_not_valid'), 'message': ErrorDetail(string='Token is expired', code='token_not_valid')}]}
Internal Server Error: /api/v1/carts/get-cart/
IP: 127.0.0.1 | Exception: {'detail': ErrorDetail(string='Given token not valid for any token type', code='token_not_valid'), 'code': ErrorDetail(string='token_not_valid', code='token_not_valid'), 'messages': [{'token_class': ErrorDetail(string='AccessToken', code='token_not_valid'), 'token_type': ErrorDetail(string='access', code='token_not_valid'), 'message': ErrorDetail(string='Token is expired', code='token_not_valid')}]} | View: <apps.orders.api.v1.views.cart.CartViewSet object at 0x00000261DA24BF80> | Method: GET | Path: /api/v1/carts/get-cart/
Traceback (most recent call last):
  File "E:\Training\next_js_task\Django_REST\Food_Delivery_System_Task\food_delivery_system_backend\env_task\Lib\site-packages\rest_framework\views.py", line 503, in dispatch
    self.initial(request, *args, **kwargs)
  File "E:\Training\next_js_task\Django_REST\Food_Delivery_System_Task\food_delivery_system_backend\env_task\Lib\site-packages\rest_framework\views.py", line 420, in initial
    self.perform_authentication(request)
  File "E:\Training\next_js_task\Django_REST\Food_Delivery_System_Task\food_delivery_system_backend\env_task\Lib\site-packages\rest_framework\views.py", line 330, in perform_authentication
    request.user
  File "E:\Training\next_js_task\Django_REST\Food_Delivery_System_Task\food_delivery_system_backend\env_task\Lib\site-packages\rest_framework\request.py", line 232, in user
    self._authenticate()
  File "E:\Training\next_js_task\Django_REST\Food_Delivery_System_Task\food_delivery_system_backend\env_task\Lib\site-packages\rest_framework\request.py", line 385, in _authenticate
    user_auth_tuple = authenticator.authenticate(self)
                      ^^^^^^^^^^^^^^^^^^^^^^^^^^^^^^^^
  File "E:\Training\next_js_task\Django_REST\Food_Delivery_System_Task\food_delivery_system_backend\env_task\Lib\site-packages\rest_framework_simplejwt\authentication.py", line 49, in authenticate
    validated_token = self.get_validated_token(raw_token)
                      ^^^^^^^^^^^^^^^^^^^^^^^^^^^^^^^^^^^
  File "E:\Training\next_js_task\Django_REST\Food_Delivery_System_Task\food_delivery_system_backend\env_task\Lib\site-packages\rest_framework_simplejwt\authentication.py", line 113, in get_validated_token
    raise InvalidToken(
rest_framework_simplejwt.exceptions.InvalidToken: {'detail': ErrorDetail(string='Given token not valid for any token type', code='token_not_valid'), 'code': ErrorDetail(string='token_not_valid', code='token_not_valid'), 'messages': [{'token_class': ErrorDetail(string='AccessToken', code='token_not_valid'), 'token_type': ErrorDetail(string='access', code='token_not_valid'), 'message': ErrorDetail(string='Token is expired', code='token_not_valid')}]}
Internal Server Error: /api/v1/carts/get-cart/
IP: 127.0.0.1 | Exception: {'detail': ErrorDetail(string='Given token not valid for any token type', code='token_not_valid'), 'code': ErrorDetail(string='token_not_valid', code='token_not_valid'), 'messages': [{'token_class': ErrorDetail(string='AccessToken', code='token_not_valid'), 'token_type': ErrorDetail(string='access', code='token_not_valid'), 'message': ErrorDetail(string='Token is expired', code='token_not_valid')}]} | View: <apps.orders.api.v1.views.cart.CartViewSet object at 0x00000261DA102480> | Method: GET | Path: /api/v1/carts/get-cart/
Traceback (most recent call last):
  File "E:\Training\next_js_task\Django_REST\Food_Delivery_System_Task\food_delivery_system_backend\env_task\Lib\site-packages\rest_framework\views.py", line 503, in dispatch
    self.initial(request, *args, **kwargs)
  File "E:\Training\next_js_task\Django_REST\Food_Delivery_System_Task\food_delivery_system_backend\env_task\Lib\site-packages\rest_framework\views.py", line 420, in initial
    self.perform_authentication(request)
  File "E:\Training\next_js_task\Django_REST\Food_Delivery_System_Task\food_delivery_system_backend\env_task\Lib\site-packages\rest_framework\views.py", line 330, in perform_authentication
    request.user
  File "E:\Training\next_js_task\Django_REST\Food_Delivery_System_Task\food_delivery_system_backend\env_task\Lib\site-packages\rest_framework\request.py", line 232, in user
    self._authenticate()
  File "E:\Training\next_js_task\Django_REST\Food_Delivery_System_Task\food_delivery_system_backend\env_task\Lib\site-packages\rest_framework\request.py", line 385, in _authenticate
    user_auth_tuple = authenticator.authenticate(self)
                      ^^^^^^^^^^^^^^^^^^^^^^^^^^^^^^^^
  File "E:\Training\next_js_task\Django_REST\Food_Delivery_System_Task\food_delivery_system_backend\env_task\Lib\site-packages\rest_framework_simplejwt\authentication.py", line 49, in authenticate
    validated_token = self.get_validated_token(raw_token)
                      ^^^^^^^^^^^^^^^^^^^^^^^^^^^^^^^^^^^
  File "E:\Training\next_js_task\Django_REST\Food_Delivery_System_Task\food_delivery_system_backend\env_task\Lib\site-packages\rest_framework_simplejwt\authentication.py", line 113, in get_validated_token
    raise InvalidToken(
rest_framework_simplejwt.exceptions.InvalidToken: {'detail': ErrorDetail(string='Given token not valid for any token type', code='token_not_valid'), 'code': ErrorDetail(string='token_not_valid', code='token_not_valid'), 'messages': [{'token_class': ErrorDetail(string='AccessToken', code='token_not_valid'), 'token_type': ErrorDetail(string='access', code='token_not_valid'), 'message': ErrorDetail(string='Token is expired', code='token_not_valid')}]}
Internal Server Error: /api/v1/carts/get-cart/
IP: 127.0.0.1 | Exception: {'detail': ErrorDetail(string='Given token not valid for any token type', code='token_not_valid'), 'code': ErrorDetail(string='token_not_valid', code='token_not_valid'), 'messages': [{'token_class': ErrorDetail(string='AccessToken', code='token_not_valid'), 'token_type': ErrorDetail(string='access', code='token_not_valid'), 'message': ErrorDetail(string='Token is expired', code='token_not_valid')}]} | View: <apps.orders.api.v1.views.cart.CartViewSet object at 0x00000261DA24B980> | Method: POST | Path: /api/v1/carts/remove-from-cart/
Traceback (most recent call last):
  File "E:\Training\next_js_task\Django_REST\Food_Delivery_System_Task\food_delivery_system_backend\env_task\Lib\site-packages\rest_framework\views.py", line 503, in dispatch
    self.initial(request, *args, **kwargs)
  File "E:\Training\next_js_task\Django_REST\Food_Delivery_System_Task\food_delivery_system_backend\env_task\Lib\site-packages\rest_framework\views.py", line 420, in initial
    self.perform_authentication(request)
  File "E:\Training\next_js_task\Django_REST\Food_Delivery_System_Task\food_delivery_system_backend\env_task\Lib\site-packages\rest_framework\views.py", line 330, in perform_authentication
    request.user
  File "E:\Training\next_js_task\Django_REST\Food_Delivery_System_Task\food_delivery_system_backend\env_task\Lib\site-packages\rest_framework\request.py", line 232, in user
    self._authenticate()
  File "E:\Training\next_js_task\Django_REST\Food_Delivery_System_Task\food_delivery_system_backend\env_task\Lib\site-packages\rest_framework\request.py", line 385, in _authenticate
    user_auth_tuple = authenticator.authenticate(self)
                      ^^^^^^^^^^^^^^^^^^^^^^^^^^^^^^^^
  File "E:\Training\next_js_task\Django_REST\Food_Delivery_System_Task\food_delivery_system_backend\env_task\Lib\site-packages\rest_framework_simplejwt\authentication.py", line 49, in authenticate
    validated_token = self.get_validated_token(raw_token)
                      ^^^^^^^^^^^^^^^^^^^^^^^^^^^^^^^^^^^
  File "E:\Training\next_js_task\Django_REST\Food_Delivery_System_Task\food_delivery_system_backend\env_task\Lib\site-packages\rest_framework_simplejwt\authentication.py", line 113, in get_validated_token
    raise InvalidToken(
rest_framework_simplejwt.exceptions.InvalidToken: {'detail': ErrorDetail(string='Given token not valid for any token type', code='token_not_valid'), 'code': ErrorDetail(string='token_not_valid', code='token_not_valid'), 'messages': [{'token_class': ErrorDetail(string='AccessToken', code='token_not_valid'), 'token_type': ErrorDetail(string='access', code='token_not_valid'), 'message': ErrorDetail(string='Token is expired', code='token_not_valid')}]}
Internal Server Error: /api/v1/carts/remove-from-cart/
IP: 127.0.0.1 | Exception: {'quantity': [ErrorDetail(string='Ensure this value is greater than or equal to 1.', code='min_value')]} | View: <apps.orders.api.v1.views.cart.CartViewSet object at 0x00000261DA208D40> | Method: POST | Path: /api/v1/carts/remove-from-cart/
Traceback (most recent call last):
  File "E:\Training\next_js_task\Django_REST\Food_Delivery_System_Task\food_delivery_system_backend\env_task\Lib\site-packages\rest_framework\views.py", line 512, in dispatch
    response = handler(request, *args, **kwargs)
               ^^^^^^^^^^^^^^^^^^^^^^^^^^^^^^^^^
  File "E:\Training\next_js_task\Django_REST\Food_Delivery_System_Task\food_delivery_system_backend\apps\orders\api\v1\views\cart.py", line 222, in remove_from_cart
    data = service.remove_order_item_from_cart()
           ^^^^^^^^^^^^^^^^^^^^^^^^^^^^^^^^^^^^^
  File "E:\Training\next_js_task\Django_REST\Food_Delivery_System_Task\food_delivery_system_backend\apps\orders\services\cart_service.py", line 68, in remove_order_item_from_cart
    serializer.is_valid(raise_exception=True)
  File "E:\Training\next_js_task\Django_REST\Food_Delivery_System_Task\food_delivery_system_backend\env_task\Lib\site-packages\rest_framework\serializers.py", line 233, in is_valid
    raise ValidationError(self.errors)
rest_framework.exceptions.ValidationError: {'quantity': [ErrorDetail(string='Ensure this value is greater than or equal to 1.', code='min_value')]}
Bad Request: /api/v1/carts/remove-from-cart/
IP: 127.0.0.1 | Exception: 'NoneType' object is not callable | View: <apps.orders.api.v1.views.cart.CartViewSet object at 0x00000261DA39BDD0> | Method: POST | Path: /api/v1/carts/remove-cartitem-from-cart/
Traceback (most recent call last):
  File "E:\Training\next_js_task\Django_REST\Food_Delivery_System_Task\food_delivery_system_backend\env_task\Lib\site-packages\rest_framework\views.py", line 512, in dispatch
    response = handler(request, *args, **kwargs)
               ^^^^^^^^^^^^^^^^^^^^^^^^^^^^^^^^^
  File "E:\Training\next_js_task\Django_REST\Food_Delivery_System_Task\food_delivery_system_backend\apps\orders\api\v1\views\cart.py", line 249, in remove_cartitem_from_cart
    cart = self.queryset()
           ^^^^^^^^^^^^^^^
TypeError: 'NoneType' object is not callable
Internal Server Error: /api/v1/carts/remove-cartitem-from-cart/
E:\Training\next_js_task\Django_REST\Food_Delivery_System_Task\food_delivery_system_backend\apps\orders\api\v1\views\cart.py changed, reloading.
Watching for file changes with StatReloader
E:\Training\next_js_task\Django_REST\Food_Delivery_System_Task\food_delivery_system_backend\apps\orders\api\v1\views\cart.py changed, reloading.
Watching for file changes with StatReloader
IP: 127.0.0.1 | Exception: 'list' object has no attribute 'exclude' | View: <apps.orders.api.v1.views.cart.CartViewSet object at 0x00000185B32BB2F0> | Method: POST | Path: /api/v1/carts/remove-cartitem-from-cart/
Traceback (most recent call last):
  File "E:\Training\next_js_task\Django_REST\Food_Delivery_System_Task\food_delivery_system_backend\env_task\Lib\site-packages\rest_framework\views.py", line 512, in dispatch
    response = handler(request, *args, **kwargs)
               ^^^^^^^^^^^^^^^^^^^^^^^^^^^^^^^^^
  File "E:\Training\next_js_task\Django_REST\Food_Delivery_System_Task\food_delivery_system_backend\apps\orders\api\v1\views\cart.py", line 259, in remove_cartitem_from_cart
    order_items = order_items.exclude(id=order_item.id)
                  ^^^^^^^^^^^^^^^^^^^
AttributeError: 'list' object has no attribute 'exclude'
Internal Server Error: /api/v1/carts/remove-cartitem-from-cart/
E:\Training\next_js_task\Django_REST\Food_Delivery_System_Task\food_delivery_system_backend\apps\orders\api\v1\views\cart.py changed, reloading.
Watching for file changes with StatReloader
E:\Training\next_js_task\Django_REST\Food_Delivery_System_Task\food_delivery_system_backend\apps\orders\api\v1\views\cart.py changed, reloading.
Watching for file changes with StatReloader
IP: 127.0.0.1 | Exception: JSON parse error - Expecting property name enclosed in double quotes: line 3 column 1 (char 59) | View: <apps.orders.api.v1.views.cart.CartViewSet object at 0x000001EDE2576570> | Method: POST | Path: /api/v1/carts/remove-cartitem-from-cart/
Traceback (most recent call last):
  File "E:\Training\next_js_task\Django_REST\Food_Delivery_System_Task\food_delivery_system_backend\env_task\Lib\site-packages\rest_framework\parsers.py", line 66, in parse
    return json.load(decoded_stream, parse_constant=parse_constant)
           ^^^^^^^^^^^^^^^^^^^^^^^^^^^^^^^^^^^^^^^^^^^^^^^^^^^^^^^^
  File "E:\Training\next_js_task\Django_REST\Food_Delivery_System_Task\food_delivery_system_backend\env_task\Lib\site-packages\rest_framework\utils\json.py", line 31, in load
    return json.load(*args, **kwargs)
           ^^^^^^^^^^^^^^^^^^^^^^^^^^
  File "C:\Program Files\Python312\Lib\json\__init__.py", line 293, in load
    return loads(fp.read(),
           ^^^^^^^^^^^^^^^^
  File "C:\Program Files\Python312\Lib\json\__init__.py", line 359, in loads
    return cls(**kw).decode(s)
           ^^^^^^^^^^^^^^^^^^^
  File "C:\Program Files\Python312\Lib\json\decoder.py", line 337, in decode
    obj, end = self.raw_decode(s, idx=_w(s, 0).end())
               ^^^^^^^^^^^^^^^^^^^^^^^^^^^^^^^^^^^^^^
  File "C:\Program Files\Python312\Lib\json\decoder.py", line 353, in raw_decode
    obj, end = self.scan_once(s, idx)
               ^^^^^^^^^^^^^^^^^^^^^^
json.decoder.JSONDecodeError: Expecting property name enclosed in double quotes: line 3 column 1 (char 59)

During handling of the above exception, another exception occurred:

Traceback (most recent call last):
  File "E:\Training\next_js_task\Django_REST\Food_Delivery_System_Task\food_delivery_system_backend\env_task\Lib\site-packages\rest_framework\views.py", line 512, in dispatch
    response = handler(request, *args, **kwargs)
               ^^^^^^^^^^^^^^^^^^^^^^^^^^^^^^^^^
  File "E:\Training\next_js_task\Django_REST\Food_Delivery_System_Task\food_delivery_system_backend\apps\orders\api\v1\views\cart.py", line 250, in remove_cartitem_from_cart
    data = self.request.data
           ^^^^^^^^^^^^^^^^^
  File "E:\Training\next_js_task\Django_REST\Food_Delivery_System_Task\food_delivery_system_backend\env_task\Lib\site-packages\rest_framework\request.py", line 221, in data
    self._load_data_and_files()
  File "E:\Training\next_js_task\Django_REST\Food_Delivery_System_Task\food_delivery_system_backend\env_task\Lib\site-packages\rest_framework\request.py", line 284, in _load_data_and_files
    self._data, self._files = self._parse()
                              ^^^^^^^^^^^^^
  File "E:\Training\next_js_task\Django_REST\Food_Delivery_System_Task\food_delivery_system_backend\env_task\Lib\site-packages\rest_framework\request.py", line 359, in _parse
    parsed = parser.parse(stream, media_type, self.parser_context)
             ^^^^^^^^^^^^^^^^^^^^^^^^^^^^^^^^^^^^^^^^^^^^^^^^^^^^^
  File "E:\Training\next_js_task\Django_REST\Food_Delivery_System_Task\food_delivery_system_backend\env_task\Lib\site-packages\rest_framework\parsers.py", line 68, in parse
    raise ParseError('JSON parse error - %s' % str(exc))
rest_framework.exceptions.ParseError: JSON parse error - Expecting property name enclosed in double quotes: line 3 column 1 (char 59)
Internal Server Error: /api/v1/carts/remove-cartitem-from-cart/
IP: 127.0.0.1 | Exception: {'quantity': [ErrorDetail(string='This field is required.', code='required')]} | View: <apps.orders.api.v1.views.cart.CartViewSet object at 0x000001EDE2748B30> | Method: POST | Path: /api/v1/carts/remove-cartitem-from-cart/
Traceback (most recent call last):
  File "E:\Training\next_js_task\Django_REST\Food_Delivery_System_Task\food_delivery_system_backend\env_task\Lib\site-packages\rest_framework\views.py", line 512, in dispatch
    response = handler(request, *args, **kwargs)
               ^^^^^^^^^^^^^^^^^^^^^^^^^^^^^^^^^
  File "E:\Training\next_js_task\Django_REST\Food_Delivery_System_Task\food_delivery_system_backend\apps\orders\api\v1\views\cart.py", line 253, in remove_cartitem_from_cart
    serializer.is_valid(raise_exception=True)
  File "E:\Training\next_js_task\Django_REST\Food_Delivery_System_Task\food_delivery_system_backend\env_task\Lib\site-packages\rest_framework\serializers.py", line 233, in is_valid
    raise ValidationError(self.errors)
rest_framework.exceptions.ValidationError: {'quantity': [ErrorDetail(string='This field is required.', code='required')]}
Bad Request: /api/v1/carts/remove-cartitem-from-cart/
E:\Training\next_js_task\Django_REST\Food_Delivery_System_Task\food_delivery_system_backend\apps\orders\api\v1\views\cart.py changed, reloading.
Watching for file changes with StatReloader
E:\Training\next_js_task\Django_REST\Food_Delivery_System_Task\food_delivery_system_backend\apps\orders\api\v1\views\cart.py changed, reloading.
Watching for file changes with StatReloader
E:\Training\next_js_task\Django_REST\Food_Delivery_System_Task\food_delivery_system_backend\apps\orders\api\v1\views\cart.py changed, reloading.
Watching for file changes with StatReloader
IP: 127.0.0.1 | Exception: "Got KeyError when attempting to get a value for field `quantity` on serializer `OrderItemCreateSerializer`.\nThe serializer field might be named incorrectly and not match any attribute or key on the `dict` instance.\nOriginal exception text was: 'quantity'." | View: <apps.orders.api.v1.views.cart.CartViewSet object at 0x00000159F408B2F0> | Method: POST | Path: /api/v1/carts/remove-cartitem-from-cart/
Traceback (most recent call last):
  File "E:\Training\next_js_task\Django_REST\Food_Delivery_System_Task\food_delivery_system_backend\env_task\Lib\site-packages\rest_framework\fields.py", line 437, in get_attribute
    return get_attribute(instance, self.source_attrs)
           ^^^^^^^^^^^^^^^^^^^^^^^^^^^^^^^^^^^^^^^^^^
  File "E:\Training\next_js_task\Django_REST\Food_Delivery_System_Task\food_delivery_system_backend\env_task\Lib\site-packages\rest_framework\fields.py", line 102, in get_attribute
    instance = instance[attr]
               ~~~~~~~~^^^^^^
KeyError: 'quantity'

During handling of the above exception, another exception occurred:

Traceback (most recent call last):
  File "E:\Training\next_js_task\Django_REST\Food_Delivery_System_Task\food_delivery_system_backend\env_task\Lib\site-packages\rest_framework\views.py", line 512, in dispatch
    response = handler(request, *args, **kwargs)
               ^^^^^^^^^^^^^^^^^^^^^^^^^^^^^^^^^
  File "E:\Training\next_js_task\Django_REST\Food_Delivery_System_Task\food_delivery_system_backend\apps\orders\api\v1\views\cart.py", line 258, in remove_cartitem_from_cart
    if str(order_item.menu_item.id) == str(serializer.data["menu_item"]):
                                           ^^^^^^^^^^^^^^^
  File "E:\Training\next_js_task\Django_REST\Food_Delivery_System_Task\food_delivery_system_backend\env_task\Lib\site-packages\rest_framework\serializers.py", line 573, in data
    ret = super().data
          ^^^^^^^^^^^^
  File "E:\Training\next_js_task\Django_REST\Food_Delivery_System_Task\food_delivery_system_backend\env_task\Lib\site-packages\rest_framework\serializers.py", line 253, in data
    self._data = self.to_representation(self.validated_data)
                 ^^^^^^^^^^^^^^^^^^^^^^^^^^^^^^^^^^^^^^^^^^^
  File "E:\Training\next_js_task\Django_REST\Food_Delivery_System_Task\food_delivery_system_backend\env_task\Lib\site-packages\rest_framework\serializers.py", line 527, in to_representation
    attribute = field.get_attribute(instance)
                ^^^^^^^^^^^^^^^^^^^^^^^^^^^^^
  File "E:\Training\next_js_task\Django_REST\Food_Delivery_System_Task\food_delivery_system_backend\env_task\Lib\site-packages\rest_framework\fields.py", line 470, in get_attribute
    raise type(exc)(msg)
KeyError: "Got KeyError when attempting to get a value for field `quantity` on serializer `OrderItemCreateSerializer`.\nThe serializer field might be named incorrectly and not match any attribute or key on the `dict` instance.\nOriginal exception text was: 'quantity'."
Internal Server Error: /api/v1/carts/remove-cartitem-from-cart/
E:\Training\next_js_task\Django_REST\Food_Delivery_System_Task\food_delivery_system_backend\apps\orders\api\v1\views\cart.py changed, reloading.
Watching for file changes with StatReloader
E:\Training\next_js_task\Django_REST\Food_Delivery_System_Task\food_delivery_system_backend\apps\orders\api\v1\views\cart.py changed, reloading.
Watching for file changes with StatReloader
E:\Training\next_js_task\Django_REST\Food_Delivery_System_Task\food_delivery_system_backend\apps\orders\api\v1\views\cart.py changed, reloading.
Watching for file changes with StatReloader
E:\Training\next_js_task\Django_REST\Food_Delivery_System_Task\food_delivery_system_backend\apps\orders\api\v1\views\cart.py changed, reloading.
Watching for file changes with StatReloader
IP: 127.0.0.1 | Exception: BaseSerializer.is_valid() got an unexpected keyword argument 'partial' | View: <apps.orders.api.v1.views.cart.CartViewSet object at 0x0000027F9AF5B2F0> | Method: POST | Path: /api/v1/carts/remove-cartitem-from-cart/
Traceback (most recent call last):
  File "E:\Training\next_js_task\Django_REST\Food_Delivery_System_Task\food_delivery_system_backend\env_task\Lib\site-packages\rest_framework\views.py", line 512, in dispatch
    response = handler(request, *args, **kwargs)
               ^^^^^^^^^^^^^^^^^^^^^^^^^^^^^^^^^
  File "E:\Training\next_js_task\Django_REST\Food_Delivery_System_Task\food_delivery_system_backend\apps\orders\api\v1\views\cart.py", line 253, in remove_cartitem_from_cart
    serializer.is_valid(raise_exception=True, partial=True)
TypeError: BaseSerializer.is_valid() got an unexpected keyword argument 'partial'
Internal Server Error: /api/v1/carts/remove-cartitem-from-cart/
E:\Training\next_js_task\Django_REST\Food_Delivery_System_Task\food_delivery_system_backend\apps\orders\api\v1\views\cart.py changed, reloading.
Watching for file changes with StatReloader
E:\Training\next_js_task\Django_REST\Food_Delivery_System_Task\food_delivery_system_backend\apps\orders\api\v1\views\cart.py changed, reloading.
Watching for file changes with StatReloader
E:\Training\next_js_task\Django_REST\Food_Delivery_System_Task\food_delivery_system_backend\apps\orders\models.py changed, reloading.
Watching for file changes with StatReloader
E:\Training\next_js_task\Django_REST\Food_Delivery_System_Task\food_delivery_system_backend\apps\orders\models.py changed, reloading.
Watching for file changes with StatReloader
E:\Training\next_js_task\Django_REST\Food_Delivery_System_Task\food_delivery_system_backend\apps\orders\models.py changed, reloading.
Watching for file changes with StatReloader
E:\Training\next_js_task\Django_REST\Food_Delivery_System_Task\food_delivery_system_backend\apps\orders\models.py changed, reloading.
Watching for file changes with StatReloader
E:\Training\next_js_task\Django_REST\Food_Delivery_System_Task\food_delivery_system_backend\apps\orders\models.py changed, reloading.
Watching for file changes with StatReloader
E:\Training\next_js_task\Django_REST\Food_Delivery_System_Task\food_delivery_system_backend\apps\orders\models.py changed, reloading.
Watching for file changes with StatReloader
E:\Training\next_js_task\Django_REST\Food_Delivery_System_Task\food_delivery_system_backend\apps\orders\models.py changed, reloading.
Watching for file changes with StatReloader
IP: 127.0.0.1 | Exception: "Got KeyError when attempting to get a value for field `quantity` on serializer `OrderItemCreateSerializer`.\nThe serializer field might be named incorrectly and not match any attribute or key on the `dict` instance.\nOriginal exception text was: 'quantity'." | View: <apps.orders.api.v1.views.cart.CartViewSet object at 0x0000028ACE00B2F0> | Method: POST | Path: /api/v1/carts/remove-cartitem-from-cart/
Traceback (most recent call last):
  File "E:\Training\next_js_task\Django_REST\Food_Delivery_System_Task\food_delivery_system_backend\env_task\Lib\site-packages\rest_framework\fields.py", line 437, in get_attribute
    return get_attribute(instance, self.source_attrs)
           ^^^^^^^^^^^^^^^^^^^^^^^^^^^^^^^^^^^^^^^^^^
  File "E:\Training\next_js_task\Django_REST\Food_Delivery_System_Task\food_delivery_system_backend\env_task\Lib\site-packages\rest_framework\fields.py", line 102, in get_attribute
    instance = instance[attr]
               ~~~~~~~~^^^^^^
KeyError: 'quantity'

During handling of the above exception, another exception occurred:

Traceback (most recent call last):
  File "E:\Training\next_js_task\Django_REST\Food_Delivery_System_Task\food_delivery_system_backend\env_task\Lib\site-packages\rest_framework\views.py", line 512, in dispatch
    response = handler(request, *args, **kwargs)
               ^^^^^^^^^^^^^^^^^^^^^^^^^^^^^^^^^
  File "E:\Training\next_js_task\Django_REST\Food_Delivery_System_Task\food_delivery_system_backend\apps\orders\api\v1\views\cart.py", line 258, in remove_cartitem_from_cart
    if str(order_item.menu_item.id) == str(serializer.data["menu_item"]):
                                           ^^^^^^^^^^^^^^^
  File "E:\Training\next_js_task\Django_REST\Food_Delivery_System_Task\food_delivery_system_backend\env_task\Lib\site-packages\rest_framework\serializers.py", line 573, in data
    ret = super().data
          ^^^^^^^^^^^^
  File "E:\Training\next_js_task\Django_REST\Food_Delivery_System_Task\food_delivery_system_backend\env_task\Lib\site-packages\rest_framework\serializers.py", line 253, in data
    self._data = self.to_representation(self.validated_data)
                 ^^^^^^^^^^^^^^^^^^^^^^^^^^^^^^^^^^^^^^^^^^^
  File "E:\Training\next_js_task\Django_REST\Food_Delivery_System_Task\food_delivery_system_backend\env_task\Lib\site-packages\rest_framework\serializers.py", line 527, in to_representation
    attribute = field.get_attribute(instance)
                ^^^^^^^^^^^^^^^^^^^^^^^^^^^^^
  File "E:\Training\next_js_task\Django_REST\Food_Delivery_System_Task\food_delivery_system_backend\env_task\Lib\site-packages\rest_framework\fields.py", line 470, in get_attribute
    raise type(exc)(msg)
KeyError: "Got KeyError when attempting to get a value for field `quantity` on serializer `OrderItemCreateSerializer`.\nThe serializer field might be named incorrectly and not match any attribute or key on the `dict` instance.\nOriginal exception text was: 'quantity'."
Internal Server Error: /api/v1/carts/remove-cartitem-from-cart/
E:\Training\next_js_task\Django_REST\Food_Delivery_System_Task\food_delivery_system_backend\apps\orders\api\v1\serializers\orderitem_create.py changed, reloading.
Watching for file changes with StatReloader
E:\Training\next_js_task\Django_REST\Food_Delivery_System_Task\food_delivery_system_backend\apps\orders\api\v1\serializers\orderitem_create.py changed, reloading.
Watching for file changes with StatReloader
Watching for file changes with StatReloader
Watching for file changes with StatReloader
Watching for file changes with StatReloader
Watching for file changes with StatReloader
IP: 127.0.0.1 | Exception: {'detail': ErrorDetail(string='Given token not valid for any token type', code='token_not_valid'), 'code': ErrorDetail(string='token_not_valid', code='token_not_valid'), 'messages': [{'token_class': ErrorDetail(string='AccessToken', code='token_not_valid'), 'token_type': ErrorDetail(string='access', code='token_not_valid'), 'message': ErrorDetail(string='Token is expired', code='token_not_valid')}]} | View: <apps.orders.api.v1.views.cart.CartViewSet object at 0x000001F64C0CCB60> | Method: POST | Path: /api/v1/carts/remove-cartitem-from-cart/
Traceback (most recent call last):
  File "E:\Training\next_js_task\Django_REST\Food_Delivery_System_Task\food_delivery_system_backend\env_task\Lib\site-packages\rest_framework\views.py", line 503, in dispatch
    self.initial(request, *args, **kwargs)
  File "E:\Training\next_js_task\Django_REST\Food_Delivery_System_Task\food_delivery_system_backend\env_task\Lib\site-packages\rest_framework\views.py", line 420, in initial
    self.perform_authentication(request)
  File "E:\Training\next_js_task\Django_REST\Food_Delivery_System_Task\food_delivery_system_backend\env_task\Lib\site-packages\rest_framework\views.py", line 330, in perform_authentication
    request.user
  File "E:\Training\next_js_task\Django_REST\Food_Delivery_System_Task\food_delivery_system_backend\env_task\Lib\site-packages\rest_framework\request.py", line 232, in user
    self._authenticate()
  File "E:\Training\next_js_task\Django_REST\Food_Delivery_System_Task\food_delivery_system_backend\env_task\Lib\site-packages\rest_framework\request.py", line 385, in _authenticate
    user_auth_tuple = authenticator.authenticate(self)
                      ^^^^^^^^^^^^^^^^^^^^^^^^^^^^^^^^
  File "E:\Training\next_js_task\Django_REST\Food_Delivery_System_Task\food_delivery_system_backend\env_task\Lib\site-packages\rest_framework_simplejwt\authentication.py", line 49, in authenticate
    validated_token = self.get_validated_token(raw_token)
                      ^^^^^^^^^^^^^^^^^^^^^^^^^^^^^^^^^^^
  File "E:\Training\next_js_task\Django_REST\Food_Delivery_System_Task\food_delivery_system_backend\env_task\Lib\site-packages\rest_framework_simplejwt\authentication.py", line 113, in get_validated_token
    raise InvalidToken(
rest_framework_simplejwt.exceptions.InvalidToken: {'detail': ErrorDetail(string='Given token not valid for any token type', code='token_not_valid'), 'code': ErrorDetail(string='token_not_valid', code='token_not_valid'), 'messages': [{'token_class': ErrorDetail(string='AccessToken', code='token_not_valid'), 'token_type': ErrorDetail(string='access', code='token_not_valid'), 'message': ErrorDetail(string='Token is expired', code='token_not_valid')}]}
Internal Server Error: /api/v1/carts/remove-cartitem-from-cart/
IP: 127.0.0.1 | Exception: Authentication credentials were not provided. | View: <apps.orders.api.v1.views.cart.CartViewSet object at 0x000001F64C34D100> | Method: GET | Path: /api/v1/carts/get-cart/
Traceback (most recent call last):
  File "E:\Training\next_js_task\Django_REST\Food_Delivery_System_Task\food_delivery_system_backend\env_task\Lib\site-packages\rest_framework\views.py", line 503, in dispatch
    self.initial(request, *args, **kwargs)
  File "E:\Training\next_js_task\Django_REST\Food_Delivery_System_Task\food_delivery_system_backend\env_task\Lib\site-packages\rest_framework\views.py", line 421, in initial
    self.check_permissions(request)
  File "E:\Training\next_js_task\Django_REST\Food_Delivery_System_Task\food_delivery_system_backend\env_task\Lib\site-packages\rest_framework\views.py", line 339, in check_permissions
    self.permission_denied(
  File "E:\Training\next_js_task\Django_REST\Food_Delivery_System_Task\food_delivery_system_backend\env_task\Lib\site-packages\rest_framework\views.py", line 180, in permission_denied
    raise exceptions.NotAuthenticated()
rest_framework.exceptions.NotAuthenticated: Authentication credentials were not provided.
Internal Server Error: /api/v1/carts/get-cart/
IP: 127.0.0.1 | Exception: {'quantity': [ErrorDetail(string='Ensure this value is greater than or equal to 1.', code='min_value')]} | View: <apps.orders.api.v1.views.cart.CartViewSet object at 0x000001F64C2EF410> | Method: POST | Path: /api/v1/carts/remove-cartitem-from-cart/
Traceback (most recent call last):
  File "E:\Training\next_js_task\Django_REST\Food_Delivery_System_Task\food_delivery_system_backend\env_task\Lib\site-packages\rest_framework\views.py", line 512, in dispatch
    response = handler(request, *args, **kwargs)
               ^^^^^^^^^^^^^^^^^^^^^^^^^^^^^^^^^
  File "E:\Training\next_js_task\Django_REST\Food_Delivery_System_Task\food_delivery_system_backend\apps\orders\api\v1\views\cart.py", line 253, in remove_cartitem_from_cart
    serializer.is_valid(raise_exception=True)
  File "E:\Training\next_js_task\Django_REST\Food_Delivery_System_Task\food_delivery_system_backend\env_task\Lib\site-packages\rest_framework\serializers.py", line 233, in is_valid
    raise ValidationError(self.errors)
rest_framework.exceptions.ValidationError: {'quantity': [ErrorDetail(string='Ensure this value is greater than or equal to 1.', code='min_value')]}
Bad Request: /api/v1/carts/remove-cartitem-from-cart/
IP: 127.0.0.1 | Exception: {'quantity': [ErrorDetail(string='Ensure this value is greater than or equal to 1.', code='min_value')]} | View: <apps.orders.api.v1.views.cart.CartViewSet object at 0x000001F64C0CEB10> | Method: POST | Path: /api/v1/carts/remove-cartitem-from-cart/
Traceback (most recent call last):
  File "E:\Training\next_js_task\Django_REST\Food_Delivery_System_Task\food_delivery_system_backend\env_task\Lib\site-packages\rest_framework\views.py", line 512, in dispatch
    response = handler(request, *args, **kwargs)
               ^^^^^^^^^^^^^^^^^^^^^^^^^^^^^^^^^
  File "E:\Training\next_js_task\Django_REST\Food_Delivery_System_Task\food_delivery_system_backend\apps\orders\api\v1\views\cart.py", line 253, in remove_cartitem_from_cart
    serializer.is_valid(raise_exception=True)
  File "E:\Training\next_js_task\Django_REST\Food_Delivery_System_Task\food_delivery_system_backend\env_task\Lib\site-packages\rest_framework\serializers.py", line 233, in is_valid
    raise ValidationError(self.errors)
rest_framework.exceptions.ValidationError: {'quantity': [ErrorDetail(string='Ensure this value is greater than or equal to 1.', code='min_value')]}
Bad Request: /api/v1/carts/remove-cartitem-from-cart/
IP: 127.0.0.1 | Exception: Authentication credentials were not provided. | View: <apps.orders.api.v1.views.cart.CartViewSet object at 0x000001F64C4160C0> | Method: GET | Path: /api/v1/carts/get-cart/
Traceback (most recent call last):
  File "E:\Training\next_js_task\Django_REST\Food_Delivery_System_Task\food_delivery_system_backend\env_task\Lib\site-packages\rest_framework\views.py", line 503, in dispatch
    self.initial(request, *args, **kwargs)
  File "E:\Training\next_js_task\Django_REST\Food_Delivery_System_Task\food_delivery_system_backend\env_task\Lib\site-packages\rest_framework\views.py", line 421, in initial
    self.check_permissions(request)
  File "E:\Training\next_js_task\Django_REST\Food_Delivery_System_Task\food_delivery_system_backend\env_task\Lib\site-packages\rest_framework\views.py", line 339, in check_permissions
    self.permission_denied(
  File "E:\Training\next_js_task\Django_REST\Food_Delivery_System_Task\food_delivery_system_backend\env_task\Lib\site-packages\rest_framework\views.py", line 180, in permission_denied
    raise exceptions.NotAuthenticated()
rest_framework.exceptions.NotAuthenticated: Authentication credentials were not provided.
Internal Server Error: /api/v1/carts/get-cart/
IP: 127.0.0.1 | Exception: Authentication credentials were not provided. | View: <apps.orders.api.v1.views.cart.CartViewSet object at 0x000001F64C34D460> | Method: GET | Path: /api/v1/carts/get-cart/
Traceback (most recent call last):
  File "E:\Training\next_js_task\Django_REST\Food_Delivery_System_Task\food_delivery_system_backend\env_task\Lib\site-packages\rest_framework\views.py", line 503, in dispatch
    self.initial(request, *args, **kwargs)
  File "E:\Training\next_js_task\Django_REST\Food_Delivery_System_Task\food_delivery_system_backend\env_task\Lib\site-packages\rest_framework\views.py", line 421, in initial
    self.check_permissions(request)
  File "E:\Training\next_js_task\Django_REST\Food_Delivery_System_Task\food_delivery_system_backend\env_task\Lib\site-packages\rest_framework\views.py", line 339, in check_permissions
    self.permission_denied(
  File "E:\Training\next_js_task\Django_REST\Food_Delivery_System_Task\food_delivery_system_backend\env_task\Lib\site-packages\rest_framework\views.py", line 180, in permission_denied
    raise exceptions.NotAuthenticated()
rest_framework.exceptions.NotAuthenticated: Authentication credentials were not provided.
Internal Server Error: /api/v1/carts/get-cart/
IP: 127.0.0.1 | Exception: Authentication credentials were not provided. | View: <apps.orders.api.v1.views.cart.CartViewSet object at 0x000001F64C3E6900> | Method: GET | Path: /api/v1/carts/get-cart/
Traceback (most recent call last):
  File "E:\Training\next_js_task\Django_REST\Food_Delivery_System_Task\food_delivery_system_backend\env_task\Lib\site-packages\rest_framework\views.py", line 503, in dispatch
    self.initial(request, *args, **kwargs)
  File "E:\Training\next_js_task\Django_REST\Food_Delivery_System_Task\food_delivery_system_backend\env_task\Lib\site-packages\rest_framework\views.py", line 421, in initial
    self.check_permissions(request)
  File "E:\Training\next_js_task\Django_REST\Food_Delivery_System_Task\food_delivery_system_backend\env_task\Lib\site-packages\rest_framework\views.py", line 339, in check_permissions
    self.permission_denied(
  File "E:\Training\next_js_task\Django_REST\Food_Delivery_System_Task\food_delivery_system_backend\env_task\Lib\site-packages\rest_framework\views.py", line 180, in permission_denied
    raise exceptions.NotAuthenticated()
rest_framework.exceptions.NotAuthenticated: Authentication credentials were not provided.
Internal Server Error: /api/v1/carts/get-cart/
IP: 127.0.0.1 | Exception: {'detail': ErrorDetail(string='Given token not valid for any token type', code='token_not_valid'), 'code': ErrorDetail(string='token_not_valid', code='token_not_valid'), 'messages': [{'token_class': ErrorDetail(string='AccessToken', code='token_not_valid'), 'token_type': ErrorDetail(string='access', code='token_not_valid'), 'message': ErrorDetail(string='Token is expired', code='token_not_valid')}]} | View: <apps.orders.api.v1.views.cart.CartViewSet object at 0x000001F64C0CC6B0> | Method: GET | Path: /api/v1/carts/get-cart/
Traceback (most recent call last):
  File "E:\Training\next_js_task\Django_REST\Food_Delivery_System_Task\food_delivery_system_backend\env_task\Lib\site-packages\rest_framework\views.py", line 503, in dispatch
    self.initial(request, *args, **kwargs)
  File "E:\Training\next_js_task\Django_REST\Food_Delivery_System_Task\food_delivery_system_backend\env_task\Lib\site-packages\rest_framework\views.py", line 420, in initial
    self.perform_authentication(request)
  File "E:\Training\next_js_task\Django_REST\Food_Delivery_System_Task\food_delivery_system_backend\env_task\Lib\site-packages\rest_framework\views.py", line 330, in perform_authentication
    request.user
  File "E:\Training\next_js_task\Django_REST\Food_Delivery_System_Task\food_delivery_system_backend\env_task\Lib\site-packages\rest_framework\request.py", line 232, in user
    self._authenticate()
  File "E:\Training\next_js_task\Django_REST\Food_Delivery_System_Task\food_delivery_system_backend\env_task\Lib\site-packages\rest_framework\request.py", line 385, in _authenticate
    user_auth_tuple = authenticator.authenticate(self)
                      ^^^^^^^^^^^^^^^^^^^^^^^^^^^^^^^^
  File "E:\Training\next_js_task\Django_REST\Food_Delivery_System_Task\food_delivery_system_backend\env_task\Lib\site-packages\rest_framework_simplejwt\authentication.py", line 49, in authenticate
    validated_token = self.get_validated_token(raw_token)
                      ^^^^^^^^^^^^^^^^^^^^^^^^^^^^^^^^^^^
  File "E:\Training\next_js_task\Django_REST\Food_Delivery_System_Task\food_delivery_system_backend\env_task\Lib\site-packages\rest_framework_simplejwt\authentication.py", line 113, in get_validated_token
    raise InvalidToken(
rest_framework_simplejwt.exceptions.InvalidToken: {'detail': ErrorDetail(string='Given token not valid for any token type', code='token_not_valid'), 'code': ErrorDetail(string='token_not_valid', code='token_not_valid'), 'messages': [{'token_class': ErrorDetail(string='AccessToken', code='token_not_valid'), 'token_type': ErrorDetail(string='access', code='token_not_valid'), 'message': ErrorDetail(string='Token is expired', code='token_not_valid')}]}
Internal Server Error: /api/v1/carts/get-cart/
IP: 127.0.0.1 | Exception: {'detail': ErrorDetail(string='Given token not valid for any token type', code='token_not_valid'), 'code': ErrorDetail(string='token_not_valid', code='token_not_valid'), 'messages': [{'token_class': ErrorDetail(string='AccessToken', code='token_not_valid'), 'token_type': ErrorDetail(string='access', code='token_not_valid'), 'message': ErrorDetail(string='Token is expired', code='token_not_valid')}]} | View: <apps.orders.api.v1.views.cart.CartViewSet object at 0x000001F64C414E30> | Method: GET | Path: /api/v1/carts/get-cart/
Traceback (most recent call last):
  File "E:\Training\next_js_task\Django_REST\Food_Delivery_System_Task\food_delivery_system_backend\env_task\Lib\site-packages\rest_framework\views.py", line 503, in dispatch
    self.initial(request, *args, **kwargs)
  File "E:\Training\next_js_task\Django_REST\Food_Delivery_System_Task\food_delivery_system_backend\env_task\Lib\site-packages\rest_framework\views.py", line 420, in initial
    self.perform_authentication(request)
  File "E:\Training\next_js_task\Django_REST\Food_Delivery_System_Task\food_delivery_system_backend\env_task\Lib\site-packages\rest_framework\views.py", line 330, in perform_authentication
    request.user
  File "E:\Training\next_js_task\Django_REST\Food_Delivery_System_Task\food_delivery_system_backend\env_task\Lib\site-packages\rest_framework\request.py", line 232, in user
    self._authenticate()
  File "E:\Training\next_js_task\Django_REST\Food_Delivery_System_Task\food_delivery_system_backend\env_task\Lib\site-packages\rest_framework\request.py", line 385, in _authenticate
    user_auth_tuple = authenticator.authenticate(self)
                      ^^^^^^^^^^^^^^^^^^^^^^^^^^^^^^^^
  File "E:\Training\next_js_task\Django_REST\Food_Delivery_System_Task\food_delivery_system_backend\env_task\Lib\site-packages\rest_framework_simplejwt\authentication.py", line 49, in authenticate
    validated_token = self.get_validated_token(raw_token)
                      ^^^^^^^^^^^^^^^^^^^^^^^^^^^^^^^^^^^
  File "E:\Training\next_js_task\Django_REST\Food_Delivery_System_Task\food_delivery_system_backend\env_task\Lib\site-packages\rest_framework_simplejwt\authentication.py", line 113, in get_validated_token
    raise InvalidToken(
rest_framework_simplejwt.exceptions.InvalidToken: {'detail': ErrorDetail(string='Given token not valid for any token type', code='token_not_valid'), 'code': ErrorDetail(string='token_not_valid', code='token_not_valid'), 'messages': [{'token_class': ErrorDetail(string='AccessToken', code='token_not_valid'), 'token_type': ErrorDetail(string='access', code='token_not_valid'), 'message': ErrorDetail(string='Token is expired', code='token_not_valid')}]}
Internal Server Error: /api/v1/carts/get-cart/
IP: 127.0.0.1 | Exception: {'detail': ErrorDetail(string='Given token not valid for any token type', code='token_not_valid'), 'code': ErrorDetail(string='token_not_valid', code='token_not_valid'), 'messages': [{'token_class': ErrorDetail(string='AccessToken', code='token_not_valid'), 'token_type': ErrorDetail(string='access', code='token_not_valid'), 'message': ErrorDetail(string='Token is expired', code='token_not_valid')}]} | View: <apps.restaurants.api.v1.views.restaurant.RestaurantProfileViewSet object at 0x000001F64C416A80> | Method: GET | Path: /api/v1/restaurants/5714c2dc-583b-4d44-985f-e5939bc3e541/
Traceback (most recent call last):
  File "E:\Training\next_js_task\Django_REST\Food_Delivery_System_Task\food_delivery_system_backend\env_task\Lib\site-packages\rest_framework\views.py", line 503, in dispatch
    self.initial(request, *args, **kwargs)
  File "E:\Training\next_js_task\Django_REST\Food_Delivery_System_Task\food_delivery_system_backend\env_task\Lib\site-packages\rest_framework\views.py", line 420, in initial
    self.perform_authentication(request)
  File "E:\Training\next_js_task\Django_REST\Food_Delivery_System_Task\food_delivery_system_backend\env_task\Lib\site-packages\rest_framework\views.py", line 330, in perform_authentication
    request.user
  File "E:\Training\next_js_task\Django_REST\Food_Delivery_System_Task\food_delivery_system_backend\env_task\Lib\site-packages\rest_framework\request.py", line 232, in user
    self._authenticate()
  File "E:\Training\next_js_task\Django_REST\Food_Delivery_System_Task\food_delivery_system_backend\env_task\Lib\site-packages\rest_framework\request.py", line 385, in _authenticate
    user_auth_tuple = authenticator.authenticate(self)
                      ^^^^^^^^^^^^^^^^^^^^^^^^^^^^^^^^
  File "E:\Training\next_js_task\Django_REST\Food_Delivery_System_Task\food_delivery_system_backend\env_task\Lib\site-packages\rest_framework_simplejwt\authentication.py", line 49, in authenticate
    validated_token = self.get_validated_token(raw_token)
                      ^^^^^^^^^^^^^^^^^^^^^^^^^^^^^^^^^^^
  File "E:\Training\next_js_task\Django_REST\Food_Delivery_System_Task\food_delivery_system_backend\env_task\Lib\site-packages\rest_framework_simplejwt\authentication.py", line 113, in get_validated_token
    raise InvalidToken(
rest_framework_simplejwt.exceptions.InvalidToken: {'detail': ErrorDetail(string='Given token not valid for any token type', code='token_not_valid'), 'code': ErrorDetail(string='token_not_valid', code='token_not_valid'), 'messages': [{'token_class': ErrorDetail(string='AccessToken', code='token_not_valid'), 'token_type': ErrorDetail(string='access', code='token_not_valid'), 'message': ErrorDetail(string='Token is expired', code='token_not_valid')}]}
Internal Server Error: /api/v1/restaurants/5714c2dc-583b-4d44-985f-e5939bc3e541/
IP: 127.0.0.1 | Exception: Authentication credentials were not provided. | View: <apps.orders.api.v1.views.cart.CartViewSet object at 0x000001F64C415580> | Method: GET | Path: /api/v1/carts/get-cart/
Traceback (most recent call last):
  File "E:\Training\next_js_task\Django_REST\Food_Delivery_System_Task\food_delivery_system_backend\env_task\Lib\site-packages\rest_framework\views.py", line 503, in dispatch
    self.initial(request, *args, **kwargs)
  File "E:\Training\next_js_task\Django_REST\Food_Delivery_System_Task\food_delivery_system_backend\env_task\Lib\site-packages\rest_framework\views.py", line 421, in initial
    self.check_permissions(request)
  File "E:\Training\next_js_task\Django_REST\Food_Delivery_System_Task\food_delivery_system_backend\env_task\Lib\site-packages\rest_framework\views.py", line 339, in check_permissions
    self.permission_denied(
  File "E:\Training\next_js_task\Django_REST\Food_Delivery_System_Task\food_delivery_system_backend\env_task\Lib\site-packages\rest_framework\views.py", line 180, in permission_denied
    raise exceptions.NotAuthenticated()
rest_framework.exceptions.NotAuthenticated: Authentication credentials were not provided.
Internal Server Error: /api/v1/carts/get-cart/
IP: 127.0.0.1 | Exception: {'detail': ErrorDetail(string='Given token not valid for any token type', code='token_not_valid'), 'code': ErrorDetail(string='token_not_valid', code='token_not_valid'), 'messages': [{'token_class': ErrorDetail(string='AccessToken', code='token_not_valid'), 'token_type': ErrorDetail(string='access', code='token_not_valid'), 'message': ErrorDetail(string='Token is expired', code='token_not_valid')}]} | View: <apps.orders.api.v1.views.cart.CartViewSet object at 0x000001F64C3E7680> | Method: GET | Path: /api/v1/carts/get-cart/
Traceback (most recent call last):
  File "E:\Training\next_js_task\Django_REST\Food_Delivery_System_Task\food_delivery_system_backend\env_task\Lib\site-packages\rest_framework\views.py", line 503, in dispatch
    self.initial(request, *args, **kwargs)
  File "E:\Training\next_js_task\Django_REST\Food_Delivery_System_Task\food_delivery_system_backend\env_task\Lib\site-packages\rest_framework\views.py", line 420, in initial
    self.perform_authentication(request)
  File "E:\Training\next_js_task\Django_REST\Food_Delivery_System_Task\food_delivery_system_backend\env_task\Lib\site-packages\rest_framework\views.py", line 330, in perform_authentication
    request.user
  File "E:\Training\next_js_task\Django_REST\Food_Delivery_System_Task\food_delivery_system_backend\env_task\Lib\site-packages\rest_framework\request.py", line 232, in user
    self._authenticate()
  File "E:\Training\next_js_task\Django_REST\Food_Delivery_System_Task\food_delivery_system_backend\env_task\Lib\site-packages\rest_framework\request.py", line 385, in _authenticate
    user_auth_tuple = authenticator.authenticate(self)
                      ^^^^^^^^^^^^^^^^^^^^^^^^^^^^^^^^
  File "E:\Training\next_js_task\Django_REST\Food_Delivery_System_Task\food_delivery_system_backend\env_task\Lib\site-packages\rest_framework_simplejwt\authentication.py", line 49, in authenticate
    validated_token = self.get_validated_token(raw_token)
                      ^^^^^^^^^^^^^^^^^^^^^^^^^^^^^^^^^^^
  File "E:\Training\next_js_task\Django_REST\Food_Delivery_System_Task\food_delivery_system_backend\env_task\Lib\site-packages\rest_framework_simplejwt\authentication.py", line 113, in get_validated_token
    raise InvalidToken(
rest_framework_simplejwt.exceptions.InvalidToken: {'detail': ErrorDetail(string='Given token not valid for any token type', code='token_not_valid'), 'code': ErrorDetail(string='token_not_valid', code='token_not_valid'), 'messages': [{'token_class': ErrorDetail(string='AccessToken', code='token_not_valid'), 'token_type': ErrorDetail(string='access', code='token_not_valid'), 'message': ErrorDetail(string='Token is expired', code='token_not_valid')}]}
Internal Server Error: /api/v1/carts/get-cart/
IP: 127.0.0.1 | Exception: {'detail': ErrorDetail(string='Given token not valid for any token type', code='token_not_valid'), 'code': ErrorDetail(string='token_not_valid', code='token_not_valid'), 'messages': [{'token_class': ErrorDetail(string='AccessToken', code='token_not_valid'), 'token_type': ErrorDetail(string='access', code='token_not_valid'), 'message': ErrorDetail(string='Token is expired', code='token_not_valid')}]} | View: <apps.orders.api.v1.views.cart.CartViewSet object at 0x000001F64C2EF080> | Method: GET | Path: /api/v1/carts/get-cart/
Traceback (most recent call last):
  File "E:\Training\next_js_task\Django_REST\Food_Delivery_System_Task\food_delivery_system_backend\env_task\Lib\site-packages\rest_framework\views.py", line 503, in dispatch
    self.initial(request, *args, **kwargs)
  File "E:\Training\next_js_task\Django_REST\Food_Delivery_System_Task\food_delivery_system_backend\env_task\Lib\site-packages\rest_framework\views.py", line 420, in initial
    self.perform_authentication(request)
  File "E:\Training\next_js_task\Django_REST\Food_Delivery_System_Task\food_delivery_system_backend\env_task\Lib\site-packages\rest_framework\views.py", line 330, in perform_authentication
    request.user
  File "E:\Training\next_js_task\Django_REST\Food_Delivery_System_Task\food_delivery_system_backend\env_task\Lib\site-packages\rest_framework\request.py", line 232, in user
    self._authenticate()
  File "E:\Training\next_js_task\Django_REST\Food_Delivery_System_Task\food_delivery_system_backend\env_task\Lib\site-packages\rest_framework\request.py", line 385, in _authenticate
    user_auth_tuple = authenticator.authenticate(self)
                      ^^^^^^^^^^^^^^^^^^^^^^^^^^^^^^^^
  File "E:\Training\next_js_task\Django_REST\Food_Delivery_System_Task\food_delivery_system_backend\env_task\Lib\site-packages\rest_framework_simplejwt\authentication.py", line 49, in authenticate
    validated_token = self.get_validated_token(raw_token)
                      ^^^^^^^^^^^^^^^^^^^^^^^^^^^^^^^^^^^
  File "E:\Training\next_js_task\Django_REST\Food_Delivery_System_Task\food_delivery_system_backend\env_task\Lib\site-packages\rest_framework_simplejwt\authentication.py", line 113, in get_validated_token
    raise InvalidToken(
rest_framework_simplejwt.exceptions.InvalidToken: {'detail': ErrorDetail(string='Given token not valid for any token type', code='token_not_valid'), 'code': ErrorDetail(string='token_not_valid', code='token_not_valid'), 'messages': [{'token_class': ErrorDetail(string='AccessToken', code='token_not_valid'), 'token_type': ErrorDetail(string='access', code='token_not_valid'), 'message': ErrorDetail(string='Token is expired', code='token_not_valid')}]}
Internal Server Error: /api/v1/carts/get-cart/
IP: 127.0.0.1 | Exception: Authentication credentials were not provided. | View: <apps.orders.api.v1.views.cart.CartViewSet object at 0x000001F64C3E7290> | Method: GET | Path: /api/v1/carts/get-cart/
Traceback (most recent call last):
  File "E:\Training\next_js_task\Django_REST\Food_Delivery_System_Task\food_delivery_system_backend\env_task\Lib\site-packages\rest_framework\views.py", line 503, in dispatch
    self.initial(request, *args, **kwargs)
  File "E:\Training\next_js_task\Django_REST\Food_Delivery_System_Task\food_delivery_system_backend\env_task\Lib\site-packages\rest_framework\views.py", line 421, in initial
    self.check_permissions(request)
  File "E:\Training\next_js_task\Django_REST\Food_Delivery_System_Task\food_delivery_system_backend\env_task\Lib\site-packages\rest_framework\views.py", line 339, in check_permissions
    self.permission_denied(
  File "E:\Training\next_js_task\Django_REST\Food_Delivery_System_Task\food_delivery_system_backend\env_task\Lib\site-packages\rest_framework\views.py", line 180, in permission_denied
    raise exceptions.NotAuthenticated()
rest_framework.exceptions.NotAuthenticated: Authentication credentials were not provided.
Internal Server Error: /api/v1/carts/get-cart/
IP: 127.0.0.1 | Exception: {'detail': ErrorDetail(string='Given token not valid for any token type', code='token_not_valid'), 'code': ErrorDetail(string='token_not_valid', code='token_not_valid'), 'messages': [{'token_class': ErrorDetail(string='AccessToken', code='token_not_valid'), 'token_type': ErrorDetail(string='access', code='token_not_valid'), 'message': ErrorDetail(string='Token is expired', code='token_not_valid')}]} | View: <apps.orders.api.v1.views.cart.CartViewSet object at 0x000001F64C415130> | Method: GET | Path: /api/v1/carts/get-cart/
Traceback (most recent call last):
  File "E:\Training\next_js_task\Django_REST\Food_Delivery_System_Task\food_delivery_system_backend\env_task\Lib\site-packages\rest_framework\views.py", line 503, in dispatch
    self.initial(request, *args, **kwargs)
  File "E:\Training\next_js_task\Django_REST\Food_Delivery_System_Task\food_delivery_system_backend\env_task\Lib\site-packages\rest_framework\views.py", line 420, in initial
    self.perform_authentication(request)
  File "E:\Training\next_js_task\Django_REST\Food_Delivery_System_Task\food_delivery_system_backend\env_task\Lib\site-packages\rest_framework\views.py", line 330, in perform_authentication
    request.user
  File "E:\Training\next_js_task\Django_REST\Food_Delivery_System_Task\food_delivery_system_backend\env_task\Lib\site-packages\rest_framework\request.py", line 232, in user
    self._authenticate()
  File "E:\Training\next_js_task\Django_REST\Food_Delivery_System_Task\food_delivery_system_backend\env_task\Lib\site-packages\rest_framework\request.py", line 385, in _authenticate
    user_auth_tuple = authenticator.authenticate(self)
                      ^^^^^^^^^^^^^^^^^^^^^^^^^^^^^^^^
  File "E:\Training\next_js_task\Django_REST\Food_Delivery_System_Task\food_delivery_system_backend\env_task\Lib\site-packages\rest_framework_simplejwt\authentication.py", line 49, in authenticate
    validated_token = self.get_validated_token(raw_token)
                      ^^^^^^^^^^^^^^^^^^^^^^^^^^^^^^^^^^^
  File "E:\Training\next_js_task\Django_REST\Food_Delivery_System_Task\food_delivery_system_backend\env_task\Lib\site-packages\rest_framework_simplejwt\authentication.py", line 113, in get_validated_token
    raise InvalidToken(
rest_framework_simplejwt.exceptions.InvalidToken: {'detail': ErrorDetail(string='Given token not valid for any token type', code='token_not_valid'), 'code': ErrorDetail(string='token_not_valid', code='token_not_valid'), 'messages': [{'token_class': ErrorDetail(string='AccessToken', code='token_not_valid'), 'token_type': ErrorDetail(string='access', code='token_not_valid'), 'message': ErrorDetail(string='Token is expired', code='token_not_valid')}]}
Internal Server Error: /api/v1/carts/get-cart/
IP: 127.0.0.1 | Exception: {'detail': ErrorDetail(string='Given token not valid for any token type', code='token_not_valid'), 'code': ErrorDetail(string='token_not_valid', code='token_not_valid'), 'messages': [{'token_class': ErrorDetail(string='AccessToken', code='token_not_valid'), 'token_type': ErrorDetail(string='access', code='token_not_valid'), 'message': ErrorDetail(string='Token is expired', code='token_not_valid')}]} | View: <apps.orders.api.v1.views.cart.CartViewSet object at 0x000001F64C415760> | Method: GET | Path: /api/v1/carts/get-cart/
Traceback (most recent call last):
  File "E:\Training\next_js_task\Django_REST\Food_Delivery_System_Task\food_delivery_system_backend\env_task\Lib\site-packages\rest_framework\views.py", line 503, in dispatch
    self.initial(request, *args, **kwargs)
  File "E:\Training\next_js_task\Django_REST\Food_Delivery_System_Task\food_delivery_system_backend\env_task\Lib\site-packages\rest_framework\views.py", line 420, in initial
    self.perform_authentication(request)
  File "E:\Training\next_js_task\Django_REST\Food_Delivery_System_Task\food_delivery_system_backend\env_task\Lib\site-packages\rest_framework\views.py", line 330, in perform_authentication
    request.user
  File "E:\Training\next_js_task\Django_REST\Food_Delivery_System_Task\food_delivery_system_backend\env_task\Lib\site-packages\rest_framework\request.py", line 232, in user
    self._authenticate()
  File "E:\Training\next_js_task\Django_REST\Food_Delivery_System_Task\food_delivery_system_backend\env_task\Lib\site-packages\rest_framework\request.py", line 385, in _authenticate
    user_auth_tuple = authenticator.authenticate(self)
                      ^^^^^^^^^^^^^^^^^^^^^^^^^^^^^^^^
  File "E:\Training\next_js_task\Django_REST\Food_Delivery_System_Task\food_delivery_system_backend\env_task\Lib\site-packages\rest_framework_simplejwt\authentication.py", line 49, in authenticate
    validated_token = self.get_validated_token(raw_token)
                      ^^^^^^^^^^^^^^^^^^^^^^^^^^^^^^^^^^^
  File "E:\Training\next_js_task\Django_REST\Food_Delivery_System_Task\food_delivery_system_backend\env_task\Lib\site-packages\rest_framework_simplejwt\authentication.py", line 113, in get_validated_token
    raise InvalidToken(
rest_framework_simplejwt.exceptions.InvalidToken: {'detail': ErrorDetail(string='Given token not valid for any token type', code='token_not_valid'), 'code': ErrorDetail(string='token_not_valid', code='token_not_valid'), 'messages': [{'token_class': ErrorDetail(string='AccessToken', code='token_not_valid'), 'token_type': ErrorDetail(string='access', code='token_not_valid'), 'message': ErrorDetail(string='Token is expired', code='token_not_valid')}]}
Internal Server Error: /api/v1/carts/get-cart/
IP: 127.0.0.1 | Exception: {'detail': ErrorDetail(string='Given token not valid for any token type', code='token_not_valid'), 'code': ErrorDetail(string='token_not_valid', code='token_not_valid'), 'messages': [{'token_class': ErrorDetail(string='AccessToken', code='token_not_valid'), 'token_type': ErrorDetail(string='access', code='token_not_valid'), 'message': ErrorDetail(string='Token is expired', code='token_not_valid')}]} | View: <apps.restaurants.api.v1.views.restaurant.RestaurantProfileViewSet object at 0x000001F64C414AA0> | Method: GET | Path: /api/v1/restaurants/5714c2dc-583b-4d44-985f-e5939bc3e541/
Traceback (most recent call last):
  File "E:\Training\next_js_task\Django_REST\Food_Delivery_System_Task\food_delivery_system_backend\env_task\Lib\site-packages\rest_framework\views.py", line 503, in dispatch
    self.initial(request, *args, **kwargs)
  File "E:\Training\next_js_task\Django_REST\Food_Delivery_System_Task\food_delivery_system_backend\env_task\Lib\site-packages\rest_framework\views.py", line 420, in initial
    self.perform_authentication(request)
  File "E:\Training\next_js_task\Django_REST\Food_Delivery_System_Task\food_delivery_system_backend\env_task\Lib\site-packages\rest_framework\views.py", line 330, in perform_authentication
    request.user
  File "E:\Training\next_js_task\Django_REST\Food_Delivery_System_Task\food_delivery_system_backend\env_task\Lib\site-packages\rest_framework\request.py", line 232, in user
    self._authenticate()
  File "E:\Training\next_js_task\Django_REST\Food_Delivery_System_Task\food_delivery_system_backend\env_task\Lib\site-packages\rest_framework\request.py", line 385, in _authenticate
    user_auth_tuple = authenticator.authenticate(self)
                      ^^^^^^^^^^^^^^^^^^^^^^^^^^^^^^^^
  File "E:\Training\next_js_task\Django_REST\Food_Delivery_System_Task\food_delivery_system_backend\env_task\Lib\site-packages\rest_framework_simplejwt\authentication.py", line 49, in authenticate
    validated_token = self.get_validated_token(raw_token)
                      ^^^^^^^^^^^^^^^^^^^^^^^^^^^^^^^^^^^
  File "E:\Training\next_js_task\Django_REST\Food_Delivery_System_Task\food_delivery_system_backend\env_task\Lib\site-packages\rest_framework_simplejwt\authentication.py", line 113, in get_validated_token
    raise InvalidToken(
rest_framework_simplejwt.exceptions.InvalidToken: {'detail': ErrorDetail(string='Given token not valid for any token type', code='token_not_valid'), 'code': ErrorDetail(string='token_not_valid', code='token_not_valid'), 'messages': [{'token_class': ErrorDetail(string='AccessToken', code='token_not_valid'), 'token_type': ErrorDetail(string='access', code='token_not_valid'), 'message': ErrorDetail(string='Token is expired', code='token_not_valid')}]}
Internal Server Error: /api/v1/restaurants/5714c2dc-583b-4d44-985f-e5939bc3e541/
IP: 127.0.0.1 | Exception: Authentication credentials were not provided. | View: <apps.orders.api.v1.views.cart.CartViewSet object at 0x000001F64C417F20> | Method: GET | Path: /api/v1/carts/get-cart/
Traceback (most recent call last):
  File "E:\Training\next_js_task\Django_REST\Food_Delivery_System_Task\food_delivery_system_backend\env_task\Lib\site-packages\rest_framework\views.py", line 503, in dispatch
    self.initial(request, *args, **kwargs)
  File "E:\Training\next_js_task\Django_REST\Food_Delivery_System_Task\food_delivery_system_backend\env_task\Lib\site-packages\rest_framework\views.py", line 421, in initial
    self.check_permissions(request)
  File "E:\Training\next_js_task\Django_REST\Food_Delivery_System_Task\food_delivery_system_backend\env_task\Lib\site-packages\rest_framework\views.py", line 339, in check_permissions
    self.permission_denied(
  File "E:\Training\next_js_task\Django_REST\Food_Delivery_System_Task\food_delivery_system_backend\env_task\Lib\site-packages\rest_framework\views.py", line 180, in permission_denied
    raise exceptions.NotAuthenticated()
rest_framework.exceptions.NotAuthenticated: Authentication credentials were not provided.
Internal Server Error: /api/v1/carts/get-cart/
IP: 127.0.0.1 | Exception: {'detail': ErrorDetail(string='Given token not valid for any token type', code='token_not_valid'), 'code': ErrorDetail(string='token_not_valid', code='token_not_valid'), 'messages': [{'token_class': ErrorDetail(string='AccessToken', code='token_not_valid'), 'token_type': ErrorDetail(string='access', code='token_not_valid'), 'message': ErrorDetail(string='Token is expired', code='token_not_valid')}]} | View: <apps.orders.api.v1.views.cart.CartViewSet object at 0x000001F64C410DA0> | Method: GET | Path: /api/v1/carts/get-cart/
Traceback (most recent call last):
  File "E:\Training\next_js_task\Django_REST\Food_Delivery_System_Task\food_delivery_system_backend\env_task\Lib\site-packages\rest_framework\views.py", line 503, in dispatch
    self.initial(request, *args, **kwargs)
  File "E:\Training\next_js_task\Django_REST\Food_Delivery_System_Task\food_delivery_system_backend\env_task\Lib\site-packages\rest_framework\views.py", line 420, in initial
    self.perform_authentication(request)
  File "E:\Training\next_js_task\Django_REST\Food_Delivery_System_Task\food_delivery_system_backend\env_task\Lib\site-packages\rest_framework\views.py", line 330, in perform_authentication
    request.user
  File "E:\Training\next_js_task\Django_REST\Food_Delivery_System_Task\food_delivery_system_backend\env_task\Lib\site-packages\rest_framework\request.py", line 232, in user
    self._authenticate()
  File "E:\Training\next_js_task\Django_REST\Food_Delivery_System_Task\food_delivery_system_backend\env_task\Lib\site-packages\rest_framework\request.py", line 385, in _authenticate
    user_auth_tuple = authenticator.authenticate(self)
                      ^^^^^^^^^^^^^^^^^^^^^^^^^^^^^^^^
  File "E:\Training\next_js_task\Django_REST\Food_Delivery_System_Task\food_delivery_system_backend\env_task\Lib\site-packages\rest_framework_simplejwt\authentication.py", line 49, in authenticate
    validated_token = self.get_validated_token(raw_token)
                      ^^^^^^^^^^^^^^^^^^^^^^^^^^^^^^^^^^^
  File "E:\Training\next_js_task\Django_REST\Food_Delivery_System_Task\food_delivery_system_backend\env_task\Lib\site-packages\rest_framework_simplejwt\authentication.py", line 113, in get_validated_token
    raise InvalidToken(
rest_framework_simplejwt.exceptions.InvalidToken: {'detail': ErrorDetail(string='Given token not valid for any token type', code='token_not_valid'), 'code': ErrorDetail(string='token_not_valid', code='token_not_valid'), 'messages': [{'token_class': ErrorDetail(string='AccessToken', code='token_not_valid'), 'token_type': ErrorDetail(string='access', code='token_not_valid'), 'message': ErrorDetail(string='Token is expired', code='token_not_valid')}]}
Internal Server Error: /api/v1/carts/get-cart/
IP: 127.0.0.1 | Exception: {'detail': ErrorDetail(string='Given token not valid for any token type', code='token_not_valid'), 'code': ErrorDetail(string='token_not_valid', code='token_not_valid'), 'messages': [{'token_class': ErrorDetail(string='AccessToken', code='token_not_valid'), 'token_type': ErrorDetail(string='access', code='token_not_valid'), 'message': ErrorDetail(string='Token is expired', code='token_not_valid')}]} | View: <apps.orders.api.v1.views.cart.CartViewSet object at 0x000001F64C4152B0> | Method: GET | Path: /api/v1/carts/get-cart/
Traceback (most recent call last):
  File "E:\Training\next_js_task\Django_REST\Food_Delivery_System_Task\food_delivery_system_backend\env_task\Lib\site-packages\rest_framework\views.py", line 503, in dispatch
    self.initial(request, *args, **kwargs)
  File "E:\Training\next_js_task\Django_REST\Food_Delivery_System_Task\food_delivery_system_backend\env_task\Lib\site-packages\rest_framework\views.py", line 420, in initial
    self.perform_authentication(request)
  File "E:\Training\next_js_task\Django_REST\Food_Delivery_System_Task\food_delivery_system_backend\env_task\Lib\site-packages\rest_framework\views.py", line 330, in perform_authentication
    request.user
  File "E:\Training\next_js_task\Django_REST\Food_Delivery_System_Task\food_delivery_system_backend\env_task\Lib\site-packages\rest_framework\request.py", line 232, in user
    self._authenticate()
  File "E:\Training\next_js_task\Django_REST\Food_Delivery_System_Task\food_delivery_system_backend\env_task\Lib\site-packages\rest_framework\request.py", line 385, in _authenticate
    user_auth_tuple = authenticator.authenticate(self)
                      ^^^^^^^^^^^^^^^^^^^^^^^^^^^^^^^^
  File "E:\Training\next_js_task\Django_REST\Food_Delivery_System_Task\food_delivery_system_backend\env_task\Lib\site-packages\rest_framework_simplejwt\authentication.py", line 49, in authenticate
    validated_token = self.get_validated_token(raw_token)
                      ^^^^^^^^^^^^^^^^^^^^^^^^^^^^^^^^^^^
  File "E:\Training\next_js_task\Django_REST\Food_Delivery_System_Task\food_delivery_system_backend\env_task\Lib\site-packages\rest_framework_simplejwt\authentication.py", line 113, in get_validated_token
    raise InvalidToken(
rest_framework_simplejwt.exceptions.InvalidToken: {'detail': ErrorDetail(string='Given token not valid for any token type', code='token_not_valid'), 'code': ErrorDetail(string='token_not_valid', code='token_not_valid'), 'messages': [{'token_class': ErrorDetail(string='AccessToken', code='token_not_valid'), 'token_type': ErrorDetail(string='access', code='token_not_valid'), 'message': ErrorDetail(string='Token is expired', code='token_not_valid')}]}
Internal Server Error: /api/v1/carts/get-cart/
IP: 127.0.0.1 | Exception: Authentication credentials were not provided. | View: <apps.orders.api.v1.views.cart.CartViewSet object at 0x000001F64C45C350> | Method: GET | Path: /api/v1/carts/get-cart/
Traceback (most recent call last):
  File "E:\Training\next_js_task\Django_REST\Food_Delivery_System_Task\food_delivery_system_backend\env_task\Lib\site-packages\rest_framework\views.py", line 503, in dispatch
    self.initial(request, *args, **kwargs)
  File "E:\Training\next_js_task\Django_REST\Food_Delivery_System_Task\food_delivery_system_backend\env_task\Lib\site-packages\rest_framework\views.py", line 421, in initial
    self.check_permissions(request)
  File "E:\Training\next_js_task\Django_REST\Food_Delivery_System_Task\food_delivery_system_backend\env_task\Lib\site-packages\rest_framework\views.py", line 339, in check_permissions
    self.permission_denied(
  File "E:\Training\next_js_task\Django_REST\Food_Delivery_System_Task\food_delivery_system_backend\env_task\Lib\site-packages\rest_framework\views.py", line 180, in permission_denied
    raise exceptions.NotAuthenticated()
rest_framework.exceptions.NotAuthenticated: Authentication credentials were not provided.
Internal Server Error: /api/v1/carts/get-cart/
IP: 127.0.0.1 | Exception: ORDER_ITEM_DOES_NOT_EXISTS | View: <apps.orders.api.v1.views.cart.CartViewSet object at 0x000001F64C2BFFB0> | Method: POST | Path: /api/v1/carts/remove-from-cart/
Traceback (most recent call last):
  File "E:\Training\next_js_task\Django_REST\Food_Delivery_System_Task\food_delivery_system_backend\env_task\Lib\site-packages\rest_framework\views.py", line 512, in dispatch
    response = handler(request, *args, **kwargs)
               ^^^^^^^^^^^^^^^^^^^^^^^^^^^^^^^^^
  File "E:\Training\next_js_task\Django_REST\Food_Delivery_System_Task\food_delivery_system_backend\apps\orders\api\v1\views\cart.py", line 222, in remove_from_cart
    data = service.remove_order_item_from_cart()
           ^^^^^^^^^^^^^^^^^^^^^^^^^^^^^^^^^^^^^
  File "E:\Training\next_js_task\Django_REST\Food_Delivery_System_Task\food_delivery_system_backend\apps\orders\services\cart_service.py", line 87, in remove_order_item_from_cart
    raise DomainError(ErrorCodes.ORDER_ITEM_DOES_NOT_EXISTS)
apps.common.api.exceptions.DomainError: ORDER_ITEM_DOES_NOT_EXISTS
Bad Request: /api/v1/carts/remove-from-cart/
IP: 127.0.0.1 | Exception: Authentication credentials were not provided. | View: <apps.orders.api.v1.views.cart.CartViewSet object at 0x000001F64C28FA70> | Method: GET | Path: /api/v1/carts/get-cart/
Traceback (most recent call last):
  File "E:\Training\next_js_task\Django_REST\Food_Delivery_System_Task\food_delivery_system_backend\env_task\Lib\site-packages\rest_framework\views.py", line 503, in dispatch
    self.initial(request, *args, **kwargs)
  File "E:\Training\next_js_task\Django_REST\Food_Delivery_System_Task\food_delivery_system_backend\env_task\Lib\site-packages\rest_framework\views.py", line 421, in initial
    self.check_permissions(request)
  File "E:\Training\next_js_task\Django_REST\Food_Delivery_System_Task\food_delivery_system_backend\env_task\Lib\site-packages\rest_framework\views.py", line 339, in check_permissions
    self.permission_denied(
  File "E:\Training\next_js_task\Django_REST\Food_Delivery_System_Task\food_delivery_system_backend\env_task\Lib\site-packages\rest_framework\views.py", line 180, in permission_denied
    raise exceptions.NotAuthenticated()
rest_framework.exceptions.NotAuthenticated: Authentication credentials were not provided.
Internal Server Error: /api/v1/carts/get-cart/
IP: 127.0.0.1 | Exception: Authentication credentials were not provided. | View: <apps.orders.api.v1.views.cart.CartViewSet object at 0x000001F64C34C9B0> | Method: GET | Path: /api/v1/carts/get-cart/
Traceback (most recent call last):
  File "E:\Training\next_js_task\Django_REST\Food_Delivery_System_Task\food_delivery_system_backend\env_task\Lib\site-packages\rest_framework\views.py", line 503, in dispatch
    self.initial(request, *args, **kwargs)
  File "E:\Training\next_js_task\Django_REST\Food_Delivery_System_Task\food_delivery_system_backend\env_task\Lib\site-packages\rest_framework\views.py", line 421, in initial
    self.check_permissions(request)
  File "E:\Training\next_js_task\Django_REST\Food_Delivery_System_Task\food_delivery_system_backend\env_task\Lib\site-packages\rest_framework\views.py", line 339, in check_permissions
    self.permission_denied(
  File "E:\Training\next_js_task\Django_REST\Food_Delivery_System_Task\food_delivery_system_backend\env_task\Lib\site-packages\rest_framework\views.py", line 180, in permission_denied
    raise exceptions.NotAuthenticated()
rest_framework.exceptions.NotAuthenticated: Authentication credentials were not provided.
Internal Server Error: /api/v1/carts/get-cart/
IP: 127.0.0.1 | Exception: {'detail': ErrorDetail(string='Given token not valid for any token type', code='token_not_valid'), 'code': ErrorDetail(string='token_not_valid', code='token_not_valid'), 'messages': [{'token_class': ErrorDetail(string='AccessToken', code='token_not_valid'), 'token_type': ErrorDetail(string='access', code='token_not_valid'), 'message': ErrorDetail(string='Token is expired', code='token_not_valid')}]} | View: <apps.orders.api.v1.views.cart.CartViewSet object at 0x000001F64C4B9970> | Method: GET | Path: /api/v1/carts/get-cart/
Traceback (most recent call last):
  File "E:\Training\next_js_task\Django_REST\Food_Delivery_System_Task\food_delivery_system_backend\env_task\Lib\site-packages\rest_framework\views.py", line 503, in dispatch
    self.initial(request, *args, **kwargs)
  File "E:\Training\next_js_task\Django_REST\Food_Delivery_System_Task\food_delivery_system_backend\env_task\Lib\site-packages\rest_framework\views.py", line 420, in initial
    self.perform_authentication(request)
  File "E:\Training\next_js_task\Django_REST\Food_Delivery_System_Task\food_delivery_system_backend\env_task\Lib\site-packages\rest_framework\views.py", line 330, in perform_authentication
    request.user
  File "E:\Training\next_js_task\Django_REST\Food_Delivery_System_Task\food_delivery_system_backend\env_task\Lib\site-packages\rest_framework\request.py", line 232, in user
    self._authenticate()
  File "E:\Training\next_js_task\Django_REST\Food_Delivery_System_Task\food_delivery_system_backend\env_task\Lib\site-packages\rest_framework\request.py", line 385, in _authenticate
    user_auth_tuple = authenticator.authenticate(self)
                      ^^^^^^^^^^^^^^^^^^^^^^^^^^^^^^^^
  File "E:\Training\next_js_task\Django_REST\Food_Delivery_System_Task\food_delivery_system_backend\env_task\Lib\site-packages\rest_framework_simplejwt\authentication.py", line 49, in authenticate
    validated_token = self.get_validated_token(raw_token)
                      ^^^^^^^^^^^^^^^^^^^^^^^^^^^^^^^^^^^
  File "E:\Training\next_js_task\Django_REST\Food_Delivery_System_Task\food_delivery_system_backend\env_task\Lib\site-packages\rest_framework_simplejwt\authentication.py", line 113, in get_validated_token
    raise InvalidToken(
rest_framework_simplejwt.exceptions.InvalidToken: {'detail': ErrorDetail(string='Given token not valid for any token type', code='token_not_valid'), 'code': ErrorDetail(string='token_not_valid', code='token_not_valid'), 'messages': [{'token_class': ErrorDetail(string='AccessToken', code='token_not_valid'), 'token_type': ErrorDetail(string='access', code='token_not_valid'), 'message': ErrorDetail(string='Token is expired', code='token_not_valid')}]}
Internal Server Error: /api/v1/carts/get-cart/
IP: 127.0.0.1 | Exception: {'detail': ErrorDetail(string='Given token not valid for any token type', code='token_not_valid'), 'code': ErrorDetail(string='token_not_valid', code='token_not_valid'), 'messages': [{'token_class': ErrorDetail(string='AccessToken', code='token_not_valid'), 'token_type': ErrorDetail(string='access', code='token_not_valid'), 'message': ErrorDetail(string='Token is expired', code='token_not_valid')}]} | View: <apps.orders.api.v1.views.cart.CartViewSet object at 0x000001F64C4DB890> | Method: GET | Path: /api/v1/carts/get-cart/
Traceback (most recent call last):
  File "E:\Training\next_js_task\Django_REST\Food_Delivery_System_Task\food_delivery_system_backend\env_task\Lib\site-packages\rest_framework\views.py", line 503, in dispatch
    self.initial(request, *args, **kwargs)
  File "E:\Training\next_js_task\Django_REST\Food_Delivery_System_Task\food_delivery_system_backend\env_task\Lib\site-packages\rest_framework\views.py", line 420, in initial
    self.perform_authentication(request)
  File "E:\Training\next_js_task\Django_REST\Food_Delivery_System_Task\food_delivery_system_backend\env_task\Lib\site-packages\rest_framework\views.py", line 330, in perform_authentication
    request.user
  File "E:\Training\next_js_task\Django_REST\Food_Delivery_System_Task\food_delivery_system_backend\env_task\Lib\site-packages\rest_framework\request.py", line 232, in user
    self._authenticate()
  File "E:\Training\next_js_task\Django_REST\Food_Delivery_System_Task\food_delivery_system_backend\env_task\Lib\site-packages\rest_framework\request.py", line 385, in _authenticate
    user_auth_tuple = authenticator.authenticate(self)
                      ^^^^^^^^^^^^^^^^^^^^^^^^^^^^^^^^
  File "E:\Training\next_js_task\Django_REST\Food_Delivery_System_Task\food_delivery_system_backend\env_task\Lib\site-packages\rest_framework_simplejwt\authentication.py", line 49, in authenticate
    validated_token = self.get_validated_token(raw_token)
                      ^^^^^^^^^^^^^^^^^^^^^^^^^^^^^^^^^^^
  File "E:\Training\next_js_task\Django_REST\Food_Delivery_System_Task\food_delivery_system_backend\env_task\Lib\site-packages\rest_framework_simplejwt\authentication.py", line 113, in get_validated_token
    raise InvalidToken(
rest_framework_simplejwt.exceptions.InvalidToken: {'detail': ErrorDetail(string='Given token not valid for any token type', code='token_not_valid'), 'code': ErrorDetail(string='token_not_valid', code='token_not_valid'), 'messages': [{'token_class': ErrorDetail(string='AccessToken', code='token_not_valid'), 'token_type': ErrorDetail(string='access', code='token_not_valid'), 'message': ErrorDetail(string='Token is expired', code='token_not_valid')}]}
Internal Server Error: /api/v1/carts/get-cart/
IP: 127.0.0.1 | Exception: {'detail': ErrorDetail(string='Given token not valid for any token type', code='token_not_valid'), 'code': ErrorDetail(string='token_not_valid', code='token_not_valid'), 'messages': [{'token_class': ErrorDetail(string='AccessToken', code='token_not_valid'), 'token_type': ErrorDetail(string='access', code='token_not_valid'), 'message': ErrorDetail(string='Token is expired', code='token_not_valid')}]} | View: <apps.orders.api.v1.views.cart.CartViewSet object at 0x000001F64C4FD1F0> | Method: GET | Path: /api/v1/carts/get-cart/
Traceback (most recent call last):
  File "E:\Training\next_js_task\Django_REST\Food_Delivery_System_Task\food_delivery_system_backend\env_task\Lib\site-packages\rest_framework\views.py", line 503, in dispatch
    self.initial(request, *args, **kwargs)
  File "E:\Training\next_js_task\Django_REST\Food_Delivery_System_Task\food_delivery_system_backend\env_task\Lib\site-packages\rest_framework\views.py", line 420, in initial
    self.perform_authentication(request)
  File "E:\Training\next_js_task\Django_REST\Food_Delivery_System_Task\food_delivery_system_backend\env_task\Lib\site-packages\rest_framework\views.py", line 330, in perform_authentication
    request.user
  File "E:\Training\next_js_task\Django_REST\Food_Delivery_System_Task\food_delivery_system_backend\env_task\Lib\site-packages\rest_framework\request.py", line 232, in user
    self._authenticate()
  File "E:\Training\next_js_task\Django_REST\Food_Delivery_System_Task\food_delivery_system_backend\env_task\Lib\site-packages\rest_framework\request.py", line 385, in _authenticate
    user_auth_tuple = authenticator.authenticate(self)
                      ^^^^^^^^^^^^^^^^^^^^^^^^^^^^^^^^
  File "E:\Training\next_js_task\Django_REST\Food_Delivery_System_Task\food_delivery_system_backend\env_task\Lib\site-packages\rest_framework_simplejwt\authentication.py", line 49, in authenticate
    validated_token = self.get_validated_token(raw_token)
                      ^^^^^^^^^^^^^^^^^^^^^^^^^^^^^^^^^^^
  File "E:\Training\next_js_task\Django_REST\Food_Delivery_System_Task\food_delivery_system_backend\env_task\Lib\site-packages\rest_framework_simplejwt\authentication.py", line 113, in get_validated_token
    raise InvalidToken(
rest_framework_simplejwt.exceptions.InvalidToken: {'detail': ErrorDetail(string='Given token not valid for any token type', code='token_not_valid'), 'code': ErrorDetail(string='token_not_valid', code='token_not_valid'), 'messages': [{'token_class': ErrorDetail(string='AccessToken', code='token_not_valid'), 'token_type': ErrorDetail(string='access', code='token_not_valid'), 'message': ErrorDetail(string='Token is expired', code='token_not_valid')}]}
Internal Server Error: /api/v1/carts/get-cart/
IP: 127.0.0.1 | Exception: {'detail': ErrorDetail(string='Given token not valid for any token type', code='token_not_valid'), 'code': ErrorDetail(string='token_not_valid', code='token_not_valid'), 'messages': [{'token_class': ErrorDetail(string='AccessToken', code='token_not_valid'), 'token_type': ErrorDetail(string='access', code='token_not_valid'), 'message': ErrorDetail(string='Token is expired', code='token_not_valid')}]} | View: <apps.orders.api.v1.views.cart.CartViewSet object at 0x000001F64C4FD850> | Method: GET | Path: /api/v1/carts/get-cart/
Traceback (most recent call last):
  File "E:\Training\next_js_task\Django_REST\Food_Delivery_System_Task\food_delivery_system_backend\env_task\Lib\site-packages\rest_framework\views.py", line 503, in dispatch
    self.initial(request, *args, **kwargs)
  File "E:\Training\next_js_task\Django_REST\Food_Delivery_System_Task\food_delivery_system_backend\env_task\Lib\site-packages\rest_framework\views.py", line 420, in initial
    self.perform_authentication(request)
  File "E:\Training\next_js_task\Django_REST\Food_Delivery_System_Task\food_delivery_system_backend\env_task\Lib\site-packages\rest_framework\views.py", line 330, in perform_authentication
    request.user
  File "E:\Training\next_js_task\Django_REST\Food_Delivery_System_Task\food_delivery_system_backend\env_task\Lib\site-packages\rest_framework\request.py", line 232, in user
    self._authenticate()
  File "E:\Training\next_js_task\Django_REST\Food_Delivery_System_Task\food_delivery_system_backend\env_task\Lib\site-packages\rest_framework\request.py", line 385, in _authenticate
    user_auth_tuple = authenticator.authenticate(self)
                      ^^^^^^^^^^^^^^^^^^^^^^^^^^^^^^^^
  File "E:\Training\next_js_task\Django_REST\Food_Delivery_System_Task\food_delivery_system_backend\env_task\Lib\site-packages\rest_framework_simplejwt\authentication.py", line 49, in authenticate
    validated_token = self.get_validated_token(raw_token)
                      ^^^^^^^^^^^^^^^^^^^^^^^^^^^^^^^^^^^
  File "E:\Training\next_js_task\Django_REST\Food_Delivery_System_Task\food_delivery_system_backend\env_task\Lib\site-packages\rest_framework_simplejwt\authentication.py", line 113, in get_validated_token
    raise InvalidToken(
rest_framework_simplejwt.exceptions.InvalidToken: {'detail': ErrorDetail(string='Given token not valid for any token type', code='token_not_valid'), 'code': ErrorDetail(string='token_not_valid', code='token_not_valid'), 'messages': [{'token_class': ErrorDetail(string='AccessToken', code='token_not_valid'), 'token_type': ErrorDetail(string='access', code='token_not_valid'), 'message': ErrorDetail(string='Token is expired', code='token_not_valid')}]}
Internal Server Error: /api/v1/carts/get-cart/
IP: 127.0.0.1 | Exception: {'detail': ErrorDetail(string='Given token not valid for any token type', code='token_not_valid'), 'code': ErrorDetail(string='token_not_valid', code='token_not_valid'), 'messages': [{'token_class': ErrorDetail(string='AccessToken', code='token_not_valid'), 'token_type': ErrorDetail(string='access', code='token_not_valid'), 'message': ErrorDetail(string='Token is expired', code='token_not_valid')}]} | View: <apps.orders.api.v1.views.cart.CartViewSet object at 0x000001F64C4D8E90> | Method: GET | Path: /api/v1/carts/get-cart/
Traceback (most recent call last):
  File "E:\Training\next_js_task\Django_REST\Food_Delivery_System_Task\food_delivery_system_backend\env_task\Lib\site-packages\rest_framework\views.py", line 503, in dispatch
    self.initial(request, *args, **kwargs)
  File "E:\Training\next_js_task\Django_REST\Food_Delivery_System_Task\food_delivery_system_backend\env_task\Lib\site-packages\rest_framework\views.py", line 420, in initial
    self.perform_authentication(request)
  File "E:\Training\next_js_task\Django_REST\Food_Delivery_System_Task\food_delivery_system_backend\env_task\Lib\site-packages\rest_framework\views.py", line 330, in perform_authentication
    request.user
  File "E:\Training\next_js_task\Django_REST\Food_Delivery_System_Task\food_delivery_system_backend\env_task\Lib\site-packages\rest_framework\request.py", line 232, in user
    self._authenticate()
  File "E:\Training\next_js_task\Django_REST\Food_Delivery_System_Task\food_delivery_system_backend\env_task\Lib\site-packages\rest_framework\request.py", line 385, in _authenticate
    user_auth_tuple = authenticator.authenticate(self)
                      ^^^^^^^^^^^^^^^^^^^^^^^^^^^^^^^^
  File "E:\Training\next_js_task\Django_REST\Food_Delivery_System_Task\food_delivery_system_backend\env_task\Lib\site-packages\rest_framework_simplejwt\authentication.py", line 49, in authenticate
    validated_token = self.get_validated_token(raw_token)
                      ^^^^^^^^^^^^^^^^^^^^^^^^^^^^^^^^^^^
  File "E:\Training\next_js_task\Django_REST\Food_Delivery_System_Task\food_delivery_system_backend\env_task\Lib\site-packages\rest_framework_simplejwt\authentication.py", line 113, in get_validated_token
    raise InvalidToken(
rest_framework_simplejwt.exceptions.InvalidToken: {'detail': ErrorDetail(string='Given token not valid for any token type', code='token_not_valid'), 'code': ErrorDetail(string='token_not_valid', code='token_not_valid'), 'messages': [{'token_class': ErrorDetail(string='AccessToken', code='token_not_valid'), 'token_type': ErrorDetail(string='access', code='token_not_valid'), 'message': ErrorDetail(string='Token is expired', code='token_not_valid')}]}
Internal Server Error: /api/v1/carts/get-cart/
IP: 127.0.0.1 | Exception: {'detail': ErrorDetail(string='Given token not valid for any token type', code='token_not_valid'), 'code': ErrorDetail(string='token_not_valid', code='token_not_valid'), 'messages': [{'token_class': ErrorDetail(string='AccessToken', code='token_not_valid'), 'token_type': ErrorDetail(string='access', code='token_not_valid'), 'message': ErrorDetail(string='Token is expired', code='token_not_valid')}]} | View: <apps.orders.api.v1.views.cart.CartViewSet object at 0x000001F64C4DB4A0> | Method: GET | Path: /api/v1/carts/get-cart/
Traceback (most recent call last):
  File "E:\Training\next_js_task\Django_REST\Food_Delivery_System_Task\food_delivery_system_backend\env_task\Lib\site-packages\rest_framework\views.py", line 503, in dispatch
    self.initial(request, *args, **kwargs)
  File "E:\Training\next_js_task\Django_REST\Food_Delivery_System_Task\food_delivery_system_backend\env_task\Lib\site-packages\rest_framework\views.py", line 420, in initial
    self.perform_authentication(request)
  File "E:\Training\next_js_task\Django_REST\Food_Delivery_System_Task\food_delivery_system_backend\env_task\Lib\site-packages\rest_framework\views.py", line 330, in perform_authentication
    request.user
  File "E:\Training\next_js_task\Django_REST\Food_Delivery_System_Task\food_delivery_system_backend\env_task\Lib\site-packages\rest_framework\request.py", line 232, in user
    self._authenticate()
  File "E:\Training\next_js_task\Django_REST\Food_Delivery_System_Task\food_delivery_system_backend\env_task\Lib\site-packages\rest_framework\request.py", line 385, in _authenticate
    user_auth_tuple = authenticator.authenticate(self)
                      ^^^^^^^^^^^^^^^^^^^^^^^^^^^^^^^^
  File "E:\Training\next_js_task\Django_REST\Food_Delivery_System_Task\food_delivery_system_backend\env_task\Lib\site-packages\rest_framework_simplejwt\authentication.py", line 49, in authenticate
    validated_token = self.get_validated_token(raw_token)
                      ^^^^^^^^^^^^^^^^^^^^^^^^^^^^^^^^^^^
  File "E:\Training\next_js_task\Django_REST\Food_Delivery_System_Task\food_delivery_system_backend\env_task\Lib\site-packages\rest_framework_simplejwt\authentication.py", line 113, in get_validated_token
    raise InvalidToken(
rest_framework_simplejwt.exceptions.InvalidToken: {'detail': ErrorDetail(string='Given token not valid for any token type', code='token_not_valid'), 'code': ErrorDetail(string='token_not_valid', code='token_not_valid'), 'messages': [{'token_class': ErrorDetail(string='AccessToken', code='token_not_valid'), 'token_type': ErrorDetail(string='access', code='token_not_valid'), 'message': ErrorDetail(string='Token is expired', code='token_not_valid')}]}
Internal Server Error: /api/v1/carts/get-cart/
IP: 127.0.0.1 | Exception: {'detail': ErrorDetail(string='Given token not valid for any token type', code='token_not_valid'), 'code': ErrorDetail(string='token_not_valid', code='token_not_valid'), 'messages': [{'token_class': ErrorDetail(string='AccessToken', code='token_not_valid'), 'token_type': ErrorDetail(string='access', code='token_not_valid'), 'message': ErrorDetail(string='Token is expired', code='token_not_valid')}]} | View: <apps.orders.api.v1.views.cart.CartViewSet object at 0x000001F64C4FDF40> | Method: GET | Path: /api/v1/carts/get-cart/
Traceback (most recent call last):
  File "E:\Training\next_js_task\Django_REST\Food_Delivery_System_Task\food_delivery_system_backend\env_task\Lib\site-packages\rest_framework\views.py", line 503, in dispatch
    self.initial(request, *args, **kwargs)
  File "E:\Training\next_js_task\Django_REST\Food_Delivery_System_Task\food_delivery_system_backend\env_task\Lib\site-packages\rest_framework\views.py", line 420, in initial
    self.perform_authentication(request)
  File "E:\Training\next_js_task\Django_REST\Food_Delivery_System_Task\food_delivery_system_backend\env_task\Lib\site-packages\rest_framework\views.py", line 330, in perform_authentication
    request.user
  File "E:\Training\next_js_task\Django_REST\Food_Delivery_System_Task\food_delivery_system_backend\env_task\Lib\site-packages\rest_framework\request.py", line 232, in user
    self._authenticate()
  File "E:\Training\next_js_task\Django_REST\Food_Delivery_System_Task\food_delivery_system_backend\env_task\Lib\site-packages\rest_framework\request.py", line 385, in _authenticate
    user_auth_tuple = authenticator.authenticate(self)
                      ^^^^^^^^^^^^^^^^^^^^^^^^^^^^^^^^
  File "E:\Training\next_js_task\Django_REST\Food_Delivery_System_Task\food_delivery_system_backend\env_task\Lib\site-packages\rest_framework_simplejwt\authentication.py", line 49, in authenticate
    validated_token = self.get_validated_token(raw_token)
                      ^^^^^^^^^^^^^^^^^^^^^^^^^^^^^^^^^^^
  File "E:\Training\next_js_task\Django_REST\Food_Delivery_System_Task\food_delivery_system_backend\env_task\Lib\site-packages\rest_framework_simplejwt\authentication.py", line 113, in get_validated_token
    raise InvalidToken(
rest_framework_simplejwt.exceptions.InvalidToken: {'detail': ErrorDetail(string='Given token not valid for any token type', code='token_not_valid'), 'code': ErrorDetail(string='token_not_valid', code='token_not_valid'), 'messages': [{'token_class': ErrorDetail(string='AccessToken', code='token_not_valid'), 'token_type': ErrorDetail(string='access', code='token_not_valid'), 'message': ErrorDetail(string='Token is expired', code='token_not_valid')}]}
Internal Server Error: /api/v1/carts/get-cart/
IP: 127.0.0.1 | Exception: {'detail': ErrorDetail(string='Given token not valid for any token type', code='token_not_valid'), 'code': ErrorDetail(string='token_not_valid', code='token_not_valid'), 'messages': [{'token_class': ErrorDetail(string='AccessToken', code='token_not_valid'), 'token_type': ErrorDetail(string='access', code='token_not_valid'), 'message': ErrorDetail(string='Token is expired', code='token_not_valid')}]} | View: <apps.orders.api.v1.views.cart.CartViewSet object at 0x000001F64C4FE570> | Method: GET | Path: /api/v1/carts/get-cart/
Traceback (most recent call last):
  File "E:\Training\next_js_task\Django_REST\Food_Delivery_System_Task\food_delivery_system_backend\env_task\Lib\site-packages\rest_framework\views.py", line 503, in dispatch
    self.initial(request, *args, **kwargs)
  File "E:\Training\next_js_task\Django_REST\Food_Delivery_System_Task\food_delivery_system_backend\env_task\Lib\site-packages\rest_framework\views.py", line 420, in initial
    self.perform_authentication(request)
  File "E:\Training\next_js_task\Django_REST\Food_Delivery_System_Task\food_delivery_system_backend\env_task\Lib\site-packages\rest_framework\views.py", line 330, in perform_authentication
    request.user
  File "E:\Training\next_js_task\Django_REST\Food_Delivery_System_Task\food_delivery_system_backend\env_task\Lib\site-packages\rest_framework\request.py", line 232, in user
    self._authenticate()
  File "E:\Training\next_js_task\Django_REST\Food_Delivery_System_Task\food_delivery_system_backend\env_task\Lib\site-packages\rest_framework\request.py", line 385, in _authenticate
    user_auth_tuple = authenticator.authenticate(self)
                      ^^^^^^^^^^^^^^^^^^^^^^^^^^^^^^^^
  File "E:\Training\next_js_task\Django_REST\Food_Delivery_System_Task\food_delivery_system_backend\env_task\Lib\site-packages\rest_framework_simplejwt\authentication.py", line 49, in authenticate
    validated_token = self.get_validated_token(raw_token)
                      ^^^^^^^^^^^^^^^^^^^^^^^^^^^^^^^^^^^
  File "E:\Training\next_js_task\Django_REST\Food_Delivery_System_Task\food_delivery_system_backend\env_task\Lib\site-packages\rest_framework_simplejwt\authentication.py", line 113, in get_validated_token
    raise InvalidToken(
rest_framework_simplejwt.exceptions.InvalidToken: {'detail': ErrorDetail(string='Given token not valid for any token type', code='token_not_valid'), 'code': ErrorDetail(string='token_not_valid', code='token_not_valid'), 'messages': [{'token_class': ErrorDetail(string='AccessToken', code='token_not_valid'), 'token_type': ErrorDetail(string='access', code='token_not_valid'), 'message': ErrorDetail(string='Token is expired', code='token_not_valid')}]}
Internal Server Error: /api/v1/carts/get-cart/
IP: 127.0.0.1 | Exception: {'detail': ErrorDetail(string='Given token not valid for any token type', code='token_not_valid'), 'code': ErrorDetail(string='token_not_valid', code='token_not_valid'), 'messages': [{'token_class': ErrorDetail(string='AccessToken', code='token_not_valid'), 'token_type': ErrorDetail(string='access', code='token_not_valid'), 'message': ErrorDetail(string='Token is expired', code='token_not_valid')}]} | View: <apps.orders.api.v1.views.cart.CartViewSet object at 0x000001F64C4FD190> | Method: GET | Path: /api/v1/carts/get-cart/
Traceback (most recent call last):
  File "E:\Training\next_js_task\Django_REST\Food_Delivery_System_Task\food_delivery_system_backend\env_task\Lib\site-packages\rest_framework\views.py", line 503, in dispatch
    self.initial(request, *args, **kwargs)
  File "E:\Training\next_js_task\Django_REST\Food_Delivery_System_Task\food_delivery_system_backend\env_task\Lib\site-packages\rest_framework\views.py", line 420, in initial
    self.perform_authentication(request)
  File "E:\Training\next_js_task\Django_REST\Food_Delivery_System_Task\food_delivery_system_backend\env_task\Lib\site-packages\rest_framework\views.py", line 330, in perform_authentication
    request.user
  File "E:\Training\next_js_task\Django_REST\Food_Delivery_System_Task\food_delivery_system_backend\env_task\Lib\site-packages\rest_framework\request.py", line 232, in user
    self._authenticate()
  File "E:\Training\next_js_task\Django_REST\Food_Delivery_System_Task\food_delivery_system_backend\env_task\Lib\site-packages\rest_framework\request.py", line 385, in _authenticate
    user_auth_tuple = authenticator.authenticate(self)
                      ^^^^^^^^^^^^^^^^^^^^^^^^^^^^^^^^
  File "E:\Training\next_js_task\Django_REST\Food_Delivery_System_Task\food_delivery_system_backend\env_task\Lib\site-packages\rest_framework_simplejwt\authentication.py", line 49, in authenticate
    validated_token = self.get_validated_token(raw_token)
                      ^^^^^^^^^^^^^^^^^^^^^^^^^^^^^^^^^^^
  File "E:\Training\next_js_task\Django_REST\Food_Delivery_System_Task\food_delivery_system_backend\env_task\Lib\site-packages\rest_framework_simplejwt\authentication.py", line 113, in get_validated_token
    raise InvalidToken(
rest_framework_simplejwt.exceptions.InvalidToken: {'detail': ErrorDetail(string='Given token not valid for any token type', code='token_not_valid'), 'code': ErrorDetail(string='token_not_valid', code='token_not_valid'), 'messages': [{'token_class': ErrorDetail(string='AccessToken', code='token_not_valid'), 'token_type': ErrorDetail(string='access', code='token_not_valid'), 'message': ErrorDetail(string='Token is expired', code='token_not_valid')}]}
Internal Server Error: /api/v1/carts/get-cart/
IP: 127.0.0.1 | Exception: {'detail': ErrorDetail(string='Given token not valid for any token type', code='token_not_valid'), 'code': ErrorDetail(string='token_not_valid', code='token_not_valid'), 'messages': [{'token_class': ErrorDetail(string='AccessToken', code='token_not_valid'), 'token_type': ErrorDetail(string='access', code='token_not_valid'), 'message': ErrorDetail(string='Token is expired', code='token_not_valid')}]} | View: <apps.orders.api.v1.views.cart.CartViewSet object at 0x000001F64C4BAAB0> | Method: GET | Path: /api/v1/carts/get-cart/
Traceback (most recent call last):
  File "E:\Training\next_js_task\Django_REST\Food_Delivery_System_Task\food_delivery_system_backend\env_task\Lib\site-packages\rest_framework\views.py", line 503, in dispatch
    self.initial(request, *args, **kwargs)
  File "E:\Training\next_js_task\Django_REST\Food_Delivery_System_Task\food_delivery_system_backend\env_task\Lib\site-packages\rest_framework\views.py", line 420, in initial
    self.perform_authentication(request)
  File "E:\Training\next_js_task\Django_REST\Food_Delivery_System_Task\food_delivery_system_backend\env_task\Lib\site-packages\rest_framework\views.py", line 330, in perform_authentication
    request.user
  File "E:\Training\next_js_task\Django_REST\Food_Delivery_System_Task\food_delivery_system_backend\env_task\Lib\site-packages\rest_framework\request.py", line 232, in user
    self._authenticate()
  File "E:\Training\next_js_task\Django_REST\Food_Delivery_System_Task\food_delivery_system_backend\env_task\Lib\site-packages\rest_framework\request.py", line 385, in _authenticate
    user_auth_tuple = authenticator.authenticate(self)
                      ^^^^^^^^^^^^^^^^^^^^^^^^^^^^^^^^
  File "E:\Training\next_js_task\Django_REST\Food_Delivery_System_Task\food_delivery_system_backend\env_task\Lib\site-packages\rest_framework_simplejwt\authentication.py", line 49, in authenticate
    validated_token = self.get_validated_token(raw_token)
                      ^^^^^^^^^^^^^^^^^^^^^^^^^^^^^^^^^^^
  File "E:\Training\next_js_task\Django_REST\Food_Delivery_System_Task\food_delivery_system_backend\env_task\Lib\site-packages\rest_framework_simplejwt\authentication.py", line 113, in get_validated_token
    raise InvalidToken(
rest_framework_simplejwt.exceptions.InvalidToken: {'detail': ErrorDetail(string='Given token not valid for any token type', code='token_not_valid'), 'code': ErrorDetail(string='token_not_valid', code='token_not_valid'), 'messages': [{'token_class': ErrorDetail(string='AccessToken', code='token_not_valid'), 'token_type': ErrorDetail(string='access', code='token_not_valid'), 'message': ErrorDetail(string='Token is expired', code='token_not_valid')}]}
Internal Server Error: /api/v1/carts/get-cart/
IP: 127.0.0.1 | Exception: {'detail': ErrorDetail(string='Given token not valid for any token type', code='token_not_valid'), 'code': ErrorDetail(string='token_not_valid', code='token_not_valid'), 'messages': [{'token_class': ErrorDetail(string='AccessToken', code='token_not_valid'), 'token_type': ErrorDetail(string='access', code='token_not_valid'), 'message': ErrorDetail(string='Token is expired', code='token_not_valid')}]} | View: <apps.orders.api.v1.views.cart.CartViewSet object at 0x000001F64C34F830> | Method: GET | Path: /api/v1/carts/get-cart/
Traceback (most recent call last):
  File "E:\Training\next_js_task\Django_REST\Food_Delivery_System_Task\food_delivery_system_backend\env_task\Lib\site-packages\rest_framework\views.py", line 503, in dispatch
    self.initial(request, *args, **kwargs)
  File "E:\Training\next_js_task\Django_REST\Food_Delivery_System_Task\food_delivery_system_backend\env_task\Lib\site-packages\rest_framework\views.py", line 420, in initial
    self.perform_authentication(request)
  File "E:\Training\next_js_task\Django_REST\Food_Delivery_System_Task\food_delivery_system_backend\env_task\Lib\site-packages\rest_framework\views.py", line 330, in perform_authentication
    request.user
  File "E:\Training\next_js_task\Django_REST\Food_Delivery_System_Task\food_delivery_system_backend\env_task\Lib\site-packages\rest_framework\request.py", line 232, in user
    self._authenticate()
  File "E:\Training\next_js_task\Django_REST\Food_Delivery_System_Task\food_delivery_system_backend\env_task\Lib\site-packages\rest_framework\request.py", line 385, in _authenticate
    user_auth_tuple = authenticator.authenticate(self)
                      ^^^^^^^^^^^^^^^^^^^^^^^^^^^^^^^^
  File "E:\Training\next_js_task\Django_REST\Food_Delivery_System_Task\food_delivery_system_backend\env_task\Lib\site-packages\rest_framework_simplejwt\authentication.py", line 49, in authenticate
    validated_token = self.get_validated_token(raw_token)
                      ^^^^^^^^^^^^^^^^^^^^^^^^^^^^^^^^^^^
  File "E:\Training\next_js_task\Django_REST\Food_Delivery_System_Task\food_delivery_system_backend\env_task\Lib\site-packages\rest_framework_simplejwt\authentication.py", line 113, in get_validated_token
    raise InvalidToken(
rest_framework_simplejwt.exceptions.InvalidToken: {'detail': ErrorDetail(string='Given token not valid for any token type', code='token_not_valid'), 'code': ErrorDetail(string='token_not_valid', code='token_not_valid'), 'messages': [{'token_class': ErrorDetail(string='AccessToken', code='token_not_valid'), 'token_type': ErrorDetail(string='access', code='token_not_valid'), 'message': ErrorDetail(string='Token is expired', code='token_not_valid')}]}
Internal Server Error: /api/v1/carts/get-cart/
IP: 127.0.0.1 | Exception: {'detail': ErrorDetail(string='Given token not valid for any token type', code='token_not_valid'), 'code': ErrorDetail(string='token_not_valid', code='token_not_valid'), 'messages': [{'token_class': ErrorDetail(string='AccessToken', code='token_not_valid'), 'token_type': ErrorDetail(string='access', code='token_not_valid'), 'message': ErrorDetail(string='Token is expired', code='token_not_valid')}]} | View: <apps.orders.api.v1.views.cart.CartViewSet object at 0x000001F64C4D8E60> | Method: GET | Path: /api/v1/carts/get-cart/
Traceback (most recent call last):
  File "E:\Training\next_js_task\Django_REST\Food_Delivery_System_Task\food_delivery_system_backend\env_task\Lib\site-packages\rest_framework\views.py", line 503, in dispatch
    self.initial(request, *args, **kwargs)
  File "E:\Training\next_js_task\Django_REST\Food_Delivery_System_Task\food_delivery_system_backend\env_task\Lib\site-packages\rest_framework\views.py", line 420, in initial
    self.perform_authentication(request)
  File "E:\Training\next_js_task\Django_REST\Food_Delivery_System_Task\food_delivery_system_backend\env_task\Lib\site-packages\rest_framework\views.py", line 330, in perform_authentication
    request.user
  File "E:\Training\next_js_task\Django_REST\Food_Delivery_System_Task\food_delivery_system_backend\env_task\Lib\site-packages\rest_framework\request.py", line 232, in user
    self._authenticate()
  File "E:\Training\next_js_task\Django_REST\Food_Delivery_System_Task\food_delivery_system_backend\env_task\Lib\site-packages\rest_framework\request.py", line 385, in _authenticate
    user_auth_tuple = authenticator.authenticate(self)
                      ^^^^^^^^^^^^^^^^^^^^^^^^^^^^^^^^
  File "E:\Training\next_js_task\Django_REST\Food_Delivery_System_Task\food_delivery_system_backend\env_task\Lib\site-packages\rest_framework_simplejwt\authentication.py", line 49, in authenticate
    validated_token = self.get_validated_token(raw_token)
                      ^^^^^^^^^^^^^^^^^^^^^^^^^^^^^^^^^^^
  File "E:\Training\next_js_task\Django_REST\Food_Delivery_System_Task\food_delivery_system_backend\env_task\Lib\site-packages\rest_framework_simplejwt\authentication.py", line 113, in get_validated_token
    raise InvalidToken(
rest_framework_simplejwt.exceptions.InvalidToken: {'detail': ErrorDetail(string='Given token not valid for any token type', code='token_not_valid'), 'code': ErrorDetail(string='token_not_valid', code='token_not_valid'), 'messages': [{'token_class': ErrorDetail(string='AccessToken', code='token_not_valid'), 'token_type': ErrorDetail(string='access', code='token_not_valid'), 'message': ErrorDetail(string='Token is expired', code='token_not_valid')}]}
Internal Server Error: /api/v1/carts/get-cart/
IP: 127.0.0.1 | Exception: {'detail': ErrorDetail(string='Given token not valid for any token type', code='token_not_valid'), 'code': ErrorDetail(string='token_not_valid', code='token_not_valid'), 'messages': [{'token_class': ErrorDetail(string='AccessToken', code='token_not_valid'), 'token_type': ErrorDetail(string='access', code='token_not_valid'), 'message': ErrorDetail(string='Token is expired', code='token_not_valid')}]} | View: <apps.restaurants.api.v1.views.restaurant.RestaurantProfileViewSet object at 0x000001F64C2EE720> | Method: GET | Path: /api/v1/restaurants/
Traceback (most recent call last):
  File "E:\Training\next_js_task\Django_REST\Food_Delivery_System_Task\food_delivery_system_backend\env_task\Lib\site-packages\rest_framework\views.py", line 503, in dispatch
    self.initial(request, *args, **kwargs)
  File "E:\Training\next_js_task\Django_REST\Food_Delivery_System_Task\food_delivery_system_backend\env_task\Lib\site-packages\rest_framework\views.py", line 420, in initial
    self.perform_authentication(request)
  File "E:\Training\next_js_task\Django_REST\Food_Delivery_System_Task\food_delivery_system_backend\env_task\Lib\site-packages\rest_framework\views.py", line 330, in perform_authentication
    request.user
  File "E:\Training\next_js_task\Django_REST\Food_Delivery_System_Task\food_delivery_system_backend\env_task\Lib\site-packages\rest_framework\request.py", line 232, in user
    self._authenticate()
  File "E:\Training\next_js_task\Django_REST\Food_Delivery_System_Task\food_delivery_system_backend\env_task\Lib\site-packages\rest_framework\request.py", line 385, in _authenticate
    user_auth_tuple = authenticator.authenticate(self)
                      ^^^^^^^^^^^^^^^^^^^^^^^^^^^^^^^^
  File "E:\Training\next_js_task\Django_REST\Food_Delivery_System_Task\food_delivery_system_backend\env_task\Lib\site-packages\rest_framework_simplejwt\authentication.py", line 49, in authenticate
    validated_token = self.get_validated_token(raw_token)
                      ^^^^^^^^^^^^^^^^^^^^^^^^^^^^^^^^^^^
  File "E:\Training\next_js_task\Django_REST\Food_Delivery_System_Task\food_delivery_system_backend\env_task\Lib\site-packages\rest_framework_simplejwt\authentication.py", line 113, in get_validated_token
    raise InvalidToken(
rest_framework_simplejwt.exceptions.InvalidToken: {'detail': ErrorDetail(string='Given token not valid for any token type', code='token_not_valid'), 'code': ErrorDetail(string='token_not_valid', code='token_not_valid'), 'messages': [{'token_class': ErrorDetail(string='AccessToken', code='token_not_valid'), 'token_type': ErrorDetail(string='access', code='token_not_valid'), 'message': ErrorDetail(string='Token is expired', code='token_not_valid')}]}
Internal Server Error: /api/v1/restaurants/
IP: 127.0.0.1 | Exception: {'detail': ErrorDetail(string='Given token not valid for any token type', code='token_not_valid'), 'code': ErrorDetail(string='token_not_valid', code='token_not_valid'), 'messages': [{'token_class': ErrorDetail(string='AccessToken', code='token_not_valid'), 'token_type': ErrorDetail(string='access', code='token_not_valid'), 'message': ErrorDetail(string='Token is expired', code='token_not_valid')}]} | View: <apps.restaurants.api.v1.views.restaurant.RestaurantProfileViewSet object at 0x000001F64C2ED0D0> | Method: GET | Path: /api/v1/restaurants/popular/
Traceback (most recent call last):
  File "E:\Training\next_js_task\Django_REST\Food_Delivery_System_Task\food_delivery_system_backend\env_task\Lib\site-packages\rest_framework\views.py", line 503, in dispatch
    self.initial(request, *args, **kwargs)
  File "E:\Training\next_js_task\Django_REST\Food_Delivery_System_Task\food_delivery_system_backend\env_task\Lib\site-packages\rest_framework\views.py", line 420, in initial
    self.perform_authentication(request)
  File "E:\Training\next_js_task\Django_REST\Food_Delivery_System_Task\food_delivery_system_backend\env_task\Lib\site-packages\rest_framework\views.py", line 330, in perform_authentication
    request.user
  File "E:\Training\next_js_task\Django_REST\Food_Delivery_System_Task\food_delivery_system_backend\env_task\Lib\site-packages\rest_framework\request.py", line 232, in user
    self._authenticate()
  File "E:\Training\next_js_task\Django_REST\Food_Delivery_System_Task\food_delivery_system_backend\env_task\Lib\site-packages\rest_framework\request.py", line 385, in _authenticate
    user_auth_tuple = authenticator.authenticate(self)
                      ^^^^^^^^^^^^^^^^^^^^^^^^^^^^^^^^
  File "E:\Training\next_js_task\Django_REST\Food_Delivery_System_Task\food_delivery_system_backend\env_task\Lib\site-packages\rest_framework_simplejwt\authentication.py", line 49, in authenticate
    validated_token = self.get_validated_token(raw_token)
                      ^^^^^^^^^^^^^^^^^^^^^^^^^^^^^^^^^^^
  File "E:\Training\next_js_task\Django_REST\Food_Delivery_System_Task\food_delivery_system_backend\env_task\Lib\site-packages\rest_framework_simplejwt\authentication.py", line 113, in get_validated_token
    raise InvalidToken(
rest_framework_simplejwt.exceptions.InvalidToken: {'detail': ErrorDetail(string='Given token not valid for any token type', code='token_not_valid'), 'code': ErrorDetail(string='token_not_valid', code='token_not_valid'), 'messages': [{'token_class': ErrorDetail(string='AccessToken', code='token_not_valid'), 'token_type': ErrorDetail(string='access', code='token_not_valid'), 'message': ErrorDetail(string='Token is expired', code='token_not_valid')}]}
Internal Server Error: /api/v1/restaurants/popular/
IP: 127.0.0.1 | Exception: Authentication credentials were not provided. | View: <apps.orders.api.v1.views.cart.CartViewSet object at 0x000001F64C0CD6A0> | Method: GET | Path: /api/v1/carts/get-cart/
Traceback (most recent call last):
  File "E:\Training\next_js_task\Django_REST\Food_Delivery_System_Task\food_delivery_system_backend\env_task\Lib\site-packages\rest_framework\views.py", line 503, in dispatch
    self.initial(request, *args, **kwargs)
  File "E:\Training\next_js_task\Django_REST\Food_Delivery_System_Task\food_delivery_system_backend\env_task\Lib\site-packages\rest_framework\views.py", line 421, in initial
    self.check_permissions(request)
  File "E:\Training\next_js_task\Django_REST\Food_Delivery_System_Task\food_delivery_system_backend\env_task\Lib\site-packages\rest_framework\views.py", line 339, in check_permissions
    self.permission_denied(
  File "E:\Training\next_js_task\Django_REST\Food_Delivery_System_Task\food_delivery_system_backend\env_task\Lib\site-packages\rest_framework\views.py", line 180, in permission_denied
    raise exceptions.NotAuthenticated()
rest_framework.exceptions.NotAuthenticated: Authentication credentials were not provided.
Internal Server Error: /api/v1/carts/get-cart/
IP: 127.0.0.1 | Exception: Authentication credentials were not provided. | View: <apps.orders.api.v1.views.cart.CartViewSet object at 0x000001F64C3E4200> | Method: GET | Path: /api/v1/carts/get-cart/
Traceback (most recent call last):
  File "E:\Training\next_js_task\Django_REST\Food_Delivery_System_Task\food_delivery_system_backend\env_task\Lib\site-packages\rest_framework\views.py", line 503, in dispatch
    self.initial(request, *args, **kwargs)
  File "E:\Training\next_js_task\Django_REST\Food_Delivery_System_Task\food_delivery_system_backend\env_task\Lib\site-packages\rest_framework\views.py", line 421, in initial
    self.check_permissions(request)
  File "E:\Training\next_js_task\Django_REST\Food_Delivery_System_Task\food_delivery_system_backend\env_task\Lib\site-packages\rest_framework\views.py", line 339, in check_permissions
    self.permission_denied(
  File "E:\Training\next_js_task\Django_REST\Food_Delivery_System_Task\food_delivery_system_backend\env_task\Lib\site-packages\rest_framework\views.py", line 180, in permission_denied
    raise exceptions.NotAuthenticated()
rest_framework.exceptions.NotAuthenticated: Authentication credentials were not provided.
Internal Server Error: /api/v1/carts/get-cart/
IP: 127.0.0.1 | Exception: Authentication credentials were not provided. | View: <apps.orders.api.v1.views.cart.CartViewSet object at 0x000001F64C122FC0> | Method: GET | Path: /api/v1/carts/get-cart/
Traceback (most recent call last):
  File "E:\Training\next_js_task\Django_REST\Food_Delivery_System_Task\food_delivery_system_backend\env_task\Lib\site-packages\rest_framework\views.py", line 503, in dispatch
    self.initial(request, *args, **kwargs)
  File "E:\Training\next_js_task\Django_REST\Food_Delivery_System_Task\food_delivery_system_backend\env_task\Lib\site-packages\rest_framework\views.py", line 421, in initial
    self.check_permissions(request)
  File "E:\Training\next_js_task\Django_REST\Food_Delivery_System_Task\food_delivery_system_backend\env_task\Lib\site-packages\rest_framework\views.py", line 339, in check_permissions
    self.permission_denied(
  File "E:\Training\next_js_task\Django_REST\Food_Delivery_System_Task\food_delivery_system_backend\env_task\Lib\site-packages\rest_framework\views.py", line 180, in permission_denied
    raise exceptions.NotAuthenticated()
rest_framework.exceptions.NotAuthenticated: Authentication credentials were not provided.
Internal Server Error: /api/v1/carts/get-cart/
Watching for file changes with StatReloader
IP: 127.0.0.1 | Exception: Authentication credentials were not provided. | View: <apps.orders.api.v1.views.cart.CartViewSet object at 0x000002CAEE731370> | Method: GET | Path: /api/v1/carts/get-cart/
Traceback (most recent call last):
  File "E:\Training\next_js_task\Django_REST\Food_Delivery_System_Task\food_delivery_system_backend\env_task\Lib\site-packages\rest_framework\views.py", line 503, in dispatch
    self.initial(request, *args, **kwargs)
  File "E:\Training\next_js_task\Django_REST\Food_Delivery_System_Task\food_delivery_system_backend\env_task\Lib\site-packages\rest_framework\views.py", line 421, in initial
    self.check_permissions(request)
  File "E:\Training\next_js_task\Django_REST\Food_Delivery_System_Task\food_delivery_system_backend\env_task\Lib\site-packages\rest_framework\views.py", line 339, in check_permissions
    self.permission_denied(
  File "E:\Training\next_js_task\Django_REST\Food_Delivery_System_Task\food_delivery_system_backend\env_task\Lib\site-packages\rest_framework\views.py", line 180, in permission_denied
    raise exceptions.NotAuthenticated()
rest_framework.exceptions.NotAuthenticated: Authentication credentials were not provided.
Internal Server Error: /api/v1/carts/get-cart/
IP: 127.0.0.1 | Exception: Authentication credentials were not provided. | View: <apps.orders.api.v1.views.cart.CartViewSet object at 0x000002CAEEA1C9E0> | Method: GET | Path: /api/v1/carts/get-cart/
Traceback (most recent call last):
  File "E:\Training\next_js_task\Django_REST\Food_Delivery_System_Task\food_delivery_system_backend\env_task\Lib\site-packages\rest_framework\views.py", line 503, in dispatch
    self.initial(request, *args, **kwargs)
  File "E:\Training\next_js_task\Django_REST\Food_Delivery_System_Task\food_delivery_system_backend\env_task\Lib\site-packages\rest_framework\views.py", line 421, in initial
    self.check_permissions(request)
  File "E:\Training\next_js_task\Django_REST\Food_Delivery_System_Task\food_delivery_system_backend\env_task\Lib\site-packages\rest_framework\views.py", line 339, in check_permissions
    self.permission_denied(
  File "E:\Training\next_js_task\Django_REST\Food_Delivery_System_Task\food_delivery_system_backend\env_task\Lib\site-packages\rest_framework\views.py", line 180, in permission_denied
    raise exceptions.NotAuthenticated()
rest_framework.exceptions.NotAuthenticated: Authentication credentials were not provided.
Internal Server Error: /api/v1/carts/get-cart/
IP: 127.0.0.1 | Exception: Authentication credentials were not provided. | View: <apps.orders.api.v1.views.cart.CartViewSet object at 0x000002CAEEA15CA0> | Method: GET | Path: /api/v1/carts/get-cart/
Traceback (most recent call last):
  File "E:\Training\next_js_task\Django_REST\Food_Delivery_System_Task\food_delivery_system_backend\env_task\Lib\site-packages\rest_framework\views.py", line 503, in dispatch
    self.initial(request, *args, **kwargs)
  File "E:\Training\next_js_task\Django_REST\Food_Delivery_System_Task\food_delivery_system_backend\env_task\Lib\site-packages\rest_framework\views.py", line 421, in initial
    self.check_permissions(request)
  File "E:\Training\next_js_task\Django_REST\Food_Delivery_System_Task\food_delivery_system_backend\env_task\Lib\site-packages\rest_framework\views.py", line 339, in check_permissions
    self.permission_denied(
  File "E:\Training\next_js_task\Django_REST\Food_Delivery_System_Task\food_delivery_system_backend\env_task\Lib\site-packages\rest_framework\views.py", line 180, in permission_denied
    raise exceptions.NotAuthenticated()
rest_framework.exceptions.NotAuthenticated: Authentication credentials were not provided.
Internal Server Error: /api/v1/carts/get-cart/
IP: 127.0.0.1 | Exception: Authentication credentials were not provided. | View: <apps.orders.api.v1.views.cart.CartViewSet object at 0x000002CAEEA17530> | Method: GET | Path: /api/v1/carts/get-cart/
Traceback (most recent call last):
  File "E:\Training\next_js_task\Django_REST\Food_Delivery_System_Task\food_delivery_system_backend\env_task\Lib\site-packages\rest_framework\views.py", line 503, in dispatch
    self.initial(request, *args, **kwargs)
  File "E:\Training\next_js_task\Django_REST\Food_Delivery_System_Task\food_delivery_system_backend\env_task\Lib\site-packages\rest_framework\views.py", line 421, in initial
    self.check_permissions(request)
  File "E:\Training\next_js_task\Django_REST\Food_Delivery_System_Task\food_delivery_system_backend\env_task\Lib\site-packages\rest_framework\views.py", line 339, in check_permissions
    self.permission_denied(
  File "E:\Training\next_js_task\Django_REST\Food_Delivery_System_Task\food_delivery_system_backend\env_task\Lib\site-packages\rest_framework\views.py", line 180, in permission_denied
    raise exceptions.NotAuthenticated()
rest_framework.exceptions.NotAuthenticated: Authentication credentials were not provided.
Internal Server Error: /api/v1/carts/get-cart/
IP: 127.0.0.1 | Exception: Authentication credentials were not provided. | View: <apps.orders.api.v1.views.cart.CartViewSet object at 0x000002CAEEB95730> | Method: GET | Path: /api/v1/carts/get-cart/
Traceback (most recent call last):
  File "E:\Training\next_js_task\Django_REST\Food_Delivery_System_Task\food_delivery_system_backend\env_task\Lib\site-packages\rest_framework\views.py", line 503, in dispatch
    self.initial(request, *args, **kwargs)
  File "E:\Training\next_js_task\Django_REST\Food_Delivery_System_Task\food_delivery_system_backend\env_task\Lib\site-packages\rest_framework\views.py", line 421, in initial
    self.check_permissions(request)
  File "E:\Training\next_js_task\Django_REST\Food_Delivery_System_Task\food_delivery_system_backend\env_task\Lib\site-packages\rest_framework\views.py", line 339, in check_permissions
    self.permission_denied(
  File "E:\Training\next_js_task\Django_REST\Food_Delivery_System_Task\food_delivery_system_backend\env_task\Lib\site-packages\rest_framework\views.py", line 180, in permission_denied
    raise exceptions.NotAuthenticated()
rest_framework.exceptions.NotAuthenticated: Authentication credentials were not provided.
Internal Server Error: /api/v1/carts/get-cart/
IP: 127.0.0.1 | Exception: Authentication credentials were not provided. | View: <apps.orders.api.v1.views.cart.CartViewSet object at 0x000002CAEEB973E0> | Method: GET | Path: /api/v1/carts/get-cart/
Traceback (most recent call last):
  File "E:\Training\next_js_task\Django_REST\Food_Delivery_System_Task\food_delivery_system_backend\env_task\Lib\site-packages\rest_framework\views.py", line 503, in dispatch
    self.initial(request, *args, **kwargs)
  File "E:\Training\next_js_task\Django_REST\Food_Delivery_System_Task\food_delivery_system_backend\env_task\Lib\site-packages\rest_framework\views.py", line 421, in initial
    self.check_permissions(request)
  File "E:\Training\next_js_task\Django_REST\Food_Delivery_System_Task\food_delivery_system_backend\env_task\Lib\site-packages\rest_framework\views.py", line 339, in check_permissions
    self.permission_denied(
  File "E:\Training\next_js_task\Django_REST\Food_Delivery_System_Task\food_delivery_system_backend\env_task\Lib\site-packages\rest_framework\views.py", line 180, in permission_denied
    raise exceptions.NotAuthenticated()
rest_framework.exceptions.NotAuthenticated: Authentication credentials were not provided.
Internal Server Error: /api/v1/carts/get-cart/
IP: 127.0.0.1 | Exception: Authentication credentials were not provided. | View: <apps.orders.api.v1.views.cart.CartViewSet object at 0x000002CAEE7F9DF0> | Method: GET | Path: /api/v1/carts/get-cart/
Traceback (most recent call last):
  File "E:\Training\next_js_task\Django_REST\Food_Delivery_System_Task\food_delivery_system_backend\env_task\Lib\site-packages\rest_framework\views.py", line 503, in dispatch
    self.initial(request, *args, **kwargs)
  File "E:\Training\next_js_task\Django_REST\Food_Delivery_System_Task\food_delivery_system_backend\env_task\Lib\site-packages\rest_framework\views.py", line 421, in initial
    self.check_permissions(request)
  File "E:\Training\next_js_task\Django_REST\Food_Delivery_System_Task\food_delivery_system_backend\env_task\Lib\site-packages\rest_framework\views.py", line 339, in check_permissions
    self.permission_denied(
  File "E:\Training\next_js_task\Django_REST\Food_Delivery_System_Task\food_delivery_system_backend\env_task\Lib\site-packages\rest_framework\views.py", line 180, in permission_denied
    raise exceptions.NotAuthenticated()
rest_framework.exceptions.NotAuthenticated: Authentication credentials were not provided.
Internal Server Error: /api/v1/carts/get-cart/
IP: 127.0.0.1 | Exception: Authentication credentials were not provided. | View: <apps.orders.api.v1.views.cart.CartViewSet object at 0x000002CAEEB35F70> | Method: POST | Path: /api/v1/carts/add-to-cart/
Traceback (most recent call last):
  File "E:\Training\next_js_task\Django_REST\Food_Delivery_System_Task\food_delivery_system_backend\env_task\Lib\site-packages\rest_framework\views.py", line 503, in dispatch
    self.initial(request, *args, **kwargs)
  File "E:\Training\next_js_task\Django_REST\Food_Delivery_System_Task\food_delivery_system_backend\env_task\Lib\site-packages\rest_framework\views.py", line 421, in initial
    self.check_permissions(request)
  File "E:\Training\next_js_task\Django_REST\Food_Delivery_System_Task\food_delivery_system_backend\env_task\Lib\site-packages\rest_framework\views.py", line 339, in check_permissions
    self.permission_denied(
  File "E:\Training\next_js_task\Django_REST\Food_Delivery_System_Task\food_delivery_system_backend\env_task\Lib\site-packages\rest_framework\views.py", line 180, in permission_denied
    raise exceptions.NotAuthenticated()
rest_framework.exceptions.NotAuthenticated: Authentication credentials were not provided.
Internal Server Error: /api/v1/carts/add-to-cart/
IP: 127.0.0.1 | Exception: Authentication credentials were not provided. | View: <apps.orders.api.v1.views.cart.CartViewSet object at 0x000002CAEE862B40> | Method: GET | Path: /api/v1/carts/get-cart/
Traceback (most recent call last):
  File "E:\Training\next_js_task\Django_REST\Food_Delivery_System_Task\food_delivery_system_backend\env_task\Lib\site-packages\rest_framework\views.py", line 503, in dispatch
    self.initial(request, *args, **kwargs)
  File "E:\Training\next_js_task\Django_REST\Food_Delivery_System_Task\food_delivery_system_backend\env_task\Lib\site-packages\rest_framework\views.py", line 421, in initial
    self.check_permissions(request)
  File "E:\Training\next_js_task\Django_REST\Food_Delivery_System_Task\food_delivery_system_backend\env_task\Lib\site-packages\rest_framework\views.py", line 339, in check_permissions
    self.permission_denied(
  File "E:\Training\next_js_task\Django_REST\Food_Delivery_System_Task\food_delivery_system_backend\env_task\Lib\site-packages\rest_framework\views.py", line 180, in permission_denied
    raise exceptions.NotAuthenticated()
rest_framework.exceptions.NotAuthenticated: Authentication credentials were not provided.
Internal Server Error: /api/v1/carts/get-cart/
IP: 127.0.0.1 | Exception: Authentication credentials were not provided. | View: <apps.orders.api.v1.views.cart.CartViewSet object at 0x000002CAEE8C72F0> | Method: GET | Path: /api/v1/carts/get-cart/
Traceback (most recent call last):
  File "E:\Training\next_js_task\Django_REST\Food_Delivery_System_Task\food_delivery_system_backend\env_task\Lib\site-packages\rest_framework\views.py", line 503, in dispatch
    self.initial(request, *args, **kwargs)
  File "E:\Training\next_js_task\Django_REST\Food_Delivery_System_Task\food_delivery_system_backend\env_task\Lib\site-packages\rest_framework\views.py", line 421, in initial
    self.check_permissions(request)
  File "E:\Training\next_js_task\Django_REST\Food_Delivery_System_Task\food_delivery_system_backend\env_task\Lib\site-packages\rest_framework\views.py", line 339, in check_permissions
    self.permission_denied(
  File "E:\Training\next_js_task\Django_REST\Food_Delivery_System_Task\food_delivery_system_backend\env_task\Lib\site-packages\rest_framework\views.py", line 180, in permission_denied
    raise exceptions.NotAuthenticated()
rest_framework.exceptions.NotAuthenticated: Authentication credentials were not provided.
Internal Server Error: /api/v1/carts/get-cart/
Watching for file changes with StatReloader
IP: 127.0.0.1 | Exception: Authentication credentials were not provided. | View: <apps.orders.api.v1.views.cart.CartViewSet object at 0x000002738434D400> | Method: GET | Path: /api/v1/carts/get-cart/
Traceback (most recent call last):
  File "E:\Training\next_js_task\Django_REST\Food_Delivery_System_Task\food_delivery_system_backend\env_task\Lib\site-packages\rest_framework\views.py", line 503, in dispatch
    self.initial(request, *args, **kwargs)
  File "E:\Training\next_js_task\Django_REST\Food_Delivery_System_Task\food_delivery_system_backend\env_task\Lib\site-packages\rest_framework\views.py", line 421, in initial
    self.check_permissions(request)
  File "E:\Training\next_js_task\Django_REST\Food_Delivery_System_Task\food_delivery_system_backend\env_task\Lib\site-packages\rest_framework\views.py", line 339, in check_permissions
    self.permission_denied(
  File "E:\Training\next_js_task\Django_REST\Food_Delivery_System_Task\food_delivery_system_backend\env_task\Lib\site-packages\rest_framework\views.py", line 180, in permission_denied
    raise exceptions.NotAuthenticated()
rest_framework.exceptions.NotAuthenticated: Authentication credentials were not provided.
Internal Server Error: /api/v1/carts/get-cart/
Watching for file changes with StatReloader
